crash_id,vehicle_id
1,v1
2,v1
3,v1
4,v1
5,v1
6,v1
7,v1
8,v1
9,v1
10,v1
11,v1
12,v2
13,v1
14,v1
15,v2
16,v1
17,v1
18,v1
19,v1
20,v1
21,v3
22,v1
23,v1
24,v1
25,v1
26,v1
27,v1
28,v1
29,v1
30,v1
31,v4
32,v1
33,v1
34,v1
35,v1
36,v2
37,v1
38,v1
39,v1
40,v1
41,v1
42,v1
43,v1
44,v1
45,v1
46,v1
47,v1
48,v1
49,v1
50,v1
51,v1
52,v1
53,v1
54,v1
55,v1
56,v2
57,v1
58,v1
59,v2
60,v1
61,v1
62,v1
63,v1
64,v5
65,v6
66,v2
67,v1
68,v1
69,v1
70,v1
71,v1
72,v2
73,v1
74,v1
75,v1
76,v1
77,v1
78,v1
79,v1
80,v1
81,v1
82,v1
83,v1
84,v1
85,v1
86,v1
87,v1
88,v1
89,v1
90,v2
91,v1
92,v1
93,v1
94,v1
95,v1
96,v1
97,v1
98,v1
99,v1
100,v2
101,v1
102,v1
103,v1
104,v1
105,v1
106,v1
107,v1
108,v1
109,v1
110,v6
111,v1
112,v1
113,v1
114,v1
115,v1
116,v1
117,v1
118,v1
119,v2
120,v2
121,v1
122,v5
123,v1
124,v1
125,v1
126,v1
127,v1
128,v1
129,v1
130,v1
131,v1
132,v5
133,v5
134,v1
135,v1
136,v1
137,v1
138,v1
139,v6
140,v2
141,v1
142,v1
143,v4
144,v1
145,v2
146,v2
147,v1
148,v1
149,v1
150,v1
151,v1
152,v2
153,v4
154,v1
155,v1
156,v1
157,v1
158,v1
159,v1
160,v1
161,v2
162,v2
163,v4
164,v2
165,v1
166,v2
167,v4
168,v4
169,v1
170,v1
171,v1
172,v1
173,v2
174,v1
175,v1
176,v1
177,v1
178,v1
179,v1
180,v1
181,v1
182,v4
183,v1
184,v1
185,v1
186,v1
187,v1
188,v2
189,v1
190,v1
191,v1
192,v2
193,v1
194,v1
195,v4
196,v1
197,v1
198,v1
199,v1
200,v1
201,v1
202,v1
203,v1
204,v1
205,v1
206,v1
207,v1
208,v1
209,v1
210,v1
211,v1
212,v1
213,v1
214,v1
215,v1
216,v1
217,v1
218,v1
219,v1
220,v1
221,v1
222,v1
223,v1
224,v1
225,v6
226,v6
227,v1
228,v1
229,v1
230,v1
231,v1
232,v1
233,v1
234,v1
235,v1
236,v1
237,v1
238,v1
239,v1
240,v1
241,v1
242,v1
243,v1
244,v1
245,v1
246,v1
247,v1
248,v1
249,v1
250,v1
251,v1
252,v1
253,v1
254,v1
255,v1
256,v1
257,v1
258,v4
259,v1
260,v1
261,v6
262,v1
263,v1
264,v1
265,v1
266,v1
267,v1
268,v1
269,v1
270,v1
271,v1
272,v1
273,v1
274,v1
275,v1
276,v1
277,v1
278,v1
279,v1
280,v1
281,v1
282,v1
283,v1
284,v1
285,v1
286,v1
287,v1
288,v1
289,v1
290,v1
291,v1
292,v1
293,v1
294,v1
295,v1
296,v1
297,v1
298,v1
299,v4
300,v1
301,v1
302,v1
303,v1
304,v1
305,v1
306,v2
307,v1
308,v1
309,v1
310,v1
311,v1
312,v1
313,v4
314,v1
315,v1
316,v1
317,v1
318,v1
319,v1
320,v1
321,v1
322,v1
323,v1
324,v1
325,v2
326,v1
327,v1
328,v1
329,v1
330,v1
331,v1
332,v1
333,v1
334,v5
335,v1
336,v1
337,v1
338,v1
339,v1
340,v1
341,v1
342,v1
343,v4
344,v4
345,v1
346,v1
347,v1
348,v1
349,v1
350,v1
351,v1
352,v1
353,v1
354,v1
355,v1
356,v1
357,v1
358,v1
359,v1
360,v1
361,v1
362,v1
363,v1
364,v1
365,v1
366,v1
367,v1
368,v1
369,v1
370,v1
371,v1
372,v1
373,v1
374,v1
375,v1
376,v1
377,v1
378,v4
379,v4
380,v1
381,v1
382,v1
383,v1
384,v1
385,v2
386,v1
387,v4
388,v1
389,v1
390,v1
391,v1
392,v1
393,v1
394,v1
395,v4
396,v2
397,v1
398,v1
399,v1
400,v1
401,v1
402,v1
403,v1
404,v1
405,v1
406,v1
407,v1
408,v4
409,v1
410,v1
411,v1
412,v1
413,v5
414,v2
415,v1
416,v1
417,v4
418,v1
419,v1
420,v1
421,v1
422,v2
423,v2
424,v1
425,v1
426,v1
427,v1
428,v1
429,v2
430,v1
431,v1
432,v1
433,v1
434,v1
435,v1
436,v1
437,v1
438,v1
439,v1
440,v4
441,v1
442,v1
443,v1
444,v1
445,v1
446,v1
447,v1
448,v1
449,v1
450,v1
451,v1
452,v1
453,v1
454,v1
455,v1
456,v1
457,v2
458,v1
459,v1
460,v4
461,v1
462,v1
463,v1
464,v1
465,v2
466,v2
467,v1
468,v1
469,v1
470,v1
471,v1
472,v6
473,v1
474,v1
475,v1
476,v1
477,v1
478,v2
479,v1
480,v2
481,v2
482,v1
483,v1
484,v1
485,v2
486,v1
487,v1
488,v2
489,v1
490,v1
491,v1
492,v1
493,v4
494,v1
495,v1
496,v1
497,v1
498,v1
499,v1
500,v1
501,v1
502,v1
503,v1
504,v1
505,v1
506,v1
507,v6
508,v1
509,v1
510,v1
511,v1
512,v1
513,v1
514,v1
515,v1
516,v1
517,v1
518,v1
519,v1
520,v1
521,v5
522,v1
523,v1
524,v1
525,v1
526,v1
527,v1
528,v1
529,v1
530,v1
531,v1
532,v1
533,v6
534,v6
535,v6
536,v1
537,v1
538,v2
539,v1
540,v1
541,v1
542,v1
543,v1
544,v1
545,v1
546,v1
547,v1
548,v1
549,v1
550,v1
551,v2
552,v1
553,v1
554,v1
555,v1
556,v1
557,v4
558,v2
559,v1
560,v4
561,v1
562,v1
563,v1
564,v1
565,v1
566,v1
567,v1
568,v1
569,v1
570,v1
571,v1
572,v4
573,v1
574,v1
575,v1
576,v1
577,v1
578,v1
579,v1
580,v1
581,v1
582,v1
583,v1
584,v1
585,v1
586,v1
587,v1
588,v1
589,v1
590,v1
591,v1
592,v1
593,v1
594,v1
595,v1
596,v1
597,v1
598,v1
599,v1
600,v1
601,v2
602,v2
603,v2
604,v2
605,v1
606,v1
607,v2
608,v1
609,v1
610,v1
611,v4
612,v1
613,v1
614,v1
615,v2
616,v1
617,v1
618,v1
619,v1
620,v1
621,v1
622,v1
623,v1
624,v1
625,v1
626,v1
627,v1
628,v1
629,v1
630,v1
631,v1
632,v1
633,v1
634,v1
635,v1
636,v1
637,v1
638,v1
639,v1
640,v1
641,v1
642,v1
643,v1
644,v1
645,v1
646,v4
647,v1
648,v1
649,v1
650,v1
651,v1
652,v1
653,v1
654,v1
655,v1
656,v1
657,v1
658,v2
659,v2
660,v4
661,v1
662,v4
663,v1
664,v1
665,v1
666,v1
667,v1
668,v4
669,v1
670,v1
671,v1
672,v1
673,v1
674,v1
675,v1
676,v1
677,v6
678,v6
679,v1
680,v1
681,v1
682,v1
683,v1
684,v1
685,v1
686,v1
687,v1
688,v1
689,v1
690,v1
691,v1
692,v1
693,v1
694,v1
695,v1
696,v1
697,v1
698,v1
699,v1
700,v1
701,v1
702,v1
703,v2
704,v2
705,v2
706,v1
707,v1
708,v4
709,v5
710,v1
711,v1
712,v1
713,v1
714,v2
715,v1
716,v1
717,v1
718,v1
719,v1
720,v1
721,v4
722,v1
723,v1
724,v2
725,v1
726,v1
727,v6
728,v1
729,v1
730,v1
731,v2
732,v1
733,v1
734,v1
735,v2
736,v1
737,v1
738,v2
739,v1
740,v1
741,v1
742,v1
743,v1
744,v1
745,v4
746,v1
747,v1
748,v1
749,v6
750,v6
751,v1
752,v1
753,v1
754,v1
755,v2
756,v2
757,v2
758,v1
759,v1
760,v1
761,v1
762,v4
763,v1
764,v1
765,v1
766,v1
767,v1
768,v1
769,v2
770,v1
771,v2
772,v1
773,v1
774,v1
775,v1
776,v1
777,v1
778,v1
779,v1
780,v1
781,v1
782,v1
783,v1
784,v1
785,v1
786,v1
787,v1
788,v1
789,v1
790,v1
791,v1
792,v1
793,v1
794,v1
795,v1
796,v1
797,v2
798,v1
799,v1
800,v1
801,v4
802,v1
803,v1
804,v1
805,v1
806,v1
807,v1
808,v1
809,v1
810,v1
811,v2
812,v4
813,v1
814,v2
815,v1
816,v1
817,v1
818,v1
819,v1
820,v1
821,v1
822,v1
823,v1
824,v1
825,v1
826,v1
827,v1
828,v1
829,v1
830,v1
831,v4
832,v1
833,v1
834,v1
835,v1
836,v1
837,v1
838,v1
839,v2
840,v1
841,v1
842,v1
843,v1
844,v4
845,v1
846,v1
847,v1
848,v1
849,v1
850,v1
851,v1
852,v1
853,v1
854,v1
855,v1
856,v1
857,v1
858,v1
859,v1
860,v1
861,v1
862,v1
863,v1
864,v1
865,v1
866,v1
867,v1
868,v1
869,v1
870,v1
871,v2
872,v2
873,v1
874,v1
875,v1
876,v1
877,v1
878,v1
879,v1
880,v1
881,v1
882,v1
883,v1
884,v1
885,v1
886,v1
887,v1
888,v2
889,v2
890,v1
891,v1
892,v4
893,v1
894,v1
895,v5
896,v1
897,v1
898,v1
899,v1
900,v1
901,v1
902,v1
903,v1
904,v2
905,v1
906,v1
907,v1
908,v4
909,v1
910,v1
911,v2
912,v1
913,v1
914,v1
915,v1
916,v1
917,v1
918,v1
919,v1
920,v1
921,v1
922,v1
923,v1
924,v2
925,v2
926,v1
927,v1
928,v1
929,v1
930,v1
931,v1
932,v1
933,v1
934,v1
935,v1
936,v1
937,v1
938,v1
939,v1
940,v1
941,v1
942,v1
943,v1
944,v1
945,v4
946,v1
947,v4
948,v1
949,v1
950,v4
951,v1
952,v1
953,v1
954,v1
955,v1
956,v1
957,v1
958,v2
959,v1
960,v1
961,v2
962,v1
963,v1
964,v1
965,v1
966,v1
967,v1
968,v1
969,v1
970,v1
971,v1
972,v1
973,v1
974,v1
975,v2
976,v1
977,v1
978,v1
979,v1
980,v1
981,v1
982,v1
983,v1
984,v1
985,v2
986,v1
987,v1
988,v1
989,v1
990,v1
991,v1
992,v2
993,v1
994,v1
995,v1
996,v2
997,v2
998,v1
999,v2
1000,v1
1001,v1
1002,v1
1003,v2
1004,v2
1005,v1
1006,v1
1007,v2
1008,v1
1009,v1
1010,v1
1011,v1
1012,v1
1013,v1
1014,v1
1015,v1
1016,v1
1017,v1
1018,v1
1019,v1
1020,v1
1021,v1
1022,v1
1023,v1
1024,v1
1025,v1
1026,v1
1027,v1
1028,v1
1029,v1
1030,v1
1031,v1
1032,v1
1033,v1
1034,v1
1035,v1
1036,v1
1037,v1
1038,v1
1039,v1
1040,v1
1041,v1
1042,v1
1043,v1
1044,v1
1045,v1
1046,v1
1047,v1
1048,v1
1049,v1
1050,v1
1051,v1
1052,v1
1053,v1
1054,v1
1055,v1
1056,v1
1057,v1
1058,v1
1059,v1
1060,v1
1061,v1
1062,v4
1063,v4
1064,v1
1065,v1
1066,v1
1067,v1
1068,v1
1069,v1
1070,v1
1071,v1
1072,v1
1073,v1
1074,v1
1075,v1
1076,v1
1077,v1
1078,v1
1079,v1
1080,v1
1081,v1
1082,v1
1083,v1
1084,v4
1085,v1
1086,v1
1087,v1
1088,v1
1089,v1
1090,v1
1091,v1
1092,v4
1093,v1
1094,v6
1095,v1
1096,v1
1097,v1
1098,v1
1099,v1
1100,v1
1101,v1
1102,v1
1103,v1
1104,v1
1105,v1
1106,v1
1107,v1
1108,v1
1109,v1
1110,v1
1111,v1
1112,v1
1113,v1
1114,v1
1115,v1
1116,v1
1117,v2
1118,v1
1119,v1
1120,v1
1121,v1
1122,v4
1123,v2
1124,v1
1125,v2
1126,v1
1127,v1
1128,v6
1129,v1
1130,v1
1131,v1
1132,v1
1133,v1
1134,v1
1135,v4
1136,v2
1137,v1
1138,v1
1139,v1
1140,v1
1141,v1
1142,v1
1143,v4
1144,v1
1145,v1
1146,v1
1147,v2
1148,v1
1149,v1
1150,v1
1151,v1
1152,v1
1153,v1
1154,v1
1155,v1
1156,v1
1157,v1
1158,v1
1159,v1
1160,v1
1161,v1
1162,v1
1163,v1
1164,v1
1165,v1
1166,v1
1167,v1
1168,v1
1169,v1
1170,v1
1171,v1
1172,v1
1173,v1
1174,v1
1175,v1
1176,v1
1177,v1
1178,v1
1179,v1
1180,v1
1181,v1
1182,v1
1183,v1
1184,v1
1185,v1
1186,v6
1187,v1
1188,v1
1189,v1
1190,v1
1191,v4
1192,v1
1193,v1
1194,v1
1195,v1
1196,v1
1197,v1
1198,v1
1199,v1
1200,v1
1201,v1
1202,v1
1203,v1
1204,v1
1205,v1
1206,v1
1207,v1
1208,v1
1209,v1
1210,v1
1211,v1
1212,v1
1213,v1
1214,v1
1215,v4
1216,v4
1217,v1
1218,v1
1219,v1
1220,v1
1221,v1
1222,v1
1223,v1
1224,v1
1225,v1
1226,v4
1227,v1
1228,v1
1229,v1
1230,v4
1231,v1
1232,v1
1233,v1
1234,v6
1235,v1
1236,v1
1237,v1
1238,v1
1239,v1
1240,v1
1241,v1
1242,v1
1243,v1
1244,v1
1245,v1
1246,v1
1247,v1
1248,v1
1249,v1
1250,v2
1251,v1
1252,v1
1253,v1
1254,v1
1255,v1
1256,v1
1257,v1
1258,v1
1259,v1
1260,v1
1261,v1
1262,v4
1263,v1
1264,v1
1265,v1
1266,v1
1267,v1
1268,v1
1269,v1
1270,v1
1271,v1
1272,v1
1273,v1
1274,v1
1275,v1
1276,v1
1277,v1
1278,v1
1279,v1
1280,v1
1281,v1
1282,v2
1283,v1
1284,v1
1285,v1
1286,v1
1287,v1
1288,v1
1289,v2
1290,v1
1291,v1
1292,v1
1293,v1
1294,v1
1295,v2
1296,v1
1297,v1
1298,v1
1299,v1
1300,v1
1301,v1
1302,v1
1303,v1
1304,v1
1305,v4
1306,v1
1307,v4
1308,v1
1309,v1
1310,v1
1311,v1
1312,v1
1313,v1
1314,v1
1315,v1
1316,v2
1317,v1
1318,v1
1319,v1
1320,v1
1321,v2
1322,v1
1323,v2
1324,v1
1325,v2
1326,v1
1327,v1
1328,v1
1329,v1
1330,v4
1331,v1
1332,v1
1333,v1
1334,v1
1335,v1
1336,v1
1337,v1
1338,v1
1339,v4
1340,v1
1341,v1
1342,v4
1343,v1
1344,v1
1345,v1
1346,v1
1347,v1
1348,v1
1349,v1
1350,v1
1351,v1
1352,v1
1353,v4
1354,v1
1355,v1
1356,v1
1357,v1
1358,v1
1359,v1
1360,v1
1361,v1
1362,v1
1363,v1
1364,v2
1365,v2
1366,v1
1367,v1
1368,v1
1369,v4
1370,v1
1371,v2
1372,v1
1373,v2
1374,v2
1375,v1
1376,v1
1377,v2
1378,v2
1379,v2
1380,v2
1381,v1
1382,v1
1383,v1
1384,v1
1385,v1
1386,v2
1387,v1
1388,v1
1389,v1
1390,v1
1391,v1
1392,v2
1393,v4
1394,v1
1395,v1
1396,v2
1397,v2
1398,v1
1399,v1
1400,v1
1401,v1
1402,v1
1403,v2
1404,v4
1405,v1
1406,v1
1407,v4
1408,v1
1409,v1
1410,v1
1411,v1
1412,v1
1413,v1
1414,v1
1415,v1
1416,v1
1417,v1
1418,v1
1419,v1
1420,v2
1421,v1
1422,v1
1423,v1
1424,v1
1425,v1
1426,v1
1427,v1
1428,v1
1429,v1
1430,v1
1431,v2
1432,v1
1433,v1
1434,v1
1435,v1
1436,v1
1437,v1
1438,v1
1439,v1
1440,v1
1441,v1
1442,v1
1443,v1
1444,v2
1445,v4
1446,v4
1447,v1
1448,v1
1449,v1
1450,v1
1451,v1
1452,v1
1453,v1
1454,v1
1455,v4
1456,v1
1457,v1
1458,v1
1459,v2
1460,v1
1461,v1
1462,v1
1463,v1
1464,v1
1465,v1
1466,v1
1467,v1
1468,v1
1469,v1
1470,v1
1471,v1
1472,v1
1473,v1
1474,v1
1475,v2
1476,v1
1477,v4
1478,v1
1479,v4
1480,v4
1481,v1
1482,v4
1483,v1
1484,v1
1485,v1
1486,v1
1487,v4
1488,v1
1489,v1
1490,v1
1491,v1
1492,v1
1493,v5
1494,v1
1495,v1
1496,v1
1497,v2
1498,v1
1499,v1
1500,v1
1501,v1
1502,v1
1503,v1
1504,v2
1505,v1
1506,v1
1507,v1
1508,v1
1509,v1
1510,v1
1511,v1
1512,v1
1513,v1
1514,v1
1515,v1
1516,v1
1517,v1
1518,v4
1519,v1
1520,v1
1521,v6
1522,v4
1523,v1
1524,v1
1525,v1
1526,v2
1527,v1
1528,v1
1529,v1
1530,v1
1531,v1
1532,v1
1533,v1
1534,v1
1535,v1
1536,v1
1537,v1
1538,v1
1539,v1
1540,v1
1541,v1
1542,v1
1543,v1
1544,v1
1545,v1
1546,v1
1547,v1
1548,v1
1549,v1
1550,v6
1551,v6
1552,v6
1553,v6
1554,v6
1555,v6
1556,v6
1557,v6
1558,v6
1559,v6
1560,v1
1561,v1
1562,v1
1563,v1
1564,v5
1565,v1
1566,v1
1567,v1
1568,v1
1569,v1
1570,v2
1571,v1
1572,v6
1573,v1
1574,v1
1575,v4
1576,v2
1577,v4
1578,v1
1579,v1
1580,v1
1581,v1
1582,v2
1583,v1
1584,v1
1585,v1
1586,v1
1587,v4
1588,v1
1589,v1
1590,v1
1591,v1
1592,v1
1593,v1
1594,v1
1595,v1
1596,v4
1597,v1
1598,v4
1599,v1
1600,v1
1601,v1
1602,v2
1603,v1
1604,v1
1605,v1
1606,v1
1607,v1
1608,v1
1609,v1
1610,v1
1611,v1
1612,v1
1613,v1
1614,v1
1615,v1
1616,v1
1617,v4
1618,v4
1619,v1
1620,v1
1621,v1
1622,v1
1623,v1
1624,v1
1625,v1
1626,v1
1627,v1
1628,v1
1629,v1
1630,v1
1631,v1
1632,v1
1633,v1
1634,v6
1635,v4
1636,v1
1637,v2
1638,v1
1639,v1
1640,v1
1641,v2
1642,v4
1643,v1
1644,v1
1645,v1
1646,v1
1647,v1
1648,v1
1649,v1
1650,v1
1651,v1
1652,v1
1653,v1
1654,v1
1655,v1
1656,v1
1657,v1
1658,v1
1659,v1
1660,v1
1661,v1
1662,v1
1663,v1
1664,v1
1665,v2
1666,v1
1667,v1
1668,v1
1669,v1
1670,v2
1671,v1
1672,v1
1673,v4
1674,v1
1675,v1
1676,v1
1677,v1
1678,v1
1679,v1
1680,v1
1681,v1
1682,v1
1683,v1
1684,v1
1685,v1
1686,v1
1687,v1
1688,v1
1689,v1
1690,v1
1691,v1
1692,v1
1693,v1
1694,v1
1695,v1
1696,v1
1697,v1
1698,v4
1699,v1
1700,v2
1701,v2
1702,v2
1703,v2
1704,v2
1705,v1
1706,v1
1707,v1
1708,v1
1709,v1
1710,v1
1711,v1
1712,v1
1713,v1
1714,v1
1715,v1
1716,v1
1717,v1
1718,v1
1719,v1
1720,v1
1721,v1
1722,v1
1723,v1
1724,v1
1725,v1
1726,v1
1727,v1
1728,v1
1729,v2
1730,v1
1731,v1
1732,v1
1733,v1
1734,v1
1735,v1
1736,v6
1737,v1
1738,v1
1739,v1
1740,v1
1741,v1
1742,v4
1743,v1
1744,v1
1745,v4
1746,v2
1747,v2
1748,v2
1749,v1
1750,v1
1751,v1
1752,v1
1753,v1
1754,v1
1755,v1
1756,v1
1757,v1
1758,v1
1759,v1
1760,v1
1761,v1
1762,v1
1763,v1
1764,v1
1765,v1
1766,v2
1767,v1
1768,v1
1769,v1
1770,v1
1771,v1
1772,v1
1773,v1
1774,v1
1775,v2
1776,v1
1777,v1
1778,v1
1779,v1
1780,v1
1781,v1
1782,v1
1783,v1
1784,v1
1785,v2
1786,v1
1787,v1
1788,v1
1789,v1
1790,v1
1791,v1
1792,v1
1793,v1
1794,v1
1795,v4
1796,v1
1797,v4
1798,v1
1799,v1
1800,v1
1801,v1
1802,v2
1803,v1
1804,v4
1805,v5
1806,v1
1807,v1
1808,v1
1809,v4
1810,v1
1811,v1
1812,v1
1813,v1
1814,v4
1815,v1
1816,v1
1817,v1
1818,v4
1819,v5
1820,v1
1821,v1
1822,v2
1823,v1
1824,v1
1825,v1
1826,v1
1827,v1
1828,v1
1829,v2
1830,v1
1831,v1
1832,v2
1833,v2
1834,v1
1835,v1
1836,v1
1837,v1
1838,v1
1839,v1
1840,v2
1841,v1
1842,v1
1843,v1
1844,v1
1845,v1
1846,v1
1847,v1
1848,v1
1849,v1
1850,v1
1851,v1
1852,v1
1853,v1
1854,v1
1855,v1
1856,v1
1857,v1
1858,v2
1859,v2
1860,v1
1861,v1
1862,v4
1863,v2
1864,v1
1865,v1
1866,v1
1867,v1
1868,v1
1869,v2
1870,v1
1871,v1
1872,v4
1873,v4
1874,v4
1875,v4
1876,v1
1877,v2
1878,v2
1879,v1
1880,v1
1881,v1
1882,v1
1883,v1
1884,v2
1885,v1
1886,v1
1887,v1
1888,v1
1889,v1
1890,v1
1891,v1
1892,v1
1893,v1
1894,v1
1895,v1
1896,v1
1897,v1
1898,v1
1899,v1
1900,v2
1901,v1
1902,v1
1903,v1
1904,v1
1905,v2
1906,v1
1907,v1
1908,v1
1909,v1
1910,v1
1911,v4
1912,v1
1913,v4
1914,v4
1915,v2
1916,v1
1917,v1
1918,v1
1919,v1
1920,v1
1921,v1
1922,v1
1923,v1
1924,v1
1925,v1
1926,v1
1927,v1
1928,v1
1929,v1
1930,v1
1931,v4
1932,v1
1933,v1
1934,v1
1935,v1
1936,v1
1937,v1
1938,v1
1939,v1
1940,v1
1941,v1
1942,v1
1943,v1
1944,v1
1945,v1
1946,v1
1947,v1
1948,v1
1949,v1
1950,v1
1951,v1
1952,v1
1953,v1
1954,v1
1955,v1
1956,v5
1957,v5
1958,v5
1959,v1
1960,v1
1961,v1
1962,v1
1963,v1
1964,v1
1965,v1
1966,v1
1967,v1
1968,v1
1969,v1
1970,v1
1971,v1
1972,v1
1973,v1
1974,v1
1975,v1
1976,v1
1977,v1
1978,v1
1979,v1
1980,v1
1981,v7
1982,v1
1983,v1
1984,v1
1985,v1
1986,v1
1987,v1
1988,v1
1989,v1
1990,v1
1991,v1
1992,v1
1993,v1
1994,v1
1995,v1
1996,v1
1997,v1
1998,v1
1999,v1
2000,v1
2001,v2
2002,v1
2003,v1
2004,v1
2005,v1
2006,v1
2007,v1
2008,v1
2009,v1
2010,v1
2011,v1
2012,v4
2013,v1
2014,v2
2015,v1
2016,v1
2017,v1
2018,v1
2019,v1
2020,v2
2021,v1
2022,v1
2023,v1
2024,v1
2025,v1
2026,v1
2027,v1
2028,v1
2029,v1
2030,v1
2031,v1
2032,v5
2033,v1
2034,v5
2035,v6
2036,v1
2037,v1
2038,v1
2039,v1
2040,v1
2041,v1
2042,v1
2043,v1
2044,v4
2045,v1
2046,v1
2047,v1
2048,v1
2049,v1
2050,v1
2051,v1
2052,v1
2053,v2
2054,v1
2055,v1
2056,v1
2057,v1
2058,v1
2059,v1
2060,v1
2061,v1
2062,v1
2063,v1
2064,v1
2065,v1
2066,v1
2067,v1
2068,v1
2069,v1
2070,v1
2071,v1
2072,v1
2073,v1
2074,v1
2075,v1
2076,v1
2077,v1
2078,v1
2079,v1
2080,v1
2081,v1
2082,v1
2083,v1
2084,v1
2085,v1
2086,v1
2087,v1
2088,v1
2089,v1
2090,v1
2091,v4
2092,v4
2093,v1
2094,v1
2095,v1
2096,v1
2097,v1
2098,v1
2099,v1
2100,v1
2101,v1
2102,v1
2103,v1
2104,v2
2105,v2
2106,v1
2107,v1
2108,v2
2109,v4
2110,v1
2111,v1
2112,v1
2113,v2
2114,v1
2115,v1
2116,v1
2117,v4
2118,v1
2119,v1
2120,v1
2121,v1
2122,v1
2123,v4
2124,v4
2125,v1
2126,v1
2127,v1
2128,v6
2129,v1
2130,v1
2131,v1
2132,v1
2133,v1
2134,v1
2135,v1
2136,v1
2137,v1
2138,v1
2139,v1
2140,v1
2141,v1
2142,v1
2143,v1
2144,v1
2145,v1
2146,v1
2147,v1
2148,v1
2149,v1
2150,v1
2151,v1
2152,v2
2153,v1
2154,v1
2155,v1
2156,v1
2157,v1
2158,v1
2159,v1
2160,v1
2161,v1
2162,v1
2163,v1
2164,v1
2165,v1
2166,v1
2167,v1
2168,v1
2169,v1
2170,v1
2171,v1
2172,v1
2173,v2
2174,v1
2175,v1
2176,v1
2177,v1
2178,v1
2179,v1
2180,v1
2181,v1
2182,v1
2183,v2
2184,v1
2185,v1
2186,v4
2187,v1
2188,v1
2189,v1
2190,v1
2191,v1
2192,v1
2193,v1
2194,v1
2195,v2
2196,v4
2197,v1
2198,v1
2199,v1
2200,v1
2201,v6
2202,v1
2203,v1
2204,v1
2205,v1
2206,v1
2207,v1
2208,v1
2209,v1
2210,v1
2211,v1
2212,v1
2213,v1
2214,v1
2215,v1
2216,v5
2217,v1
2218,v1
2219,v1
2220,v1
2221,v4
2222,v1
2223,v1
2224,v1
2225,v1
2226,v1
2227,v1
2228,v1
2229,v1
2230,v1
2231,v1
2232,v1
2233,v1
2234,v2
2235,v1
2236,v1
2237,v1
2238,v1
2239,v1
2240,v1
2241,v1
2242,v1
2243,v1
2244,v1
2245,v1
2246,v2
2247,v1
2248,v1
2249,v1
2250,v1
2251,v2
2252,v4
2253,v1
2254,v1
2255,v1
2256,v1
2257,v1
2258,v1
2259,v1
2260,v1
2261,v1
2262,v4
2263,v1
2264,v1
2265,v1
2266,v1
2267,v1
2268,v1
2269,v1
2270,v1
2271,v1
2272,v1
2273,v1
2274,v1
2275,v1
2276,v1
2277,v1
2278,v1
2279,v1
2280,v1
2281,v6
2282,v1
2283,v2
2284,v1
2285,v1
2286,v2
2287,v1
2288,v2
2289,v2
2290,v1
2291,v2
2292,v1
2293,v1
2294,v1
2295,v1
2296,v1
2297,v1
2298,v1
2299,v1
2300,v1
2301,v1
2302,v1
2303,v1
2304,v1
2305,v1
2306,v1
2307,v1
2308,v1
2309,v1
2310,v1
2311,v1
2312,v1
2313,v1
2314,v1
2315,v1
2316,v1
2317,v1
2318,v1
2319,v1
2320,v1
2321,v1
2322,v1
2323,v1
2324,v4
2325,v1
2326,v1
2327,v1
2328,v1
2329,v1
2330,v1
2331,v1
2332,v4
2333,v1
2334,v1
2335,v2
2336,v1
2337,v1
2338,v3
2339,v1
2340,v1
2341,v1
2342,v1
2343,v1
2344,v1
2345,v1
2346,v1
2347,v1
2348,v1
2349,v2
2350,v1
2351,v1
2352,v1
2353,v1
2354,v1
2355,v1
2356,v2
2357,v2
2358,v1
2359,v1
2360,v1
2361,v1
2362,v1
2363,v4
2364,v4
2365,v1
2366,v1
2367,v1
2368,v4
2369,v4
2370,v4
2371,v2
2372,v2
2373,v1
2374,v2
2375,v1
2376,v1
2377,v1
2378,v1
2379,v1
2380,v1
2381,v4
2382,v1
2383,v1
2384,v1
2385,v1
2386,v1
2387,v1
2388,v1
2389,v1
2390,v1
2391,v1
2392,v1
2393,v1
2394,v1
2395,v1
2396,v1
2397,v1
2398,v1
2399,v1
2400,v1
2401,v1
2402,v1
2403,v1
2404,v1
2405,v1
2406,v1
2407,v4
2408,v1
2409,v1
2410,v1
2411,v1
2412,v1
2413,v1
2414,v1
2415,v4
2416,v4
2417,v1
2418,v1
2419,v1
2420,v2
2421,v1
2422,v1
2423,v2
2424,v1
2425,v1
2426,v1
2427,v1
2428,v1
2429,v2
2430,v1
2431,v1
2432,v1
2433,v1
2434,v1
2435,v1
2436,v1
2437,v1
2438,v1
2439,v4
2440,v1
2441,v6
2442,v1
2443,v6
2444,v1
2445,v1
2446,v1
2447,v1
2448,v1
2449,v1
2450,v1
2451,v1
2452,v1
2453,v1
2454,v1
2455,v1
2456,v1
2457,v1
2458,v1
2459,v1
2460,v1
2461,v1
2462,v1
2463,v1
2464,v1
2465,v1
2466,v1
2467,v1
2468,v1
2469,v2
2470,v1
2471,v1
2472,v4
2473,v1
2474,v1
2475,v1
2476,v1
2477,v1
2478,v1
2479,v1
2480,v1
2481,v1
2482,v1
2483,v1
2484,v1
2485,v2
2486,v4
2487,v4
2488,v4
2489,v4
2490,v4
2491,v1
2492,v1
2493,v1
2494,v1
2495,v1
2496,v4
2497,v4
2498,v4
2499,v4
2500,v1
2501,v1
2502,v1
2503,v1
2504,v1
2505,v1
2506,v1
2507,v1
2508,v1
2509,v1
2510,v1
2511,v4
2512,v1
2513,v1
2514,v1
2515,v1
2516,v1
2517,v1
2518,v1
2519,v1
2520,v4
2521,v1
2522,v1
2523,v4
2524,v1
2525,v1
2526,v2
2527,v1
2528,v1
2529,v1
2530,v1
2531,v1
2532,v3
2533,v1
2534,v1
2535,v6
2536,v1
2537,v1
2538,v1
2539,v1
2540,v6
2541,v1
2542,v1
2543,v1
2544,v1
2545,v1
2546,v1
2547,v1
2548,v1
2549,v1
2550,v1
2551,v1
2552,v1
2553,v1
2554,v1
2555,v1
2556,v1
2557,v1
2558,v2
2559,v1
2560,v1
2561,v1
2562,v1
2563,v6
2564,v1
2565,v2
2566,v1
2567,v1
2568,v1
2569,v1
2570,v5
2571,v1
2572,v6
2573,v1
2574,v4
2575,v1
2576,v1
2577,v1
2578,v4
2579,v1
2580,v1
2581,v2
2582,v1
2583,v1
2584,v1
2585,v1
2586,v1
2587,v1
2588,v1
2589,v1
2590,v1
2591,v2
2592,v4
2593,v2
2594,v1
2595,v1
2596,v1
2597,v1
2598,v1
2599,v1
2600,v1
2601,v1
2602,v1
2603,v1
2604,v1
2605,v1
2606,v1
2607,v1
2608,v1
2609,v1
2610,v1
2611,v4
2612,v1
2613,v1
2614,v1
2615,v1
2616,v2
2617,v1
2618,v1
2619,v1
2620,v1
2621,v4
2622,v4
2623,v1
2624,v1
2625,v1
2626,v1
2627,v1
2628,v1
2629,v1
2630,v1
2631,v1
2632,v1
2633,v1
2634,v1
2635,v1
2636,v1
2637,v1
2638,v1
2639,v1
2640,v1
2641,v1
2642,v1
2643,v1
2644,v1
2645,v2
2646,v1
2647,v1
2648,v1
2649,v1
2650,v1
2651,v1
2652,v1
2653,v1
2654,v1
2655,v1
2656,v1
2657,v1
2658,v1
2659,v1
2660,v1
2661,v1
2662,v1
2663,v1
2664,v1
2665,v4
2666,v1
2667,v4
2668,v1
2669,v1
2670,v1
2671,v1
2672,v1
2673,v1
2674,v1
2675,v2
2676,v2
2677,v2
2678,v2
2679,v1
2680,v1
2681,v4
2682,v4
2683,v4
2684,v1
2685,v1
2686,v1
2687,v1
2688,v2
2689,v1
2690,v1
2691,v1
2692,v1
2693,v1
2694,v1
2695,v1
2696,v1
2697,v1
2698,v2
2699,v1
2700,v1
2701,v1
2702,v1
2703,v1
2704,v1
2705,v1
2706,v1
2707,v1
2708,v1
2709,v1
2710,v1
2711,v1
2712,v1
2713,v1
2714,v1
2715,v2
2716,v2
2717,v1
2718,v1
2719,v1
2720,v1
2721,v1
2722,v1
2723,v2
2724,v1
2725,v1
2726,v1
2727,v4
2728,v4
2729,v1
2730,v1
2731,v1
2732,v1
2733,v1
2734,v1
2735,v6
2736,v1
2737,v1
2738,v1
2739,v1
2740,v1
2741,v1
2742,v1
2743,v1
2744,v1
2745,v1
2746,v1
2747,v1
2748,v1
2749,v1
2750,v4
2751,v1
2752,v1
2753,v1
2754,v1
2755,v1
2756,v1
2757,v1
2758,v1
2759,v1
2760,v1
2761,v1
2762,v1
2763,v1
2764,v1
2765,v1
2766,v6
2767,v2
2768,v1
2769,v1
2770,v1
2771,v1
2772,v1
2773,v4
2774,v1
2775,v1
2776,v1
2777,v1
2778,v1
2779,v1
2780,v1
2781,v1
2782,v1
2783,v1
2784,v1
2785,v1
2786,v4
2787,v1
2788,v1
2789,v1
2790,v1
2791,v2
2792,v2
2793,v1
2794,v1
2795,v1
2796,v2
2797,v1
2798,v1
2799,v1
2800,v1
2801,v1
2802,v1
2803,v1
2804,v1
2805,v1
2806,v1
2807,v1
2808,v1
2809,v1
2810,v1
2811,v1
2812,v1
2813,v1
2814,v1
2815,v1
2816,v1
2817,v1
2818,v1
2819,v1
2820,v1
2821,v1
2822,v1
2823,v1
2824,v4
2825,v1
2826,v1
2827,v1
2828,v1
2829,v1
2830,v1
2831,v1
2832,v2
2833,v1
2834,v1
2835,v4
2836,v4
2837,v1
2838,v4
2839,v4
2840,v1
2841,v4
2842,v1
2843,v1
2844,v1
2845,v1
2846,v1
2847,v1
2848,v1
2849,v1
2850,v1
2851,v1
2852,v1
2853,v1
2854,v1
2855,v1
2856,v7
2857,v1
2858,v1
2859,v1
2860,v2
2861,v1
2862,v1
2863,v1
2864,v1
2865,v1
2866,v1
2867,v1
2868,v1
2869,v1
2870,v1
2871,v1
2872,v1
2873,v1
2874,v1
2875,v1
2876,v1
2877,v1
2878,v1
2879,v1
2880,v4
2881,v1
2882,v1
2883,v1
2884,v2
2885,v1
2886,v1
2887,v1
2888,v1
2889,v1
2890,v1
2891,v1
2892,v1
2893,v1
2894,v1
2895,v2
2896,v1
2897,v2
2898,v2
2899,v1
2900,v1
2901,v1
2902,v1
2903,v1
2904,v1
2905,v2
2906,v1
2907,v1
2908,v1
2909,v1
2910,v2
2911,v1
2912,v4
2913,v4
2914,v4
2915,v1
2916,v2
2917,v1
2918,v1
2919,v1
2920,v4
2921,v1
2922,v1
2923,v2
2924,v4
2925,v1
2926,v4
2927,v1
2928,v1
2929,v1
2930,v1
2931,v4
2932,v1
2933,v1
2934,v1
2935,v1
2936,v1
2937,v1
2938,v1
2939,v1
2940,v1
2941,v1
2942,v1
2943,v1
2944,v1
2945,v1
2946,v2
2947,v1
2948,v1
2949,v1
2950,v4
2951,v1
2952,v1
2953,v1
2954,v1
2955,v1
2956,v1
2957,v1
2958,v1
2959,v1
2960,v1
2961,v2
2962,v1
2963,v1
2964,v1
2965,v2
2966,v1
2967,v1
2968,v1
2969,v1
2970,v1
2971,v1
2972,v1
2973,v1
2974,v1
2975,v1
2976,v1
2977,v1
2978,v1
2979,v2
2980,v1
2981,v1
2982,v1
2983,v1
2984,v1
2985,v1
2986,v1
2987,v1
2988,v2
2989,v1
2990,v1
2991,v1
2992,v4
2993,v1
2994,v1
2995,v1
2996,v1
2997,v1
2998,v1
2999,v1
3000,v1
3001,v1
3002,v1
3003,v1
3004,v1
3005,v1
3006,v1
3007,v1
3008,v2
3009,v1
3010,v1
3011,v1
3012,v1
3013,v1
3014,v1
3015,v1
3016,v4
3017,v1
3018,v4
3019,v1
3020,v1
3021,v1
3022,v4
3023,v4
3024,v1
3025,v1
3026,v1
3027,v1
3028,v1
3029,v4
3030,v1
3031,v1
3032,v1
3033,v2
3034,v1
3035,v2
3036,v1
3037,v1
3038,v1
3039,v1
3040,v4
3041,v4
3042,v1
3043,v1
3044,v1
3045,v1
3046,v1
3047,v1
3048,v4
3049,v4
3050,v1
3051,v1
3052,v4
3053,v1
3054,v4
3055,v1
3056,v4
3057,v1
3058,v6
3059,v1
3060,v1
3061,v1
3062,v1
3063,v1
3064,v1
3065,v1
3066,v2
3067,v1
3068,v1
3069,v1
3070,v1
3071,v1
3072,v1
3073,v1
3074,v1
3075,v1
3076,v1
3077,v1
3078,v1
3079,v1
3080,v1
3081,v2
3082,v1
3083,v4
3084,v2
3085,v1
3086,v4
3087,v1
3088,v1
3089,v1
3090,v4
3091,v1
3092,v1
3093,v1
3094,v1
3095,v1
3096,v1
3097,v1
3098,v2
3099,v4
3100,v2
3101,v1
3102,v1
3103,v1
3104,v1
3105,v1
3106,v1
3107,v1
3108,v1
3109,v1
3110,v1
3111,v1
3112,v2
3113,v1
3114,v1
3115,v1
3116,v2
3117,v1
3118,v1
3119,v1
3120,v1
3121,v1
3122,v1
3123,v1
3124,v1
3125,v1
3126,v1
3127,v1
3128,v1
3129,v6
3130,v1
3131,v1
3132,v4
3133,v4
3134,v1
3135,v1
3136,v1
3137,v1
3138,v6
3139,v1
3140,v1
3141,v1
3142,v1
3143,v1
3144,v1
3145,v1
3146,v1
3147,v1
3148,v1
3149,v1
3150,v2
3151,v2
3152,v1
3153,v1
3154,v1
3155,v1
3156,v1
3157,v1
3158,v1
3159,v4
3160,v2
3161,v1
3162,v1
3163,v1
3164,v1
3165,v1
3166,v1
3167,v1
3168,v1
3169,v2
3170,v1
3171,v1
3172,v1
3173,v1
3174,v1
3175,v1
3176,v1
3177,v4
3178,v2
3179,v1
3180,v1
3181,v1
3182,v1
3183,v2
3184,v1
3185,v1
3186,v1
3187,v1
3188,v1
3189,v1
3190,v1
3191,v1
3192,v1
3193,v1
3194,v1
3195,v1
3196,v1
3197,v1
3198,v1
3199,v2
3200,v2
3201,v2
3202,v2
3203,v1
3204,v1
3205,v1
3206,v1
3207,v4
3208,v1
3209,v1
3210,v1
3211,v1
3212,v1
3213,v1
3214,v4
3215,v1
3216,v1
3217,v1
3218,v1
3219,v1
3220,v1
3221,v2
3222,v1
3223,v1
3224,v1
3225,v1
3226,v1
3227,v1
3228,v1
3229,v1
3230,v1
3231,v4
3232,v1
3233,v1
3234,v1
3235,v1
3236,v1
3237,v1
3238,v1
3239,v1
3240,v1
3241,v1
3242,v1
3243,v1
3244,v1
3245,v1
3246,v1
3247,v1
3248,v1
3249,v1
3250,v1
3251,v1
3252,v1
3253,v1
3254,v1
3255,v1
3256,v1
3257,v1
3258,v1
3259,v1
3260,v2
3261,v1
3262,v1
3263,v1
3264,v1
3265,v1
3266,v6
3267,v1
3268,v1
3269,v1
3270,v4
3271,v1
3272,v1
3273,v1
3274,v1
3275,v1
3276,v1
3277,v1
3278,v1
3279,v1
3280,v1
3281,v1
3282,v1
3283,v1
3284,v1
3285,v1
3286,v6
3287,v2
3288,v2
3289,v1
3290,v1
3291,v1
3292,v1
3293,v1
3294,v1
3295,v1
3296,v5
3297,v4
3298,v1
3299,v1
3300,v1
3301,v1
3302,v4
3303,v1
3304,v1
3305,v1
3306,v1
3307,v1
3308,v2
3309,v2
3310,v1
3311,v1
3312,v1
3313,v1
3314,v1
3315,v1
3316,v2
3317,v1
3318,v1
3319,v1
3320,v1
3321,v2
3322,v1
3323,v1
3324,v1
3325,v2
3326,v1
3327,v2
3328,v4
3329,v1
3330,v1
3331,v1
3332,v4
3333,v4
3334,v1
3335,v1
3336,v1
3337,v1
3338,v1
3339,v1
3340,v1
3341,v1
3342,v1
3343,v1
3344,v1
3345,v1
3346,v1
3347,v1
3348,v1
3349,v1
3350,v1
3351,v1
3352,v2
3353,v4
3354,v1
3355,v1
3356,v1
3357,v1
3358,v1
3359,v2
3360,v1
3361,v1
3362,v1
3363,v1
3364,v1
3365,v1
3366,v1
3367,v1
3368,v1
3369,v4
3370,v5
3371,v1
3372,v4
3373,v1
3374,v1
3375,v2
3376,v4
3377,v4
3378,v1
3379,v1
3380,v4
3381,v4
3382,v1
3383,v1
3384,v1
3385,v1
3386,v1
3387,v1
3388,v1
3389,v1
3390,v1
3391,v2
3392,v1
3393,v1
3394,v1
3395,v1
3396,v1
3397,v1
3398,v1
3399,v4
3400,v1
3401,v1
3402,v1
3403,v2
3404,v1
3405,v1
3406,v1
3407,v1
3408,v1
3409,v2
3410,v2
3411,v2
3412,v1
3413,v1
3414,v1
3415,v1
3416,v1
3417,v1
3418,v1
3419,v1
3420,v1
3421,v1
3422,v1
3423,v1
3424,v1
3425,v1
3426,v1
3427,v1
3428,v1
3429,v1
3430,v4
3431,v2
3432,v1
3433,v1
3434,v1
3435,v1
3436,v1
3437,v1
3438,v1
3439,v1
3440,v1
3441,v1
3442,v1
3443,v1
3444,v1
3445,v1
3446,v1
3447,v1
3448,v1
3449,v1
3450,v1
3451,v1
3452,v2
3453,v2
3454,v2
3455,v1
3456,v1
3457,v1
3458,v1
3459,v1
3460,v1
3461,v1
3462,v2
3463,v1
3464,v1
3465,v1
3466,v1
3467,v1
3468,v1
3469,v1
3470,v1
3471,v1
3472,v2
3473,v1
3474,v2
3475,v1
3476,v1
3477,v1
3478,v2
3479,v1
3480,v1
3481,v1
3482,v1
3483,v1
3484,v1
3485,v1
3486,v1
3487,v1
3488,v2
3489,v1
3490,v1
3491,v4
3492,v1
3493,v1
3494,v1
3495,v1
3496,v1
3497,v2
3498,v1
3499,v2
3500,v1
3501,v5
3502,v2
3503,v1
3504,v1
3505,v1
3506,v1
3507,v1
3508,v2
3509,v1
3510,v1
3511,v1
3512,v1
3513,v1
3514,v2
3515,v1
3516,v1
3517,v1
3518,v1
3519,v1
3520,v1
3521,v1
3522,v1
3523,v1
3524,v1
3525,v1
3526,v1
3527,v1
3528,v1
3529,v1
3530,v1
3531,v1
3532,v1
3533,v1
3534,v1
3535,v1
3536,v1
3537,v1
3538,v1
3539,v1
3540,v1
3541,v1
3542,v1
3543,v1
3544,v1
3545,v1
3546,v1
3547,v1
3548,v1
3549,v1
3550,v1
3551,v4
3552,v2
3553,v1
3554,v1
3555,v1
3556,v1
3557,v1
3558,v1
3559,v6
3560,v4
3561,v1
3562,v1
3563,v1
3564,v1
3565,v1
3566,v1
3567,v1
3568,v1
3569,v4
3570,v4
3571,v4
3572,v1
3573,v1
3574,v2
3575,v1
3576,v1
3577,v1
3578,v1
3579,v1
3580,v1
3581,v1
3582,v2
3583,v2
3584,v1
3585,v2
3586,v1
3587,v1
3588,v2
3589,v6
3590,v1
3591,v1
3592,v2
3593,v1
3594,v2
3595,v1
3596,v1
3597,v1
3598,v1
3599,v1
3600,v1
3601,v1
3602,v1
3603,v1
3604,v1
3605,v1
3606,v1
3607,v1
3608,v6
3609,v1
3610,v1
3611,v1
3612,v1
3613,v1
3614,v1
3615,v1
3616,v1
3617,v1
3618,v1
3619,v1
3620,v1
3621,v1
3622,v1
3623,v1
3624,v1
3625,v1
3626,v2
3627,v1
3628,v1
3629,v1
3630,v1
3631,v1
3632,v1
3633,v1
3634,v1
3635,v1
3636,v1
3637,v1
3638,v1
3639,v1
3640,v1
3641,v1
3642,v6
3643,v1
3644,v1
3645,v6
3646,v1
3647,v1
3648,v1
3649,v1
3650,v1
3651,v1
3652,v2
3653,v1
3654,v6
3655,v1
3656,v1
3657,v1
3658,v4
3659,v1
3660,v2
3661,v1
3662,v2
3663,v1
3664,v4
3665,v1
3666,v1
3667,v1
3668,v1
3669,v1
3670,v1
3671,v1
3672,v5
3673,v1
3674,v1
3675,v2
3676,v1
3677,v1
3678,v1
3679,v1
3680,v1
3681,v1
3682,v1
3683,v1
3684,v1
3685,v1
3686,v1
3687,v1
3688,v1
3689,v1
3690,v1
3691,v1
3692,v4
3693,v1
3694,v1
3695,v1
3696,v1
3697,v1
3698,v1
3699,v1
3700,v1
3701,v1
3702,v1
3703,v4
3704,v1
3705,v1
3706,v1
3707,v1
3708,v1
3709,v1
3710,v1
3711,v1
3712,v1
3713,v1
3714,v1
3715,v1
3716,v1
3717,v2
3718,v1
3719,v1
3720,v1
3721,v1
3722,v1
3723,v1
3724,v1
3725,v1
3726,v1
3727,v1
3728,v1
3729,v1
3730,v1
3731,v4
3732,v4
3733,v1
3734,v1
3735,v2
3736,v1
3737,v1
3738,v1
3739,v1
3740,v1
3741,v1
3742,v1
3743,v2
3744,v1
3745,v1
3746,v1
3747,v1
3748,v1
3749,v1
3750,v1
3751,v1
3752,v2
3753,v1
3754,v1
3755,v1
3756,v1
3757,v1
3758,v1
3759,v1
3760,v1
3761,v1
3762,v4
3763,v1
3764,v1
3765,v2
3766,v1
3767,v1
3768,v2
3769,v2
3770,v1
3771,v1
3772,v1
3773,v1
3774,v1
3775,v1
3776,v1
3777,v1
3778,v1
3779,v1
3780,v1
3781,v1
3782,v1
3783,v2
3784,v2
3785,v1
3786,v1
3787,v1
3788,v1
3789,v1
3790,v1
3791,v1
3792,v1
3793,v2
3794,v1
3795,v1
3796,v1
3797,v1
3798,v1
3799,v1
3800,v1
3801,v1
3802,v1
3803,v1
3804,v1
3805,v1
3806,v1
3807,v1
3808,v1
3809,v1
3810,v1
3811,v1
3812,v1
3813,v2
3814,v1
3815,v4
3816,v1
3817,v1
3818,v2
3819,v1
3820,v1
3821,v6
3822,v2
3823,v1
3824,v2
3825,v2
3826,v2
3827,v1
3828,v1
3829,v1
3830,v1
3831,v1
3832,v2
3833,v1
3834,v1
3835,v1
3836,v1
3837,v1
3838,v1
3839,v2
3840,v2
3841,v4
3842,v1
3843,v1
3844,v2
3845,v1
3846,v1
3847,v1
3848,v1
3849,v1
3850,v1
3851,v1
3852,v1
3853,v1
3854,v1
3855,v1
3856,v1
3857,v2
3858,v2
3859,v1
3860,v1
3861,v1
3862,v1
3863,v1
3864,v2
3865,v1
3866,v2
3867,v1
3868,v1
3869,v1
3870,v1
3871,v1
3872,v1
3873,v1
3874,v1
3875,v1
3876,v1
3877,v1
3878,v1
3879,v1
3880,v1
3881,v1
3882,v1
3883,v1
3884,v1
3885,v1
3886,v1
3887,v1
3888,v1
3889,v1
3890,v1
3891,v1
3892,v1
3893,v1
3894,v1
3895,v1
3896,v1
3897,v1
3898,v2
3899,v4
3900,v1
3901,v1
3902,v1
3903,v1
3904,v1
3905,v1
3906,v1
3907,v1
3908,v1
3909,v1
3910,v4
3911,v4
3912,v1
3913,v4
3914,v4
3915,v6
3916,v2
3917,v2
3918,v1
3919,v1
3920,v1
3921,v1
3922,v1
3923,v1
3924,v1
3925,v1
3926,v1
3927,v1
3928,v1
3929,v6
3930,v1
3931,v1
3932,v1
3933,v1
3934,v1
3935,v1
3936,v1
3937,v1
3938,v1
3939,v1
3940,v1
3941,v1
3942,v1
3943,v1
3944,v4
3945,v1
3946,v2
3947,v1
3948,v1
3949,v1
3950,v1
3951,v1
3952,v1
3953,v1
3954,v1
3955,v4
3956,v1
3957,v1
3958,v2
3959,v1
3960,v1
3961,v1
3962,v1
3963,v1
3964,v1
3965,v1
3966,v4
3967,v1
3968,v1
3969,v1
3970,v1
3971,v1
3972,v1
3973,v1
3974,v1
3975,v1
3976,v1
3977,v1
3978,v1
3979,v1
3980,v1
3981,v1
3982,v1
3983,v1
3984,v1
3985,v1
3986,v1
3987,v1
3988,v1
3989,v1
3990,v1
3991,v1
3992,v1
3993,v1
3994,v1
3995,v1
3996,v1
3997,v1
3998,v1
3999,v1
4000,v1
4001,v1
4002,v1
4003,v1
4004,v1
4005,v1
4006,v1
4007,v1
4008,v1
4009,v1
4010,v1
4011,v1
4012,v1
4013,v1
4014,v1
4015,v1
4016,v1
4017,v1
4018,v1
4019,v1
4020,v1
4021,v1
4022,v1
4023,v1
4024,v1
4025,v2
4026,v1
4027,v2
4028,v4
4029,v1
4030,v1
4031,v1
4032,v1
4033,v1
4034,v1
4035,v1
4036,v1
4037,v1
4038,v1
4039,v1
4040,v1
4041,v1
4042,v1
4043,v1
4044,v1
4045,v1
4046,v2
4047,v2
4048,v1
4049,v6
4050,v1
4051,v1
4052,v1
4053,v1
4054,v4
4055,v1
4056,v4
4057,v4
4058,v1
4059,v1
4060,v2
4061,v2
4062,v1
4063,v1
4064,v1
4065,v1
4066,v1
4067,v1
4068,v1
4069,v1
4070,v2
4071,v1
4072,v1
4073,v1
4074,v1
4075,v1
4076,v1
4077,v1
4078,v1
4079,v1
4080,v1
4081,v1
4082,v1
4083,v1
4084,v1
4085,v1
4086,v1
4087,v1
4088,v1
4089,v1
4090,v1
4091,v1
4092,v1
4093,v2
4094,v2
4095,v2
4096,v1
4097,v1
4098,v1
4099,v1
4100,v1
4101,v2
4102,v1
4103,v2
4104,v1
4105,v1
4106,v1
4107,v6
4108,v2
4109,v1
4110,v1
4111,v1
4112,v1
4113,v1
4114,v1
4115,v1
4116,v1
4117,v1
4118,v1
4119,v1
4120,v4
4121,v1
4122,v2
4123,v2
4124,v1
4125,v2
4126,v1
4127,v1
4128,v1
4129,v2
4130,v1
4131,v1
4132,v1
4133,v2
4134,v1
4135,v1
4136,v1
4137,v4
4138,v1
4139,v4
4140,v1
4141,v1
4142,v4
4143,v1
4144,v1
4145,v1
4146,v1
4147,v1
4148,v1
4149,v1
4150,v1
4151,v1
4152,v1
4153,v1
4154,v1
4155,v1
4156,v1
4157,v1
4158,v1
4159,v1
4160,v1
4161,v1
4162,v1
4163,v1
4164,v1
4165,v1
4166,v1
4167,v1
4168,v1
4169,v1
4170,v1
4171,v1
4172,v1
4173,v1
4174,v1
4175,v1
4176,v1
4177,v1
4178,v1
4179,v1
4180,v1
4181,v1
4182,v1
4183,v1
4184,v1
4185,v1
4186,v2
4187,v1
4188,v1
4189,v4
4190,v2
4191,v1
4192,v6
4193,v6
4194,v1
4195,v1
4196,v1
4197,v1
4198,v1
4199,v2
4200,v1
4201,v1
4202,v1
4203,v1
4204,v1
4205,v1
4206,v1
4207,v1
4208,v1
4209,v2
4210,v1
4211,v4
4212,v1
4213,v2
4214,v2
4215,v1
4216,v1
4217,v1
4218,v1
4219,v1
4220,v1
4221,v1
4222,v2
4223,v1
4224,v1
4225,v1
4226,v1
4227,v1
4228,v1
4229,v2
4230,v2
4231,v1
4232,v4
4233,v1
4234,v1
4235,v1
4236,v4
4237,v2
4238,v4
4239,v4
4240,v4
4241,v1
4242,v1
4243,v2
4244,v1
4245,v1
4246,v4
4247,v1
4248,v1
4249,v1
4250,v1
4251,v1
4252,v1
4253,v1
4254,v1
4255,v1
4256,v1
4257,v1
4258,v1
4259,v1
4260,v1
4261,v1
4262,v1
4263,v1
4264,v1
4265,v4
4266,v1
4267,v1
4268,v1
4269,v1
4270,v1
4271,v1
4272,v1
4273,v1
4274,v1
4275,v1
4276,v1
4277,v1
4278,v1
4279,v1
4280,v1
4281,v1
4282,v1
4283,v1
4284,v1
4285,v1
4286,v1
4287,v1
4288,v1
4289,v1
4290,v1
4291,v1
4292,v1
4293,v1
4294,v1
4295,v1
4296,v1
4297,v6
4298,v1
4299,v1
4300,v1
4301,v1
4302,v2
4303,v1
4304,v1
4305,v2
4306,v1
4307,v1
4308,v1
4309,v1
4310,v1
4311,v1
4312,v4
4313,v1
4314,v2
4315,v1
4316,v1
4317,v1
4318,v1
4319,v1
4320,v4
4321,v1
4322,v1
4323,v1
4324,v1
4325,v1
4326,v1
4327,v1
4328,v1
4329,v1
4330,v1
4331,v1
4332,v1
4333,v1
4334,v1
4335,v1
4336,v1
4337,v1
4338,v1
4339,v1
4340,v1
4341,v1
4342,v2
4343,v4
4344,v1
4345,v1
4346,v1
4347,v1
4348,v1
4349,v1
4350,v1
4351,v1
4352,v1
4353,v1
4354,v1
4355,v1
4356,v1
4357,v1
4358,v1
4359,v1
4360,v1
4361,v1
4362,v2
4363,v1
4364,v1
4365,v1
4366,v1
4367,v1
4368,v1
4369,v1
4370,v1
4371,v1
4372,v1
4373,v2
4374,v1
4375,v2
4376,v1
4377,v1
4378,v1
4379,v1
4380,v1
4381,v2
4382,v1
4383,v2
4384,v1
4385,v6
4386,v1
4387,v1
4388,v1
4389,v1
4390,v6
4391,v1
4392,v1
4393,v1
4394,v1
4395,v2
4396,v1
4397,v1
4398,v1
4399,v1
4400,v1
4401,v1
4402,v1
4403,v1
4404,v1
4405,v1
4406,v1
4407,v1
4408,v4
4409,v4
4410,v1
4411,v1
4412,v1
4413,v1
4414,v1
4415,v1
4416,v1
4417,v1
4418,v1
4419,v1
4420,v1
4421,v1
4422,v1
4423,v1
4424,v2
4425,v1
4426,v1
4427,v1
4428,v1
4429,v1
4430,v1
4431,v1
4432,v1
4433,v1
4434,v1
4435,v1
4436,v1
4437,v1
4438,v1
4439,v1
4440,v1
4441,v1
4442,v1
4443,v1
4444,v1
4445,v1
4446,v1
4447,v1
4448,v1
4449,v1
4450,v1
4451,v1
4452,v1
4453,v1
4454,v2
4455,v2
4456,v1
4457,v1
4458,v1
4459,v1
4460,v1
4461,v1
4462,v1
4463,v1
4464,v6
4465,v6
4466,v1
4467,v4
4468,v5
4469,v1
4470,v1
4471,v1
4472,v1
4473,v1
4474,v6
4475,v4
4476,v1
4477,v1
4478,v1
4479,v1
4480,v1
4481,v1
4482,v1
4483,v1
4484,v1
4485,v1
4486,v1
4487,v1
4488,v1
4489,v1
4490,v1
4491,v1
4492,v1
4493,v1
4494,v1
4495,v1
4496,v1
4497,v1
4498,v5
4499,v1
4500,v2
4501,v4
4502,v1
4503,v1
4504,v1
4505,v1
4506,v1
4507,v1
4508,v1
4509,v1
4510,v1
4511,v1
4512,v4
4513,v2
4514,v1
4515,v4
4516,v4
4517,v1
4518,v1
4519,v1
4520,v1
4521,v1
4522,v1
4523,v1
4524,v1
4525,v1
4526,v1
4527,v1
4528,v1
4529,v1
4530,v1
4531,v1
4532,v1
4533,v1
4534,v1
4535,v1
4536,v1
4537,v1
4538,v1
4539,v1
4540,v1
4541,v1
4542,v1
4543,v1
4544,v1
4545,v6
4546,v1
4547,v1
4548,v1
4549,v4
4550,v1
4551,v1
4552,v1
4553,v1
4554,v1
4555,v1
4556,v1
4557,v2
4558,v1
4559,v1
4560,v1
4561,v1
4562,v1
4563,v1
4564,v4
4565,v4
4566,v1
4567,v1
4568,v1
4569,v1
4570,v1
4571,v4
4572,v4
4573,v1
4574,v4
4575,v1
4576,v2
4577,v2
4578,v1
4579,v6
4580,v1
4581,v1
4582,v1
4583,v1
4584,v2
4585,v2
4586,v1
4587,v1
4588,v1
4589,v1
4590,v1
4591,v1
4592,v1
4593,v1
4594,v1
4595,v1
4596,v1
4597,v1
4598,v1
4599,v1
4600,v1
4601,v1
4602,v4
4603,v1
4604,v4
4605,v4
4606,v1
4607,v1
4608,v1
4609,v1
4610,v1
4611,v1
4612,v1
4613,v1
4614,v1
4615,v1
4616,v1
4617,v1
4618,v1
4619,v1
4620,v1
4621,v1
4622,v1
4623,v1
4624,v1
4625,v1
4626,v1
4627,v1
4628,v1
4629,v1
4630,v1
4631,v1
4632,v1
4633,v1
4634,v1
4635,v1
4636,v1
4637,v1
4638,v1
4639,v2
4640,v1
4641,v1
4642,v1
4643,v1
4644,v1
4645,v1
4646,v1
4647,v4
4648,v2
4649,v1
4650,v1
4651,v2
4652,v1
4653,v1
4654,v1
4655,v1
4656,v1
4657,v1
4658,v1
4659,v1
4660,v1
4661,v1
4662,v2
4663,v1
4664,v1
4665,v1
4666,v1
4667,v1
4668,v1
4669,v1
4670,v1
4671,v1
4672,v1
4673,v1
4674,v1
4675,v1
4676,v2
4677,v1
4678,v1
4679,v2
4680,v1
4681,v2
4682,v2
4683,v1
4684,v1
4685,v1
4686,v1
4687,v4
4688,v1
4689,v1
4690,v1
4691,v1
4692,v2
4693,v2
4694,v1
4695,v1
4696,v1
4697,v1
4698,v1
4699,v1
4700,v1
4701,v1
4702,v1
4703,v2
4704,v1
4705,v1
4706,v1
4707,v1
4708,v1
4709,v1
4710,v2
4711,v1
4712,v1
4713,v1
4714,v1
4715,v1
4716,v1
4717,v1
4718,v4
4719,v1
4720,v1
4721,v1
4722,v1
4723,v1
4724,v1
4725,v1
4726,v1
4727,v1
4728,v1
4729,v1
4730,v1
4731,v1
4732,v1
4733,v1
4734,v1
4735,v1
4736,v1
4737,v1
4738,v1
4739,v4
4740,v1
4741,v1
4742,v1
4743,v1
4744,v1
4745,v4
4746,v1
4747,v2
4748,v2
4749,v1
4750,v1
4751,v1
4752,v1
4753,v1
4754,v1
4755,v1
4756,v2
4757,v2
4758,v1
4759,v1
4760,v1
4761,v1
4762,v1
4763,v1
4764,v2
4765,v1
4766,v1
4767,v1
4768,v1
4769,v1
4770,v1
4771,v1
4772,v1
4773,v1
4774,v1
4775,v2
4776,v1
4777,v1
4778,v1
4779,v2
4780,v1
4781,v1
4782,v1
4783,v1
4784,v2
4785,v1
4786,v1
4787,v1
4788,v1
4789,v1
4790,v1
4791,v4
4792,v2
4793,v1
4794,v1
4795,v4
4796,v1
4797,v1
4798,v1
4799,v1
4800,v1
4801,v1
4802,v1
4803,v4
4804,v1
4805,v1
4806,v1
4807,v1
4808,v2
4809,v1
4810,v1
4811,v1
4812,v1
4813,v1
4814,v4
4815,v1
4816,v1
4817,v1
4818,v1
4819,v1
4820,v1
4821,v2
4822,v1
4823,v1
4824,v2
4825,v4
4826,v1
4827,v1
4828,v1
4829,v2
4830,v1
4831,v4
4832,v1
4833,v1
4834,v4
4835,v1
4836,v1
4837,v1
4838,v1
4839,v1
4840,v1
4841,v1
4842,v1
4843,v1
4844,v1
4845,v1
4846,v1
4847,v1
4848,v1
4849,v1
4850,v1
4851,v1
4852,v1
4853,v1
4854,v1
4855,v1
4856,v2
4857,v1
4858,v1
4859,v1
4860,v1
4861,v1
4862,v1
4863,v1
4864,v1
4865,v4
4866,v1
4867,v1
4868,v1
4869,v1
4870,v1
4871,v1
4872,v1
4873,v1
4874,v1
4875,v1
4876,v1
4877,v1
4878,v1
4879,v1
4880,v1
4881,v1
4882,v1
4883,v1
4884,v1
4885,v1
4886,v1
4887,v2
4888,v1
4889,v1
4890,v1
4891,v1
4892,v1
4893,v1
4894,v2
4895,v1
4896,v1
4897,v1
4898,v1
4899,v4
4900,v1
4901,v1
4902,v1
4903,v1
4904,v1
4905,v1
4906,v1
4907,v1
4908,v2
4909,v4
4910,v1
4911,v1
4912,v1
4913,v1
4914,v1
4915,v2
4916,v1
4917,v1
4918,v1
4919,v1
4920,v1
4921,v1
4922,v1
4923,v1
4924,v4
4925,v1
4926,v1
4927,v1
4928,v1
4929,v1
4930,v1
4931,v1
4932,v1
4933,v1
4934,v1
4935,v1
4936,v2
4937,v4
4938,v1
4939,v1
4940,v1
4941,v2
4942,v1
4943,v1
4944,v1
4945,v1
4946,v1
4947,v1
4948,v1
4949,v1
4950,v1
4951,v4
4952,v4
4953,v1
4954,v1
4955,v1
4956,v1
4957,v4
4958,v1
4959,v1
4960,v1
4961,v1
4962,v1
4963,v1
4964,v1
4965,v1
4966,v1
4967,v1
4968,v1
4969,v1
4970,v1
4971,v6
4972,v1
4973,v1
4974,v1
4975,v1
4976,v1
4977,v1
4978,v1
4979,v1
4980,v1
4981,v2
4982,v1
4983,v4
4984,v1
4985,v1
4986,v2
4987,v1
4988,v1
4989,v1
4990,v1
4991,v1
4992,v2
4993,v2
4994,v1
4995,v1
4996,v4
4997,v1
4998,v1
4999,v1
5000,v1
5001,v2
5002,v2
5003,v4
5004,v1
5005,v1
5006,v1
5007,v1
5008,v1
5009,v1
5010,v1
5011,v1
5012,v1
5013,v1
5014,v1
5015,v1
5016,v2
5017,v1
5018,v1
5019,v2
5020,v1
5021,v1
5022,v4
5023,v1
5024,v1
5025,v1
5026,v1
5027,v1
5028,v2
5029,v1
5030,v1
5031,v1
5032,v1
5033,v1
5034,v1
5035,v1
5036,v1
5037,v1
5038,v4
5039,v1
5040,v1
5041,v2
5042,v1
5043,v1
5044,v1
5045,v1
5046,v6
5047,v1
5048,v1
5049,v2
5050,v1
5051,v1
5052,v1
5053,v1
5054,v1
5055,v1
5056,v1
5057,v2
5058,v1
5059,v1
5060,v1
5061,v1
5062,v1
5063,v1
5064,v1
5065,v1
5066,v1
5067,v1
5068,v1
5069,v4
5070,v2
5071,v2
5072,v1
5073,v1
5074,v1
5075,v1
5076,v1
5077,v1
5078,v1
5079,v1
5080,v1
5081,v4
5082,v4
5083,v1
5084,v1
5085,v1
5086,v1
5087,v1
5088,v1
5089,v1
5090,v1
5091,v1
5092,v4
5093,v1
5094,v1
5095,v1
5096,v1
5097,v1
5098,v1
5099,v1
5100,v1
5101,v1
5102,v1
5103,v1
5104,v1
5105,v2
5106,v1
5107,v1
5108,v1
5109,v1
5110,v1
5111,v1
5112,v2
5113,v1
5114,v2
5115,v1
5116,v1
5117,v1
5118,v1
5119,v1
5120,v1
5121,v1
5122,v1
5123,v1
5124,v1
5125,v1
5126,v1
5127,v4
5128,v1
5129,v1
5130,v1
5131,v1
5132,v1
5133,v1
5134,v1
5135,v1
5136,v1
5137,v1
5138,v1
5139,v1
5140,v1
5141,v1
5142,v1
5143,v1
5144,v1
5145,v1
5146,v2
5147,v2
5148,v1
5149,v1
5150,v1
5151,v2
5152,v1
5153,v1
5154,v1
5155,v1
5156,v1
5157,v1
5158,v1
5159,v1
5160,v1
5161,v4
5162,v5
5163,v4
5164,v1
5165,v1
5166,v1
5167,v1
5168,v1
5169,v1
5170,v1
5171,v1
5172,v1
5173,v2
5174,v1
5175,v1
5176,v1
5177,v1
5178,v1
5179,v1
5180,v1
5181,v1
5182,v1
5183,v1
5184,v1
5185,v1
5186,v1
5187,v1
5188,v1
5189,v1
5190,v1
5191,v1
5192,v2
5193,v1
5194,v1
5195,v2
5196,v1
5197,v1
5198,v1
5199,v1
5200,v1
5201,v1
5202,v1
5203,v1
5204,v1
5205,v1
5206,v1
5207,v1
5208,v1
5209,v1
5210,v1
5211,v1
5212,v1
5213,v1
5214,v2
5215,v1
5216,v1
5217,v1
5218,v1
5219,v4
5220,v1
5221,v2
5222,v1
5223,v1
5224,v1
5225,v1
5226,v1
5227,v2
5228,v1
5229,v1
5230,v1
5231,v1
5232,v1
5233,v1
5234,v1
5235,v1
5236,v4
5237,v1
5238,v1
5239,v1
5240,v1
5241,v1
5242,v1
5243,v1
5244,v1
5245,v1
5246,v1
5247,v1
5248,v2
5249,v2
5250,v1
5251,v1
5252,v1
5253,v1
5254,v1
5255,v1
5256,v1
5257,v4
5258,v1
5259,v1
5260,v1
5261,v2
5262,v1
5263,v1
5264,v1
5265,v6
5266,v1
5267,v1
5268,v1
5269,v1
5270,v1
5271,v2
5272,v1
5273,v4
5274,v2
5275,v1
5276,v1
5277,v1
5278,v1
5279,v1
5280,v1
5281,v1
5282,v1
5283,v1
5284,v2
5285,v2
5286,v1
5287,v1
5288,v1
5289,v1
5290,v1
5291,v1
5292,v1
5293,v1
5294,v1
5295,v1
5296,v1
5297,v1
5298,v1
5299,v4
5300,v1
5301,v1
5302,v1
5303,v1
5304,v1
5305,v1
5306,v1
5307,v1
5308,v4
5309,v1
5310,v1
5311,v1
5312,v1
5313,v1
5314,v1
5315,v1
5316,v1
5317,v1
5318,v1
5319,v1
5320,v1
5321,v1
5322,v1
5323,v4
5324,v1
5325,v1
5326,v1
5327,v1
5328,v1
5329,v1
5330,v1
5331,v1
5332,v1
5333,v1
5334,v1
5335,v1
5336,v1
5337,v1
5338,v1
5339,v1
5340,v1
5341,v1
5342,v1
5343,v1
5344,v1
5345,v2
5346,v1
5347,v1
5348,v4
5349,v1
5350,v1
5351,v1
5352,v1
5353,v1
5354,v1
5355,v1
5356,v1
5357,v1
5358,v6
5359,v7
5360,v4
5361,v4
5362,v1
5363,v1
5364,v1
5365,v4
5366,v4
5367,v1
5368,v4
5369,v1
5370,v1
5371,v1
5372,v1
5373,v1
5374,v1
5375,v1
5376,v1
5377,v1
5378,v1
5379,v4
5380,v1
5381,v1
5382,v1
5383,v1
5384,v1
5385,v1
5386,v1
5387,v1
5388,v1
5389,v1
5390,v1
5391,v1
5392,v1
5393,v1
5394,v1
5395,v1
5396,v1
5397,v1
5398,v1
5399,v1
5400,v1
5401,v1
5402,v1
5403,v1
5404,v1
5405,v1
5406,v1
5407,v1
5408,v1
5409,v2
5410,v2
5411,v1
5412,v1
5413,v1
5414,v1
5415,v1
5416,v1
5417,v1
5418,v1
5419,v1
5420,v4
5421,v1
5422,v1
5423,v1
5424,v1
5425,v1
5426,v1
5427,v1
5428,v1
5429,v1
5430,v6
5431,v6
5432,v1
5433,v1
5434,v1
5435,v1
5436,v1
5437,v1
5438,v1
5439,v1
5440,v2
5441,v1
5442,v1
5443,v1
5444,v1
5445,v1
5446,v1
5447,v1
5448,v1
5449,v1
5450,v1
5451,v2
5452,v1
5453,v1
5454,v1
5455,v1
5456,v2
5457,v1
5458,v1
5459,v1
5460,v1
5461,v1
5462,v2
5463,v2
5464,v2
5465,v1
5466,v1
5467,v1
5468,v1
5469,v1
5470,v1
5471,v1
5472,v1
5473,v1
5474,v1
5475,v1
5476,v1
5477,v1
5478,v1
5479,v1
5480,v1
5481,v1
5482,v1
5483,v1
5484,v1
5485,v1
5486,v1
5487,v1
5488,v1
5489,v1
5490,v1
5491,v1
5492,v2
5493,v1
5494,v1
5495,v1
5496,v1
5497,v1
5498,v2
5499,v1
5500,v1
5501,v1
5502,v1
5503,v1
5504,v1
5505,v1
5506,v1
5507,v1
5508,v1
5509,v1
5510,v1
5511,v4
5512,v1
5513,v4
5514,v1
5515,v1
5516,v1
5517,v1
5518,v1
5519,v1
5520,v1
5521,v1
5522,v1
5523,v1
5524,v1
5525,v1
5526,v1
5527,v1
5528,v1
5529,v1
5530,v1
5531,v1
5532,v1
5533,v1
5534,v1
5535,v1
5536,v1
5537,v1
5538,v1
5539,v1
5540,v1
5541,v1
5542,v2
5543,v2
5544,v1
5545,v1
5546,v2
5547,v1
5548,v1
5549,v1
5550,v1
5551,v1
5552,v1
5553,v1
5554,v6
5555,v1
5556,v4
5557,v1
5558,v1
5559,v2
5560,v6
5561,v1
5562,v1
5563,v1
5564,v4
5565,v1
5566,v1
5567,v1
5568,v1
5569,v1
5570,v5
5571,v1
5572,v1
5573,v1
5574,v1
5575,v1
5576,v1
5577,v1
5578,v1
5579,v1
5580,v1
5581,v1
5582,v1
5583,v1
5584,v2
5585,v4
5586,v1
5587,v1
5588,v1
5589,v1
5590,v1
5591,v1
5592,v1
5593,v1
5594,v1
5595,v1
5596,v2
5597,v1
5598,v1
5599,v1
5600,v1
5601,v1
5602,v1
5603,v1
5604,v1
5605,v1
5606,v1
5607,v1
5608,v1
5609,v1
5610,v2
5611,v1
5612,v1
5613,v1
5614,v1
5615,v1
5616,v1
5617,v1
5618,v1
5619,v1
5620,v1
5621,v1
5622,v1
5623,v1
5624,v1
5625,v3
5626,v1
5627,v4
5628,v4
5629,v4
5630,v1
5631,v1
5632,v1
5633,v4
5634,v1
5635,v1
5636,v1
5637,v1
5638,v4
5639,v2
5640,v1
5641,v1
5642,v4
5643,v1
5644,v6
5645,v1
5646,v1
5647,v1
5648,v1
5649,v1
5650,v1
5651,v1
5652,v1
5653,v1
5654,v1
5655,v2
5656,v1
5657,v1
5658,v4
5659,v4
5660,v4
5661,v4
5662,v1
5663,v4
5664,v1
5665,v1
5666,v1
5667,v1
5668,v1
5669,v1
5670,v1
5671,v1
5672,v4
5673,v1
5674,v4
5675,v1
5676,v1
5677,v2
5678,v1
5679,v1
5680,v1
5681,v2
5682,v1
5683,v1
5684,v1
5685,v1
5686,v1
5687,v1
5688,v1
5689,v1
5690,v1
5691,v1
5692,v1
5693,v1
5694,v1
5695,v1
5696,v1
5697,v1
5698,v1
5699,v1
5700,v1
5701,v1
5702,v1
5703,v1
5704,v1
5705,v1
5706,v1
5707,v1
5708,v1
5709,v1
5710,v1
5711,v1
5712,v1
5713,v2
5714,v1
5715,v1
5716,v4
5717,v1
5718,v1
5719,v1
5720,v1
5721,v1
5722,v1
5723,v1
5724,v1
5725,v1
5726,v1
5727,v1
5728,v1
5729,v2
5730,v2
5731,v1
5732,v1
5733,v2
5734,v2
5735,v1
5736,v1
5737,v1
5738,v2
5739,v2
5740,v1
5741,v2
5742,v1
5743,v1
5744,v4
5745,v1
5746,v1
5747,v4
5748,v1
5749,v1
5750,v1
5751,v1
5752,v1
5753,v1
5754,v1
5755,v1
5756,v1
5757,v1
5758,v1
5759,v1
5760,v1
5761,v4
5762,v4
5763,v4
5764,v1
5765,v1
5766,v1
5767,v1
5768,v1
5769,v1
5770,v1
5771,v5
5772,v1
5773,v1
5774,v1
5775,v2
5776,v1
5777,v1
5778,v4
5779,v1
5780,v1
5781,v1
5782,v1
5783,v1
5784,v1
5785,v1
5786,v1
5787,v1
5788,v1
5789,v1
5790,v4
5791,v1
5792,v1
5793,v1
5794,v1
5795,v1
5796,v1
5797,v2
5798,v1
5799,v1
5800,v1
5801,v1
5802,v2
5803,v1
5804,v1
5805,v1
5806,v1
5807,v4
5808,v1
5809,v1
5810,v4
5811,v1
5812,v1
5813,v1
5814,v1
5815,v4
5816,v2
5817,v4
5818,v1
5819,v1
5820,v1
5821,v1
5822,v1
5823,v1
5824,v1
5825,v1
5826,v1
5827,v1
5828,v1
5829,v1
5830,v1
5831,v1
5832,v2
5833,v2
5834,v1
5835,v1
5836,v1
5837,v1
5838,v1
5839,v1
5840,v1
5841,v1
5842,v1
5843,v2
5844,v2
5845,v1
5846,v1
5847,v1
5848,v1
5849,v2
5850,v1
5851,v1
5852,v1
5853,v1
5854,v2
5855,v1
5856,v1
5857,v1
5858,v1
5859,v1
5860,v1
5861,v2
5862,v1
5863,v1
5864,v1
5865,v1
5866,v1
5867,v1
5868,v1
5869,v4
5870,v1
5871,v1
5872,v2
5873,v1
5874,v1
5875,v1
5876,v1
5877,v1
5878,v2
5879,v2
5880,v1
5881,v1
5882,v1
5883,v1
5884,v1
5885,v4
5886,v1
5887,v1
5888,v1
5889,v1
5890,v1
5891,v1
5892,v1
5893,v1
5894,v1
5895,v1
5896,v1
5897,v1
5898,v1
5899,v1
5900,v1
5901,v1
5902,v1
5903,v6
5904,v1
5905,v1
5906,v1
5907,v1
5908,v1
5909,v1
5910,v1
5911,v1
5912,v1
5913,v1
5914,v1
5915,v4
5916,v4
5917,v1
5918,v4
5919,v4
5920,v1
5921,v1
5922,v4
5923,v1
5924,v2
5925,v1
5926,v1
5927,v1
5928,v1
5929,v1
5930,v2
5931,v1
5932,v2
5933,v4
5934,v4
5935,v1
5936,v1
5937,v1
5938,v1
5939,v1
5940,v1
5941,v1
5942,v1
5943,v1
5944,v1
5945,v2
5946,v1
5947,v1
5948,v1
5949,v1
5950,v1
5951,v4
5952,v4
5953,v1
5954,v1
5955,v1
5956,v2
5957,v4
5958,v2
5959,v1
5960,v4
5961,v1
5962,v1
5963,v1
5964,v1
5965,v1
5966,v1
5967,v1
5968,v1
5969,v1
5970,v1
5971,v1
5972,v1
5973,v1
5974,v1
5975,v1
5976,v1
5977,v1
5978,v2
5979,v1
5980,v1
5981,v2
5982,v1
5983,v1
5984,v1
5985,v1
5986,v1
5987,v1
5988,v1
5989,v1
5990,v1
5991,v2
5992,v1
5993,v1
5994,v1
5995,v1
5996,v1
5997,v2
5998,v1
5999,v1
6000,v1
6001,v1
6002,v1
6003,v1
6004,v1
6005,v1
6006,v1
6007,v1
6008,v1
6009,v1
6010,v1
6011,v1
6012,v1
6013,v1
6014,v1
6015,v4
6016,v4
6017,v1
6018,v2
6019,v1
6020,v1
6021,v2
6022,v2
6023,v1
6024,v1
6025,v1
6026,v1
6027,v1
6028,v2
6029,v1
6030,v1
6031,v1
6032,v1
6033,v2
6034,v1
6035,v1
6036,v1
6037,v1
6038,v2
6039,v2
6040,v2
6041,v1
6042,v6
6043,v4
6044,v1
6045,v1
6046,v1
6047,v1
6048,v1
6049,v4
6050,v4
6051,v1
6052,v1
6053,v2
6054,v1
6055,v1
6056,v1
6057,v1
6058,v4
6059,v1
6060,v1
6061,v1
6062,v4
6063,v6
6064,v1
6065,v1
6066,v1
6067,v1
6068,v1
6069,v1
6070,v4
6071,v1
6072,v1
6073,v4
6074,v1
6075,v1
6076,v1
6077,v2
6078,v1
6079,v1
6080,v1
6081,v2
6082,v1
6083,v1
6084,v1
6085,v1
6086,v1
6087,v1
6088,v1
6089,v6
6090,v1
6091,v1
6092,v1
6093,v1
6094,v1
6095,v1
6096,v1
6097,v1
6098,v1
6099,v4
6100,v4
6101,v1
6102,v1
6103,v1
6104,v1
6105,v1
6106,v1
6107,v1
6108,v4
6109,v1
6110,v1
6111,v1
6112,v1
6113,v4
6114,v1
6115,v1
6116,v1
6117,v1
6118,v1
6119,v1
6120,v1
6121,v1
6122,v1
6123,v1
6124,v1
6125,v2
6126,v1
6127,v1
6128,v1
6129,v2
6130,v1
6131,v1
6132,v1
6133,v1
6134,v1
6135,v2
6136,v2
6137,v1
6138,v1
6139,v2
6140,v1
6141,v1
6142,v1
6143,v1
6144,v1
6145,v1
6146,v1
6147,v1
6148,v1
6149,v1
6150,v1
6151,v1
6152,v1
6153,v1
6154,v1
6155,v1
6156,v1
6157,v1
6158,v1
6159,v1
6160,v2
6161,v1
6162,v2
6163,v4
6164,v1
6165,v1
6166,v6
6167,v6
6168,v1
6169,v1
6170,v1
6171,v1
6172,v1
6173,v1
6174,v1
6175,v1
6176,v1
6177,v1
6178,v1
6179,v1
6180,v1
6181,v1
6182,v1
6183,v1
6184,v1
6185,v1
6186,v1
6187,v1
6188,v1
6189,v1
6190,v1
6191,v1
6192,v1
6193,v4
6194,v1
6195,v1
6196,v1
6197,v1
6198,v1
6199,v1
6200,v1
6201,v1
6202,v1
6203,v1
6204,v1
6205,v1
6206,v1
6207,v2
6208,v1
6209,v2
6210,v2
6211,v1
6212,v1
6213,v1
6214,v1
6215,v4
6216,v1
6217,v1
6218,v1
6219,v1
6220,v1
6221,v4
6222,v1
6223,v1
6224,v1
6225,v1
6226,v1
6227,v6
6228,v1
6229,v1
6230,v1
6231,v4
6232,v1
6233,v4
6234,v4
6235,v4
6236,v1
6237,v1
6238,v1
6239,v1
6240,v2
6241,v1
6242,v1
6243,v1
6244,v4
6245,v1
6246,v2
6247,v1
6248,v1
6249,v1
6250,v2
6251,v1
6252,v1
6253,v1
6254,v1
6255,v1
6256,v1
6257,v1
6258,v1
6259,v1
6260,v6
6261,v1
6262,v1
6263,v1
6264,v1
6265,v1
6266,v1
6267,v1
6268,v1
6269,v1
6270,v1
6271,v1
6272,v1
6273,v2
6274,v1
6275,v1
6276,v1
6277,v1
6278,v1
6279,v1
6280,v1
6281,v1
6282,v1
6283,v1
6284,v1
6285,v1
6286,v1
6287,v2
6288,v1
6289,v1
6290,v1
6291,v1
6292,v1
6293,v1
6294,v1
6295,v1
6296,v1
6297,v2
6298,v1
6299,v1
6300,v1
6301,v1
6302,v1
6303,v1
6304,v1
6305,v1
6306,v1
6307,v1
6308,v6
6309,v1
6310,v1
6311,v1
6312,v1
6313,v1
6314,v1
6315,v2
6316,v2
6317,v2
6318,v4
6319,v1
6320,v1
6321,v1
6322,v1
6323,v2
6324,v2
6325,v1
6326,v1
6327,v1
6328,v1
6329,v1
6330,v1
6331,v2
6332,v1
6333,v1
6334,v1
6335,v1
6336,v1
6337,v4
6338,v1
6339,v1
6340,v1
6341,v1
6342,v6
6343,v1
6344,v6
6345,v1
6346,v1
6347,v1
6348,v1
6349,v1
6350,v1
6351,v1
6352,v1
6353,v1
6354,v1
6355,v1
6356,v1
6357,v1
6358,v1
6359,v1
6360,v2
6361,v2
6362,v1
6363,v1
6364,v1
6365,v1
6366,v1
6367,v1
6368,v4
6369,v4
6370,v1
6371,v2
6372,v1
6373,v2
6374,v1
6375,v1
6376,v1
6377,v1
6378,v1
6379,v1
6380,v1
6381,v1
6382,v1
6383,v1
6384,v1
6385,v1
6386,v1
6387,v1
6388,v1
6389,v1
6390,v1
6391,v1
6392,v1
6393,v1
6394,v1
6395,v1
6396,v1
6397,v1
6398,v1
6399,v1
6400,v1
6401,v1
6402,v1
6403,v1
6404,v1
6405,v1
6406,v1
6407,v1
6408,v1
6409,v1
6410,v1
6411,v4
6412,v1
6413,v1
6414,v1
6415,v1
6416,v1
6417,v1
6418,v1
6419,v1
6420,v1
6421,v1
6422,v1
6423,v2
6424,v1
6425,v1
6426,v1
6427,v1
6428,v1
6429,v1
6430,v1
6431,v6
6432,v1
6433,v1
6434,v1
6435,v4
6436,v1
6437,v1
6438,v1
6439,v1
6440,v1
6441,v2
6442,v2
6443,v1
6444,v1
6445,v1
6446,v1
6447,v1
6448,v1
6449,v4
6450,v1
6451,v1
6452,v4
6453,v1
6454,v1
6455,v1
6456,v1
6457,v1
6458,v1
6459,v2
6460,v6
6461,v4
6462,v1
6463,v1
6464,v1
6465,v1
6466,v1
6467,v1
6468,v1
6469,v1
6470,v1
6471,v1
6472,v1
6473,v1
6474,v1
6475,v4
6476,v1
6477,v1
6478,v1
6479,v1
6480,v1
6481,v1
6482,v1
6483,v1
6484,v1
6485,v1
6486,v2
6487,v1
6488,v1
6489,v1
6490,v1
6491,v1
6492,v1
6493,v1
6494,v1
6495,v1
6496,v1
6497,v1
6498,v1
6499,v1
6500,v1
6501,v1
6502,v1
6503,v1
6504,v1
6505,v1
6506,v1
6507,v1
6508,v1
6509,v1
6510,v1
6511,v1
6512,v1
6513,v4
6514,v1
6515,v1
6516,v1
6517,v1
6518,v4
6519,v1
6520,v1
6521,v1
6522,v1
6523,v1
6524,v1
6525,v1
6526,v1
6527,v1
6528,v1
6529,v1
6530,v1
6531,v1
6532,v4
6533,v1
6534,v1
6535,v1
6536,v1
6537,v1
6538,v1
6539,v1
6540,v1
6541,v1
6542,v1
6543,v1
6544,v1
6545,v1
6546,v1
6547,v1
6548,v1
6549,v1
6550,v4
6551,v1
6552,v1
6553,v1
6554,v1
6555,v1
6556,v1
6557,v1
6558,v1
6559,v1
6560,v1
6561,v1
6562,v1
6563,v1
6564,v1
6565,v1
6566,v1
6567,v1
6568,v1
6569,v1
6570,v1
6571,v1
6572,v1
6573,v1
6574,v1
6575,v1
6576,v1
6577,v1
6578,v1
6579,v1
6580,v1
6581,v1
6582,v1
6583,v1
6584,v1
6585,v1
6586,v2
6587,v1
6588,v1
6589,v1
6590,v5
6591,v5
6592,v4
6593,v1
6594,v1
6595,v1
6596,v1
6597,v1
6598,v1
6599,v1
6600,v1
6601,v2
6602,v1
6603,v1
6604,v1
6605,v4
6606,v2
6607,v1
6608,v1
6609,v1
6610,v1
6611,v1
6612,v1
6613,v6
6614,v1
6615,v1
6616,v4
6617,v1
6618,v1
6619,v1
6620,v1
6621,v1
6622,v1
6623,v1
6624,v1
6625,v1
6626,v4
6627,v4
6628,v1
6629,v1
6630,v2
6631,v1
6632,v4
6633,v1
6634,v2
6635,v1
6636,v1
6637,v1
6638,v1
6639,v1
6640,v1
6641,v1
6642,v2
6643,v2
6644,v1
6645,v1
6646,v1
6647,v1
6648,v1
6649,v1
6650,v1
6651,v1
6652,v1
6653,v1
6654,v4
6655,v1
6656,v1
6657,v1
6658,v1
6659,v1
6660,v1
6661,v1
6662,v1
6663,v1
6664,v1
6665,v1
6666,v1
6667,v1
6668,v2
6669,v1
6670,v1
6671,v1
6672,v1
6673,v1
6674,v1
6675,v1
6676,v1
6677,v1
6678,v1
6679,v1
6680,v2
6681,v2
6682,v1
6683,v1
6684,v1
6685,v1
6686,v1
6687,v1
6688,v1
6689,v1
6690,v1
6691,v1
6692,v1
6693,v4
6694,v1
6695,v1
6696,v1
6697,v1
6698,v1
6699,v1
6700,v4
6701,v4
6702,v4
6703,v1
6704,v1
6705,v1
6706,v1
6707,v4
6708,v1
6709,v1
6710,v5
6711,v2
6712,v2
6713,v1
6714,v1
6715,v1
6716,v1
6717,v1
6718,v1
6719,v1
6720,v2
6721,v1
6722,v4
6723,v1
6724,v1
6725,v1
6726,v2
6727,v1
6728,v1
6729,v1
6730,v1
6731,v1
6732,v1
6733,v1
6734,v1
6735,v2
6736,v1
6737,v1
6738,v1
6739,v1
6740,v1
6741,v1
6742,v1
6743,v1
6744,v1
6745,v1
6746,v1
6747,v1
6748,v1
6749,v4
6750,v4
6751,v1
6752,v1
6753,v1
6754,v1
6755,v1
6756,v1
6757,v1
6758,v1
6759,v1
6760,v2
6761,v1
6762,v1
6763,v1
6764,v1
6765,v1
6766,v1
6767,v1
6768,v1
6769,v1
6770,v1
6771,v1
6772,v1
6773,v2
6774,v1
6775,v1
6776,v1
6777,v1
6778,v1
6779,v1
6780,v1
6781,v1
6782,v1
6783,v1
6784,v1
6785,v1
6786,v1
6787,v1
6788,v1
6789,v1
6790,v1
6791,v1
6792,v1
6793,v1
6794,v4
6795,v4
6796,v1
6797,v1
6798,v1
6799,v1
6800,v1
6801,v1
6802,v1
6803,v1
6804,v1
6805,v1
6806,v2
6807,v1
6808,v1
6809,v1
6810,v1
6811,v1
6812,v1
6813,v1
6814,v1
6815,v1
6816,v4
6817,v1
6818,v6
6819,v1
6820,v4
6821,v2
6822,v1
6823,v1
6824,v1
6825,v1
6826,v1
6827,v1
6828,v1
6829,v1
6830,v1
6831,v1
6832,v1
6833,v1
6834,v1
6835,v1
6836,v1
6837,v1
6838,v1
6839,v1
6840,v1
6841,v1
6842,v1
6843,v1
6844,v1
6845,v1
6846,v1
6847,v1
6848,v1
6849,v2
6850,v1
6851,v1
6852,v1
6853,v2
6854,v1
6855,v1
6856,v1
6857,v1
6858,v2
6859,v1
6860,v2
6861,v2
6862,v2
6863,v1
6864,v1
6865,v1
6866,v1
6867,v1
6868,v1
6869,v1
6870,v1
6871,v1
6872,v1
6873,v1
6874,v1
6875,v1
6876,v1
6877,v1
6878,v2
6879,v4
6880,v6
6881,v1
6882,v1
6883,v1
6884,v1
6885,v1
6886,v1
6887,v1
6888,v4
6889,v1
6890,v2
6891,v1
6892,v1
6893,v1
6894,v1
6895,v1
6896,v1
6897,v1
6898,v1
6899,v4
6900,v2
6901,v1
6902,v1
6903,v1
6904,v4
6905,v1
6906,v1
6907,v1
6908,v1
6909,v1
6910,v1
6911,v1
6912,v1
6913,v2
6914,v1
6915,v2
6916,v1
6917,v1
6918,v1
6919,v6
6920,v1
6921,v1
6922,v1
6923,v1
6924,v1
6925,v1
6926,v1
6927,v1
6928,v1
6929,v1
6930,v1
6931,v1
6932,v1
6933,v6
6934,v1
6935,v1
6936,v1
6937,v1
6938,v1
6939,v1
6940,v1
6941,v1
6942,v1
6943,v1
6944,v4
6945,v1
6946,v6
6947,v4
6948,v1
6949,v1
6950,v1
6951,v1
6952,v4
6953,v1
6954,v1
6955,v4
6956,v4
6957,v1
6958,v1
6959,v1
6960,v1
6961,v4
6962,v1
6963,v2
6964,v1
6965,v1
6966,v1
6967,v1
6968,v1
6969,v1
6970,v1
6971,v1
6972,v1
6973,v1
6974,v1
6975,v1
6976,v1
6977,v1
6978,v1
6979,v1
6980,v1
6981,v1
6982,v1
6983,v1
6984,v1
6985,v5
6986,v1
6987,v1
6988,v1
6989,v1
6990,v4
6991,v1
6992,v1
6993,v1
6994,v1
6995,v1
6996,v1
6997,v1
6998,v1
6999,v1
7000,v1
7001,v1
7002,v1
7003,v1
7004,v1
7005,v1
7006,v1
7007,v1
7008,v1
7009,v1
7010,v1
7011,v1
7012,v1
7013,v1
7014,v1
7015,v1
7016,v1
7017,v1
7018,v1
7019,v1
7020,v1
7021,v1
7022,v1
7023,v1
7024,v1
7025,v1
7026,v1
7027,v1
7028,v1
7029,v1
7030,v1
7031,v1
7032,v4
7033,v2
7034,v1
7035,v1
7036,v1
7037,v1
7038,v1
7039,v1
7040,v5
7041,v1
7042,v1
7043,v1
7044,v2
7045,v6
7046,v1
7047,v1
7048,v2
7049,v1
7050,v1
7051,v2
7052,v1
7053,v2
7054,v2
7055,v1
7056,v1
7057,v1
7058,v1
7059,v1
7060,v1
7061,v1
7062,v4
7063,v1
7064,v1
7065,v1
7066,v1
7067,v1
7068,v1
7069,v1
7070,v2
7071,v1
7072,v1
7073,v4
7074,v1
7075,v4
7076,v2
7077,v4
7078,v1
7079,v1
7080,v6
7081,v2
7082,v1
7083,v1
7084,v1
7085,v1
7086,v1
7087,v1
7088,v1
7089,v2
7090,v1
7091,v4
7092,v4
7093,v4
7094,v1
7095,v1
7096,v1
7097,v1
7098,v2
7099,v1
7100,v1
7101,v1
7102,v1
7103,v1
7104,v1
7105,v1
7106,v1
7107,v1
7108,v1
7109,v1
7110,v1
7111,v1
7112,v1
7113,v1
7114,v1
7115,v1
7116,v1
7117,v1
7118,v1
7119,v1
7120,v1
7121,v1
7122,v1
7123,v1
7124,v1
7125,v1
7126,v1
7127,v6
7128,v1
7129,v1
7130,v1
7131,v1
7132,v1
7133,v2
7134,v1
7135,v1
7136,v1
7137,v2
7138,v1
7139,v1
7140,v1
7141,v1
7142,v1
7143,v1
7144,v1
7145,v1
7146,v4
7147,v2
7148,v1
7149,v1
7150,v1
7151,v1
7152,v1
7153,v1
7154,v2
7155,v6
7156,v1
7157,v4
7158,v2
7159,v1
7160,v1
7161,v1
7162,v1
7163,v1
7164,v1
7165,v1
7166,v1
7167,v1
7168,v1
7169,v1
7170,v1
7171,v2
7172,v1
7173,v1
7174,v2
7175,v4
7176,v4
7177,v4
7178,v1
7179,v1
7180,v1
7181,v1
7182,v1
7183,v1
7184,v1
7185,v1
7186,v1
7187,v1
7188,v1
7189,v1
7190,v1
7191,v1
7192,v2
7193,v1
7194,v1
7195,v1
7196,v1
7197,v1
7198,v1
7199,v1
7200,v1
7201,v1
7202,v1
7203,v1
7204,v1
7205,v1
7206,v1
7207,v1
7208,v1
7209,v1
7210,v1
7211,v2
7212,v1
7213,v1
7214,v1
7215,v1
7216,v1
7217,v1
7218,v1
7219,v1
7220,v1
7221,v1
7222,v4
7223,v1
7224,v1
7225,v4
7226,v1
7227,v1
7228,v1
7229,v1
7230,v1
7231,v1
7232,v1
7233,v4
7234,v1
7235,v6
7236,v1
7237,v2
7238,v1
7239,v1
7240,v1
7241,v1
7242,v1
7243,v1
7244,v1
7245,v1
7246,v1
7247,v1
7248,v1
7249,v1
7250,v1
7251,v1
7252,v1
7253,v1
7254,v1
7255,v1
7256,v1
7257,v1
7258,v1
7259,v1
7260,v1
7261,v1
7262,v1
7263,v1
7264,v1
7265,v1
7266,v1
7267,v1
7268,v1
7269,v1
7270,v1
7271,v6
7272,v2
7273,v1
7274,v1
7275,v1
7276,v5
7277,v5
7278,v1
7279,v1
7280,v1
7281,v1
7282,v2
7283,v1
7284,v1
7285,v1
7286,v4
7287,v1
7288,v1
7289,v1
7290,v1
7291,v1
7292,v1
7293,v1
7294,v1
7295,v1
7296,v1
7297,v1
7298,v1
7299,v6
7300,v1
7301,v1
7302,v1
7303,v1
7304,v1
7305,v1
7306,v1
7307,v1
7308,v2
7309,v1
7310,v1
7311,v1
7312,v4
7313,v1
7314,v1
7315,v2
7316,v1
7317,v1
7318,v1
7319,v1
7320,v1
7321,v1
7322,v1
7323,v1
7324,v1
7325,v1
7326,v1
7327,v4
7328,v2
7329,v2
7330,v1
7331,v1
7332,v2
7333,v2
7334,v1
7335,v1
7336,v1
7337,v1
7338,v1
7339,v1
7340,v1
7341,v1
7342,v1
7343,v1
7344,v1
7345,v1
7346,v1
7347,v1
7348,v1
7349,v2
7350,v1
7351,v1
7352,v1
7353,v1
7354,v1
7355,v1
7356,v1
7357,v1
7358,v1
7359,v1
7360,v6
7361,v1
7362,v1
7363,v1
7364,v1
7365,v1
7366,v1
7367,v1
7368,v1
7369,v1
7370,v1
7371,v1
7372,v1
7373,v1
7374,v4
7375,v1
7376,v1
7377,v1
7378,v1
7379,v1
7380,v1
7381,v1
7382,v1
7383,v1
7384,v1
7385,v1
7386,v1
7387,v1
7388,v1
7389,v1
7390,v1
7391,v1
7392,v1
7393,v1
7394,v1
7395,v1
7396,v2
7397,v1
7398,v2
7399,v1
7400,v1
7401,v1
7402,v1
7403,v1
7404,v1
7405,v1
7406,v1
7407,v1
7408,v1
7409,v1
7410,v2
7411,v1
7412,v1
7413,v1
7414,v1
7415,v1
7416,v1
7417,v1
7418,v1
7419,v1
7420,v1
7421,v1
7422,v1
7423,v1
7424,v2
7425,v1
7426,v4
7427,v4
7428,v1
7429,v1
7430,v1
7431,v1
7432,v1
7433,v1
7434,v1
7435,v1
7436,v1
7437,v1
7438,v1
7439,v1
7440,v1
7441,v1
7442,v1
7443,v1
7444,v2
7445,v1
7446,v1
7447,v1
7448,v1
7449,v1
7450,v1
7451,v1
7452,v1
7453,v1
7454,v1
7455,v1
7456,v4
7457,v1
7458,v1
7459,v4
7460,v1
7461,v4
7462,v1
7463,v1
7464,v1
7465,v4
7466,v4
7467,v1
7468,v1
7469,v1
7470,v1
7471,v1
7472,v4
7473,v1
7474,v4
7475,v1
7476,v1
7477,v1
7478,v1
7479,v1
7480,v5
7481,v1
7482,v1
7483,v1
7484,v4
7485,v1
7486,v1
7487,v1
7488,v1
7489,v2
7490,v1
7491,v4
7492,v2
7493,v1
7494,v2
7495,v1
7496,v1
7497,v1
7498,v1
7499,v1
7500,v4
7501,v4
7502,v1
7503,v1
7504,v1
7505,v1
7506,v1
7507,v1
7508,v1
7509,v1
7510,v1
7511,v1
7512,v1
7513,v1
7514,v4
7515,v4
7516,v1
7517,v1
7518,v1
7519,v1
7520,v1
7521,v1
7522,v1
7523,v1
7524,v1
7525,v1
7526,v1
7527,v1
7528,v1
7529,v1
7530,v1
7531,v1
7532,v1
7533,v1
7534,v1
7535,v1
7536,v1
7537,v1
7538,v1
7539,v1
7540,v1
7541,v1
7542,v1
7543,v1
7544,v1
7545,v1
7546,v1
7547,v1
7548,v1
7549,v1
7550,v1
7551,v2
7552,v1
7553,v1
7554,v1
7555,v1
7556,v1
7557,v4
7558,v1
7559,v1
7560,v1
7561,v1
7562,v1
7563,v1
7564,v1
7565,v1
7566,v1
7567,v1
7568,v4
7569,v4
7570,v1
7571,v2
7572,v2
7573,v1
7574,v1
7575,v1
7576,v4
7577,v1
7578,v4
7579,v1
7580,v1
7581,v1
7582,v1
7583,v1
7584,v2
7585,v1
7586,v1
7587,v1
7588,v1
7589,v1
7590,v1
7591,v1
7592,v1
7593,v1
7594,v1
7595,v1
7596,v4
7597,v1
7598,v1
7599,v1
7600,v1
7601,v1
7602,v1
7603,v1
7604,v2
7605,v1
7606,v1
7607,v1
7608,v1
7609,v1
7610,v1
7611,v1
7612,v1
7613,v2
7614,v2
7615,v1
7616,v1
7617,v1
7618,v1
7619,v6
7620,v6
7621,v1
7622,v1
7623,v1
7624,v1
7625,v1
7626,v1
7627,v1
7628,v1
7629,v1
7630,v1
7631,v2
7632,v1
7633,v1
7634,v1
7635,v1
7636,v1
7637,v1
7638,v1
7639,v1
7640,v1
7641,v1
7642,v1
7643,v1
7644,v1
7645,v1
7646,v1
7647,v1
7648,v1
7649,v4
7650,v1
7651,v1
7652,v1
7653,v6
7654,v4
7655,v1
7656,v1
7657,v2
7658,v1
7659,v1
7660,v1
7661,v4
7662,v1
7663,v5
7664,v1
7665,v1
7666,v1
7667,v1
7668,v5
7669,v1
7670,v1
7671,v1
7672,v1
7673,v1
7674,v1
7675,v1
7676,v1
7677,v1
7678,v1
7679,v1
7680,v1
7681,v4
7682,v4
7683,v1
7684,v1
7685,v1
7686,v1
7687,v1
7688,v1
7689,v1
7690,v1
7691,v1
7692,v4
7693,v1
7694,v1
7695,v1
7696,v1
7697,v2
7698,v1
7699,v1
7700,v4
7701,v5
7702,v1
7703,v2
7704,v1
7705,v1
7706,v1
7707,v1
7708,v1
7709,v1
7710,v1
7711,v1
7712,v1
7713,v1
7714,v1
7715,v1
7716,v1
7717,v1
7718,v1
7719,v1
7720,v1
7721,v1
7722,v1
7723,v1
7724,v1
7725,v1
7726,v1
7727,v1
7728,v1
7729,v1
7730,v1
7731,v1
7732,v1
7733,v1
7734,v1
7735,v1
7736,v1
7737,v1
7738,v1
7739,v1
7740,v1
7741,v1
7742,v1
7743,v4
7744,v1
7745,v1
7746,v1
7747,v6
7748,v1
7749,v1
7750,v1
7751,v2
7752,v1
7753,v1
7754,v2
7755,v1
7756,v2
7757,v1
7758,v5
7759,v1
7760,v1
7761,v1
7762,v2
7763,v1
7764,v1
7765,v1
7766,v1
7767,v1
7768,v1
7769,v1
7770,v1
7771,v1
7772,v1
7773,v1
7774,v1
7775,v1
7776,v1
7777,v1
7778,v1
7779,v1
7780,v1
7781,v1
7782,v4
7783,v4
7784,v1
7785,v1
7786,v1
7787,v1
7788,v1
7789,v1
7790,v1
7791,v1
7792,v1
7793,v1
7794,v1
7795,v4
7796,v1
7797,v1
7798,v1
7799,v1
7800,v1
7801,v1
7802,v1
7803,v1
7804,v1
7805,v1
7806,v1
7807,v1
7808,v1
7809,v1
7810,v1
7811,v1
7812,v1
7813,v1
7814,v6
7815,v1
7816,v1
7817,v6
7818,v1
7819,v1
7820,v1
7821,v1
7822,v1
7823,v1
7824,v1
7825,v1
7826,v1
7827,v1
7828,v1
7829,v1
7830,v1
7831,v1
7832,v1
7833,v1
7834,v1
7835,v2
7836,v1
7837,v1
7838,v1
7839,v1
7840,v1
7841,v1
7842,v1
7843,v6
7844,v2
7845,v1
7846,v2
7847,v1
7848,v1
7849,v1
7850,v2
7851,v4
7852,v1
7853,v2
7854,v1
7855,v1
7856,v1
7857,v1
7858,v1
7859,v1
7860,v1
7861,v1
7862,v1
7863,v1
7864,v1
7865,v1
7866,v1
7867,v1
7868,v1
7869,v2
7870,v1
7871,v1
7872,v2
7873,v1
7874,v1
7875,v2
7876,v2
7877,v1
7878,v1
7879,v1
7880,v1
7881,v1
7882,v1
7883,v1
7884,v1
7885,v1
7886,v1
7887,v1
7888,v4
7889,v1
7890,v1
7891,v1
7892,v1
7893,v6
7894,v1
7895,v1
7896,v1
7897,v1
7898,v4
7899,v1
7900,v4
7901,v1
7902,v1
7903,v2
7904,v1
7905,v1
7906,v1
7907,v1
7908,v4
7909,v4
7910,v1
7911,v1
7912,v2
7913,v1
7914,v1
7915,v1
7916,v1
7917,v2
7918,v2
7919,v1
7920,v1
7921,v1
7922,v1
7923,v1
7924,v1
7925,v2
7926,v1
7927,v1
7928,v1
7929,v1
7930,v1
7931,v1
7932,v1
7933,v1
7934,v1
7935,v1
7936,v1
7937,v1
7938,v1
7939,v1
7940,v1
7941,v1
7942,v1
7943,v1
7944,v1
7945,v1
7946,v1
7947,v1
7948,v1
7949,v1
7950,v1
7951,v1
7952,v4
7953,v4
7954,v1
7955,v1
7956,v4
7957,v1
7958,v1
7959,v1
7960,v1
7961,v5
7962,v4
7963,v1
7964,v1
7965,v1
7966,v1
7967,v1
7968,v1
7969,v4
7970,v1
7971,v1
7972,v1
7973,v1
7974,v1
7975,v1
7976,v1
7977,v1
7978,v1
7979,v1
7980,v1
7981,v1
7982,v1
7983,v1
7984,v1
7985,v1
7986,v2
7987,v2
7988,v1
7989,v2
7990,v1
7991,v2
7992,v2
7993,v1
7994,v1
7995,v1
7996,v4
7997,v2
7998,v1
7999,v1
8000,v1
8001,v4
8002,v2
8003,v2
8004,v2
8005,v1
8006,v1
8007,v1
8008,v1
8009,v1
8010,v2
8011,v1
8012,v1
8013,v1
8014,v1
8015,v1
8016,v1
8017,v4
8018,v1
8019,v6
8020,v1
8021,v3
8022,v3
8023,v3
8024,v6
8025,v1
8026,v5
8027,v1
8028,v1
8029,v1
8030,v1
8031,v1
8032,v1
8033,v1
8034,v1
8035,v1
8036,v1
8037,v2
8038,v1
8039,v1
8040,v1
8041,v1
8042,v1
8043,v1
8044,v1
8045,v2
8046,v1
8047,v1
8048,v1
8049,v1
8050,v1
8051,v4
8052,v1
8053,v1
8054,v1
8055,v1
8056,v1
8057,v1
8058,v2
8059,v4
8060,v6
8061,v2
8062,v2
8063,v1
8064,v1
8065,v1
8066,v1
8067,v1
8068,v1
8069,v1
8070,v1
8071,v6
8072,v6
8073,v6
8074,v6
8075,v1
8076,v1
8077,v1
8078,v1
8079,v1
8080,v1
8081,v1
8082,v1
8083,v1
8084,v4
8085,v7
8086,v1
8087,v1
8088,v1
8089,v1
8090,v1
8091,v1
8092,v1
8093,v1
8094,v1
8095,v1
8096,v1
8097,v1
8098,v1
8099,v6
8100,v4
8101,v1
8102,v1
8103,v1
8104,v1
8105,v1
8106,v1
8107,v1
8108,v2
8109,v2
8110,v2
8111,v2
8112,v1
8113,v4
8114,v1
8115,v1
8116,v1
8117,v1
8118,v1
8119,v1
8120,v1
8121,v1
8122,v1
8123,v1
8124,v2
8125,v2
8126,v1
8127,v1
8128,v1
8129,v1
8130,v1
8131,v1
8132,v1
8133,v1
8134,v1
8135,v1
8136,v6
8137,v1
8138,v1
8139,v1
8140,v1
8141,v1
8142,v1
8143,v1
8144,v1
8145,v1
8146,v1
8147,v1
8148,v1
8149,v1
8150,v1
8151,v2
8152,v1
8153,v1
8154,v4
8155,v1
8156,v1
8157,v1
8158,v5
8159,v4
8160,v1
8161,v1
8162,v1
8163,v1
8164,v1
8165,v1
8166,v4
8167,v1
8168,v1
8169,v1
8170,v2
8171,v1
8172,v1
8173,v1
8174,v1
8175,v1
8176,v1
8177,v1
8178,v1
8179,v1
8180,v1
8181,v1
8182,v4
8183,v1
8184,v1
8185,v1
8186,v1
8187,v1
8188,v1
8189,v1
8190,v1
8191,v1
8192,v1
8193,v1
8194,v1
8195,v2
8196,v4
8197,v1
8198,v1
8199,v1
8200,v4
8201,v1
8202,v1
8203,v1
8204,v1
8205,v1
8206,v1
8207,v1
8208,v1
8209,v1
8210,v1
8211,v1
8212,v6
8213,v1
8214,v1
8215,v1
8216,v1
8217,v1
8218,v1
8219,v1
8220,v1
8221,v1
8222,v1
8223,v1
8224,v1
8225,v1
8226,v1
8227,v1
8228,v1
8229,v1
8230,v6
8231,v1
8232,v1
8233,v1
8234,v1
8235,v1
8236,v1
8237,v1
8238,v1
8239,v1
8240,v2
8241,v1
8242,v1
8243,v1
8244,v1
8245,v2
8246,v1
8247,v1
8248,v1
8249,v1
8250,v1
8251,v1
8252,v1
8253,v1
8254,v4
8255,v1
8256,v1
8257,v1
8258,v2
8259,v1
8260,v2
8261,v2
8262,v1
8263,v1
8264,v4
8265,v1
8266,v1
8267,v1
8268,v1
8269,v1
8270,v1
8271,v1
8272,v1
8273,v1
8274,v1
8275,v4
8276,v6
8277,v1
8278,v1
8279,v1
8280,v4
8281,v1
8282,v1
8283,v4
8284,v1
8285,v1
8286,v1
8287,v1
8288,v1
8289,v1
8290,v1
8291,v1
8292,v2
8293,v2
8294,v1
8295,v2
8296,v6
8297,v2
8298,v1
8299,v2
8300,v4
8301,v1
8302,v1
8303,v1
8304,v1
8305,v1
8306,v2
8307,v1
8308,v1
8309,v1
8310,v4
8311,v1
8312,v1
8313,v1
8314,v1
8315,v1
8316,v2
8317,v1
8318,v1
8319,v1
8320,v1
8321,v1
8322,v1
8323,v1
8324,v1
8325,v1
8326,v1
8327,v1
8328,v1
8329,v1
8330,v1
8331,v1
8332,v1
8333,v1
8334,v1
8335,v1
8336,v1
8337,v1
8338,v1
8339,v1
8340,v2
8341,v1
8342,v6
8343,v1
8344,v1
8345,v2
8346,v2
8347,v1
8348,v4
8349,v2
8350,v1
8351,v1
8352,v1
8353,v1
8354,v1
8355,v1
8356,v1
8357,v1
8358,v1
8359,v1
8360,v1
8361,v1
8362,v1
8363,v1
8364,v1
8365,v1
8366,v1
8367,v1
8368,v1
8369,v1
8370,v1
8371,v1
8372,v1
8373,v1
8374,v1
8375,v1
8376,v2
8377,v1
8378,v1
8379,v2
8380,v1
8381,v1
8382,v1
8383,v1
8384,v4
8385,v4
8386,v2
8387,v1
8388,v4
8389,v1
8390,v1
8391,v1
8392,v1
8393,v6
8394,v1
8395,v1
8396,v1
8397,v1
8398,v1
8399,v1
8400,v4
8401,v1
8402,v1
8403,v1
8404,v1
8405,v1
8406,v1
8407,v1
8408,v2
8409,v1
8410,v1
8411,v1
8412,v1
8413,v1
8414,v1
8415,v1
8416,v1
8417,v1
8418,v1
8419,v1
8420,v1
8421,v1
8422,v1
8423,v4
8424,v1
8425,v1
8426,v1
8427,v1
8428,v1
8429,v4
8430,v1
8431,v1
8432,v1
8433,v2
8434,v4
8435,v2
8436,v6
8437,v1
8438,v1
8439,v1
8440,v1
8441,v1
8442,v2
8443,v2
8444,v1
8445,v1
8446,v2
8447,v4
8448,v1
8449,v2
8450,v1
8451,v1
8452,v1
8453,v1
8454,v1
8455,v1
8456,v1
8457,v1
8458,v1
8459,v1
8460,v1
8461,v1
8462,v1
8463,v1
8464,v1
8465,v4
8466,v4
8467,v1
8468,v1
8469,v1
8470,v1
8471,v4
8472,v4
8473,v1
8474,v1
8475,v1
8476,v1
8477,v1
8478,v1
8479,v1
8480,v1
8481,v1
8482,v1
8483,v1
8484,v4
8485,v1
8486,v1
8487,v1
8488,v1
8489,v1
8490,v1
8491,v1
8492,v1
8493,v1
8494,v1
8495,v1
8496,v1
8497,v1
8498,v1
8499,v1
8500,v1
8501,v1
8502,v1
8503,v2
8504,v1
8505,v1
8506,v1
8507,v1
8508,v1
8509,v6
8510,v2
8511,v5
8512,v1
8513,v5
8514,v5
8515,v1
8516,v1
8517,v2
8518,v1
8519,v1
8520,v1
8521,v1
8522,v1
8523,v1
8524,v1
8525,v1
8526,v1
8527,v3
8528,v1
8529,v1
8530,v1
8531,v1
8532,v1
8533,v1
8534,v1
8535,v1
8536,v1
8537,v1
8538,v1
8539,v1
8540,v1
8541,v1
8542,v1
8543,v1
8544,v1
8545,v1
8546,v4
8547,v2
8548,v2
8549,v1
8550,v1
8551,v1
8552,v1
8553,v2
8554,v1
8555,v1
8556,v1
8557,v1
8558,v1
8559,v1
8560,v1
8561,v1
8562,v1
8563,v2
8564,v1
8565,v5
8566,v1
8567,v1
8568,v1
8569,v1
8570,v1
8571,v1
8572,v1
8573,v2
8574,v2
8575,v1
8576,v1
8577,v1
8578,v1
8579,v1
8580,v1
8581,v2
8582,v1
8583,v1
8584,v1
8585,v1
8586,v1
8587,v1
8588,v1
8589,v1
8590,v1
8591,v1
8592,v1
8593,v1
8594,v1
8595,v1
8596,v1
8597,v1
8598,v4
8599,v1
8600,v1
8601,v2
8602,v1
8603,v4
8604,v1
8605,v1
8606,v1
8607,v1
8608,v1
8609,v1
8610,v1
8611,v1
8612,v1
8613,v1
8614,v1
8615,v1
8616,v1
8617,v1
8618,v1
8619,v1
8620,v1
8621,v1
8622,v1
8623,v1
8624,v1
8625,v1
8626,v1
8627,v2
8628,v1
8629,v1
8630,v1
8631,v1
8632,v1
8633,v1
8634,v1
8635,v1
8636,v1
8637,v1
8638,v1
8639,v1
8640,v1
8641,v1
8642,v1
8643,v1
8644,v1
8645,v1
8646,v4
8647,v1
8648,v1
8649,v2
8650,v4
8651,v1
8652,v6
8653,v1
8654,v1
8655,v4
8656,v1
8657,v1
8658,v2
8659,v2
8660,v1
8661,v1
8662,v2
8663,v1
8664,v1
8665,v1
8666,v1
8667,v1
8668,v1
8669,v1
8670,v6
8671,v1
8672,v1
8673,v1
8674,v1
8675,v1
8676,v1
8677,v1
8678,v1
8679,v1
8680,v1
8681,v1
8682,v1
8683,v2
8684,v2
8685,v1
8686,v1
8687,v1
8688,v1
8689,v1
8690,v6
8691,v1
8692,v1
8693,v1
8694,v1
8695,v1
8696,v1
8697,v1
8698,v1
8699,v5
8700,v5
8701,v1
8702,v1
8703,v1
8704,v1
8705,v1
8706,v1
8707,v1
8708,v1
8709,v1
8710,v1
8711,v2
8712,v1
8713,v1
8714,v4
8715,v1
8716,v1
8717,v1
8718,v1
8719,v1
8720,v1
8721,v1
8722,v1
8723,v1
8724,v1
8725,v1
8726,v1
8727,v1
8728,v1
8729,v1
8730,v1
8731,v1
8732,v1
8733,v1
8734,v1
8735,v1
8736,v1
8737,v1
8738,v2
8739,v4
8740,v1
8741,v1
8742,v1
8743,v2
8744,v1
8745,v4
8746,v4
8747,v4
8748,v1
8749,v6
8750,v1
8751,v1
8752,v1
8753,v1
8754,v2
8755,v1
8756,v2
8757,v1
8758,v4
8759,v1
8760,v1
8761,v1
8762,v1
8763,v1
8764,v1
8765,v1
8766,v1
8767,v1
8768,v1
8769,v1
8770,v2
8771,v1
8772,v1
8773,v1
8774,v1
8775,v1
8776,v6
8777,v1
8778,v1
8779,v1
8780,v1
8781,v1
8782,v1
8783,v4
8784,v1
8785,v1
8786,v1
8787,v1
8788,v4
8789,v1
8790,v1
8791,v2
8792,v6
8793,v1
8794,v1
8795,v1
8796,v1
8797,v1
8798,v1
8799,v6
8800,v4
8801,v1
8802,v1
8803,v1
8804,v1
8805,v1
8806,v1
8807,v1
8808,v1
8809,v1
8810,v1
8811,v1
8812,v1
8813,v1
8814,v6
8815,v1
8816,v1
8817,v1
8818,v1
8819,v1
8820,v1
8821,v1
8822,v1
8823,v1
8824,v1
8825,v1
8826,v1
8827,v1
8828,v1
8829,v1
8830,v1
8831,v1
8832,v1
8833,v1
8834,v1
8835,v1
8836,v1
8837,v1
8838,v1
8839,v1
8840,v4
8841,v1
8842,v4
8843,v1
8844,v1
8845,v1
8846,v1
8847,v1
8848,v4
8849,v1
8850,v1
8851,v1
8852,v1
8853,v2
8854,v2
8855,v1
8856,v1
8857,v1
8858,v6
8859,v1
8860,v1
8861,v1
8862,v1
8863,v1
8864,v1
8865,v1
8866,v1
8867,v1
8868,v1
8869,v1
8870,v1
8871,v1
8872,v1
8873,v1
8874,v1
8875,v1
8876,v1
8877,v1
8878,v1
8879,v1
8880,v1
8881,v1
8882,v1
8883,v1
8884,v1
8885,v1
8886,v1
8887,v1
8888,v1
8889,v1
8890,v1
8891,v1
8892,v1
8893,v1
8894,v1
8895,v1
8896,v1
8897,v2
8898,v1
8899,v1
8900,v1
8901,v1
8902,v1
8903,v1
8904,v1
8905,v1
8906,v1
8907,v1
8908,v1
8909,v4
8910,v1
8911,v1
8912,v1
8913,v6
8914,v1
8915,v1
8916,v1
8917,v1
8918,v1
8919,v1
8920,v1
8921,v1
8922,v1
8923,v1
8924,v1
8925,v1
8926,v1
8927,v1
8928,v1
8929,v1
8930,v1
8931,v1
8932,v1
8933,v2
8934,v1
8935,v1
8936,v1
8937,v1
8938,v1
8939,v1
8940,v1
8941,v1
8942,v1
8943,v1
8944,v1
8945,v2
8946,v1
8947,v1
8948,v1
8949,v1
8950,v2
8951,v2
8952,v1
8953,v2
8954,v2
8955,v2
8956,v1
8957,v1
8958,v1
8959,v1
8960,v1
8961,v1
8962,v4
8963,v1
8964,v4
8965,v1
8966,v1
8967,v1
8968,v1
8969,v1
8970,v1
8971,v1
8972,v4
8973,v1
8974,v1
8975,v1
8976,v4
8977,v1
8978,v2
8979,v1
8980,v1
8981,v1
8982,v1
8983,v1
8984,v1
8985,v1
8986,v1
8987,v1
8988,v1
8989,v1
8990,v1
8991,v1
8992,v1
8993,v1
8994,v1
8995,v1
8996,v1
8997,v1
8998,v1
8999,v1
9000,v2
9001,v4
9002,v1
9003,v1
9004,v1
9005,v1
9006,v1
9007,v1
9008,v4
9009,v1
9010,v1
9011,v1
9012,v1
9013,v1
9014,v1
9015,v4
9016,v1
9017,v1
9018,v1
9019,v4
9020,v1
9021,v1
9022,v1
9023,v1
9024,v1
9025,v1
9026,v1
9027,v1
9028,v1
9029,v1
9030,v1
9031,v1
9032,v1
9033,v6
9034,v1
9035,v1
9036,v1
9037,v1
9038,v1
9039,v1
9040,v1
9041,v1
9042,v1
9043,v1
9044,v1
9045,v2
9046,v1
9047,v1
9048,v6
9049,v1
9050,v4
9051,v4
9052,v4
9053,v4
9054,v1
9055,v1
9056,v1
9057,v1
9058,v1
9059,v1
9060,v1
9061,v1
9062,v1
9063,v4
9064,v1
9065,v1
9066,v2
9067,v2
9068,v2
9069,v6
9070,v1
9071,v1
9072,v1
9073,v2
9074,v2
9075,v2
9076,v1
9077,v1
9078,v1
9079,v1
9080,v1
9081,v2
9082,v2
9083,v1
9084,v1
9085,v1
9086,v1
9087,v1
9088,v1
9089,v1
9090,v1
9091,v1
9092,v1
9093,v4
9094,v4
9095,v1
9096,v1
9097,v1
9098,v1
9099,v1
9100,v4
9101,v1
9102,v4
9103,v1
9104,v6
9105,v4
9106,v1
9107,v1
9108,v1
9109,v1
9110,v4
9111,v1
9112,v1
9113,v1
9114,v1
9115,v1
9116,v2
9117,v2
9118,v1
9119,v1
9120,v1
9121,v1
9122,v1
9123,v1
9124,v1
9125,v1
9126,v1
9127,v1
9128,v1
9129,v1
9130,v1
9131,v1
9132,v1
9133,v2
9134,v1
9135,v2
9136,v1
9137,v1
9138,v1
9139,v1
9140,v1
9141,v2
9142,v1
9143,v1
9144,v2
9145,v1
9146,v6
9147,v4
9148,v4
9149,v1
9150,v2
9151,v4
9152,v1
9153,v2
9154,v1
9155,v1
9156,v1
9157,v2
9158,v1
9159,v1
9160,v1
9161,v1
9162,v1
9163,v1
9164,v1
9165,v4
9166,v1
9167,v1
9168,v1
9169,v1
9170,v1
9171,v1
9172,v1
9173,v1
9174,v1
9175,v1
9176,v1
9177,v1
9178,v1
9179,v1
9180,v1
9181,v1
9182,v1
9183,v1
9184,v1
9185,v1
9186,v1
9187,v1
9188,v6
9189,v1
9190,v1
9191,v1
9192,v1
9193,v1
9194,v1
9195,v1
9196,v1
9197,v1
9198,v2
9199,v4
9200,v1
9201,v1
9202,v6
9203,v1
9204,v1
9205,v1
9206,v1
9207,v1
9208,v1
9209,v1
9210,v1
9211,v1
9212,v1
9213,v1
9214,v1
9215,v1
9216,v1
9217,v1
9218,v1
9219,v1
9220,v1
9221,v1
9222,v1
9223,v1
9224,v1
9225,v1
9226,v1
9227,v1
9228,v1
9229,v1
9230,v1
9231,v1
9232,v1
9233,v1
9234,v1
9235,v1
9236,v1
9237,v1
9238,v1
9239,v2
9240,v1
9241,v1
9242,v1
9243,v1
9244,v1
9245,v1
9246,v1
9247,v1
9248,v1
9249,v4
9250,v4
9251,v1
9252,v1
9253,v1
9254,v1
9255,v1
9256,v1
9257,v1
9258,v1
9259,v2
9260,v1
9261,v1
9262,v1
9263,v1
9264,v1
9265,v1
9266,v1
9267,v1
9268,v1
9269,v2
9270,v1
9271,v1
9272,v1
9273,v1
9274,v1
9275,v2
9276,v1
9277,v2
9278,v4
9279,v2
9280,v1
9281,v6
9282,v6
9283,v6
9284,v1
9285,v1
9286,v6
9287,v1
9288,v1
9289,v1
9290,v1
9291,v1
9292,v2
9293,v1
9294,v1
9295,v1
9296,v1
9297,v1
9298,v1
9299,v1
9300,v1
9301,v1
9302,v1
9303,v1
9304,v1
9305,v1
9306,v1
9307,v1
9308,v1
9309,v1
9310,v4
9311,v1
9312,v1
9313,v1
9314,v1
9315,v1
9316,v1
9317,v1
9318,v6
9319,v1
9320,v1
9321,v1
9322,v1
9323,v1
9324,v1
9325,v2
9326,v1
9327,v1
9328,v1
9329,v2
9330,v2
9331,v1
9332,v1
9333,v2
9334,v1
9335,v1
9336,v1
9337,v1
9338,v1
9339,v1
9340,v1
9341,v1
9342,v1
9343,v1
9344,v1
9345,v1
9346,v1
9347,v1
9348,v1
9349,v1
9350,v1
9351,v1
9352,v1
9353,v1
9354,v1
9355,v1
9356,v1
9357,v1
9358,v1
9359,v1
9360,v1
9361,v4
9362,v1
9363,v1
9364,v1
9365,v1
9366,v1
9367,v1
9368,v4
9369,v1
9370,v1
9371,v1
9372,v1
9373,v1
9374,v1
9375,v1
9376,v5
9377,v5
9378,v4
9379,v2
9380,v1
9381,v1
9382,v1
9383,v1
9384,v1
9385,v1
9386,v1
9387,v1
9388,v1
9389,v6
9390,v1
9391,v1
9392,v2
9393,v2
9394,v1
9395,v1
9396,v1
9397,v1
9398,v1
9399,v1
9400,v1
9401,v4
9402,v1
9403,v1
9404,v1
9405,v2
9406,v1
9407,v1
9408,v1
9409,v4
9410,v1
9411,v2
9412,v1
9413,v1
9414,v2
9415,v1
9416,v2
9417,v1
9418,v1
9419,v1
9420,v1
9421,v2
9422,v1
9423,v1
9424,v1
9425,v6
9426,v1
9427,v1
9428,v1
9429,v4
9430,v4
9431,v1
9432,v2
9433,v2
9434,v1
9435,v1
9436,v1
9437,v4
9438,v2
9439,v1
9440,v1
9441,v1
9442,v1
9443,v1
9444,v1
9445,v4
9446,v1
9447,v1
9448,v1
9449,v1
9450,v1
9451,v1
9452,v1
9453,v1
9454,v1
9455,v2
9456,v1
9457,v1
9458,v2
9459,v1
9460,v1
9461,v1
9462,v1
9463,v2
9464,v1
9465,v1
9466,v1
9467,v1
9468,v1
9469,v1
9470,v1
9471,v1
9472,v1
9473,v1
9474,v1
9475,v1
9476,v1
9477,v1
9478,v4
9479,v1
9480,v1
9481,v1
9482,v4
9483,v1
9484,v1
9485,v1
9486,v1
9487,v1
9488,v1
9489,v1
9490,v1
9491,v1
9492,v1
9493,v1
9494,v1
9495,v2
9496,v1
9497,v1
9498,v1
9499,v1
9500,v4
9501,v1
9502,v6
9503,v6
9504,v2
9505,v1
9506,v1
9507,v1
9508,v1
9509,v1
9510,v1
9511,v1
9512,v1
9513,v1
9514,v1
9515,v1
9516,v1
9517,v1
9518,v1
9519,v1
9520,v1
9521,v2
9522,v1
9523,v1
9524,v1
9525,v1
9526,v1
9527,v1
9528,v1
9529,v4
9530,v1
9531,v1
9532,v1
9533,v1
9534,v1
9535,v1
9536,v1
9537,v1
9538,v1
9539,v1
9540,v1
9541,v1
9542,v1
9543,v1
9544,v1
9545,v1
9546,v1
9547,v1
9548,v1
9549,v1
9550,v1
9551,v1
9552,v1
9553,v1
9554,v1
9555,v1
9556,v1
9557,v1
9558,v1
9559,v1
9560,v1
9561,v2
9562,v1
9563,v1
9564,v2
9565,v1
9566,v1
9567,v1
9568,v1
9569,v1
9570,v1
9571,v1
9572,v2
9573,v1
9574,v1
9575,v1
9576,v1
9577,v1
9578,v1
9579,v1
9580,v1
9581,v2
9582,v2
9583,v1
9584,v1
9585,v1
9586,v1
9587,v1
9588,v1
9589,v1
9590,v1
9591,v1
9592,v2
9593,v4
9594,v1
9595,v1
9596,v1
9597,v1
9598,v1
9599,v1
9600,v1
9601,v1
9602,v1
9603,v1
9604,v1
9605,v1
9606,v1
9607,v1
9608,v1
9609,v1
9610,v1
9611,v1
9612,v1
9613,v1
9614,v1
9615,v1
9616,v1
9617,v1
9618,v1
9619,v1
9620,v1
9621,v1
9622,v1
9623,v1
9624,v1
9625,v1
9626,v1
9627,v1
9628,v1
9629,v1
9630,v1
9631,v1
9632,v1
9633,v1
9634,v1
9635,v2
9636,v2
9637,v1
9638,v1
9639,v1
9640,v1
9641,v1
9642,v1
9643,v1
9644,v1
9645,v1
9646,v1
9647,v1
9648,v1
9649,v1
9650,v1
9651,v4
9652,v1
9653,v1
9654,v2
9655,v1
9656,v1
9657,v1
9658,v1
9659,v1
9660,v1
9661,v1
9662,v1
9663,v1
9664,v1
9665,v4
9666,v1
9667,v1
9668,v1
9669,v1
9670,v1
9671,v1
9672,v1
9673,v2
9674,v1
9675,v1
9676,v6
9677,v6
9678,v1
9679,v1
9680,v1
9681,v1
9682,v1
9683,v4
9684,v1
9685,v4
9686,v1
9687,v1
9688,v1
9689,v1
9690,v1
9691,v1
9692,v1
9693,v1
9694,v4
9695,v1
9696,v1
9697,v1
9698,v1
9699,v1
9700,v1
9701,v1
9702,v1
9703,v1
9704,v1
9705,v1
9706,v1
9707,v2
9708,v1
9709,v1
9710,v1
9711,v1
9712,v1
9713,v1
9714,v2
9715,v2
9716,v2
9717,v1
9718,v1
9719,v1
9720,v1
9721,v1
9722,v2
9723,v1
9724,v1
9725,v1
9726,v1
9727,v1
9728,v1
9729,v1
9730,v1
9731,v1
9732,v1
9733,v1
9734,v1
9735,v1
9736,v1
9737,v1
9738,v1
9739,v1
9740,v1
9741,v4
9742,v1
9743,v6
9744,v1
9745,v1
9746,v1
9747,v1
9748,v2
9749,v1
9750,v1
9751,v3
9752,v6
9753,v2
9754,v1
9755,v1
9756,v1
9757,v1
9758,v1
9759,v1
9760,v1
9761,v1
9762,v1
9763,v4
9764,v1
9765,v4
9766,v4
9767,v1
9768,v1
9769,v1
9770,v1
9771,v1
9772,v1
9773,v1
9774,v1
9775,v1
9776,v1
9777,v1
9778,v2
9779,v1
9780,v1
9781,v1
9782,v1
9783,v1
9784,v1
9785,v1
9786,v4
9787,v4
9788,v1
9789,v1
9790,v1
9791,v1
9792,v1
9793,v1
9794,v1
9795,v1
9796,v1
9797,v1
9798,v4
9799,v2
9800,v1
9801,v1
9802,v6
9803,v2
9804,v1
9805,v1
9806,v1
9807,v1
9808,v4
9809,v1
9810,v1
9811,v1
9812,v1
9813,v2
9814,v1
9815,v2
9816,v1
9817,v1
9818,v1
9819,v1
9820,v1
9821,v1
9822,v4
9823,v1
9824,v4
9825,v1
9826,v1
9827,v1
9828,v1
9829,v1
9830,v1
9831,v1
9832,v1
9833,v1
9834,v5
9835,v2
9836,v1
9837,v1
9838,v1
9839,v1
9840,v1
9841,v1
9842,v1
9843,v1
9844,v1
9845,v1
9846,v1
9847,v1
9848,v1
9849,v1
9850,v4
9851,v1
9852,v1
9853,v1
9854,v1
9855,v1
9856,v4
9857,v1
9858,v1
9859,v2
9860,v1
9861,v1
9862,v1
9863,v1
9864,v1
9865,v1
9866,v4
9867,v1
9868,v1
9869,v1
9870,v1
9871,v1
9872,v2
9873,v2
9874,v1
9875,v1
9876,v1
9877,v1
9878,v4
9879,v4
9880,v1
9881,v1
9882,v2
9883,v2
9884,v1
9885,v2
9886,v1
9887,v1
9888,v1
9889,v1
9890,v4
9891,v1
9892,v1
9893,v1
9894,v1
9895,v1
9896,v1
9897,v1
9898,v1
9899,v2
9900,v1
9901,v1
9902,v1
9903,v1
9904,v1
9905,v1
9906,v1
9907,v1
9908,v1
9909,v1
9910,v1
9911,v1
9912,v1
9913,v1
9914,v1
9915,v2
9916,v1
9917,v1
9918,v1
9919,v1
9920,v1
9921,v1
9922,v2
9923,v1
9924,v1
9925,v1
9926,v1
9927,v4
9928,v4
9929,v1
9930,v1
9931,v1
9932,v1
9933,v1
9934,v1
9935,v1
9936,v1
9937,v1
9938,v1
9939,v1
9940,v1
9941,v1
9942,v1
9943,v1
9944,v1
9945,v1
9946,v1
9947,v1
9948,v1
9949,v1
9950,v1
9951,v1
9952,v1
9953,v1
9954,v1
9955,v1
9956,v1
9957,v2
9958,v1
9959,v1
9960,v1
9961,v1
9962,v1
9963,v1
9964,v1
9965,v1
9966,v1
9967,v1
9968,v4
9969,v1
9970,v1
9971,v1
9972,v1
9973,v1
9974,v2
9975,v1
9976,v6
9977,v1
9978,v1
9979,v2
9980,v1
9981,v1
9982,v1
9983,v1
9984,v1
9985,v1
9986,v2
9987,v1
9988,v1
9989,v1
9990,v1
9991,v1
9992,v1
9993,v1
9994,v2
9995,v1
9996,v1
9997,v1
9998,v1
9999,v1
10000,v1
10001,v2
10002,v1
10003,v4
10004,v4
10005,v1
10006,v1
10007,v1
10008,v1
10009,v1
10010,v1
10011,v1
10012,v1
10013,v1
10014,v1
10015,v1
10016,v1
10017,v1
10018,v1
10019,v1
10020,v1
10021,v1
10022,v1
10023,v1
10024,v1
10025,v1
10026,v1
10027,v1
10028,v1
10029,v1
10030,v4
10031,v1
10032,v1
10033,v1
10034,v4
10035,v1
10036,v4
10037,v1
10038,v1
10039,v1
10040,v1
10041,v1
10042,v1
10043,v2
10044,v1
10045,v4
10046,v4
10047,v1
10048,v2
10049,v1
10050,v1
10051,v1
10052,v1
10053,v1
10054,v1
10055,v1
10056,v6
10057,v4
10058,v1
10059,v1
10060,v1
10061,v1
10062,v4
10063,v1
10064,v1
10065,v1
10066,v1
10067,v1
10068,v1
10069,v1
10070,v3
10071,v1
10072,v1
10073,v1
10074,v1
10075,v1
10076,v1
10077,v1
10078,v1
10079,v1
10080,v1
10081,v1
10082,v1
10083,v1
10084,v1
10085,v1
10086,v1
10087,v1
10088,v1
10089,v2
10090,v1
10091,v1
10092,v2
10093,v1
10094,v1
10095,v1
10096,v4
10097,v1
10098,v4
10099,v4
10100,v1
10101,v1
10102,v1
10103,v1
10104,v2
10105,v1
10106,v6
10107,v1
10108,v1
10109,v1
10110,v1
10111,v1
10112,v1
10113,v1
10114,v1
10115,v1
10116,v1
10117,v1
10118,v1
10119,v4
10120,v4
10121,v1
10122,v2
10123,v1
10124,v1
10125,v4
10126,v1
10127,v1
10128,v1
10129,v1
10130,v1
10131,v4
10132,v1
10133,v4
10134,v4
10135,v1
10136,v1
10137,v1
10138,v2
10139,v2
10140,v1
10141,v1
10142,v1
10143,v1
10144,v1
10145,v1
10146,v1
10147,v1
10148,v1
10149,v1
10150,v1
10151,v1
10152,v1
10153,v1
10154,v2
10155,v1
10156,v1
10157,v1
10158,v1
10159,v1
10160,v2
10161,v1
10162,v1
10163,v1
10164,v1
10165,v1
10166,v2
10167,v2
10168,v2
10169,v2
10170,v6
10171,v1
10172,v1
10173,v1
10174,v1
10175,v2
10176,v1
10177,v1
10178,v1
10179,v4
10180,v1
10181,v1
10182,v1
10183,v2
10184,v4
10185,v1
10186,v1
10187,v1
10188,v1
10189,v1
10190,v1
10191,v1
10192,v1
10193,v1
10194,v1
10195,v1
10196,v2
10197,v1
10198,v1
10199,v1
10200,v1
10201,v1
10202,v1
10203,v1
10204,v4
10205,v4
10206,v4
10207,v4
10208,v1
10209,v1
10210,v1
10211,v1
10212,v1
10213,v2
10214,v1
10215,v1
10216,v1
10217,v1
10218,v1
10219,v1
10220,v1
10221,v1
10222,v4
10223,v1
10224,v1
10225,v1
10226,v1
10227,v1
10228,v1
10229,v1
10230,v1
10231,v1
10232,v1
10233,v1
10234,v1
10235,v1
10236,v1
10237,v4
10238,v1
10239,v1
10240,v1
10241,v1
10242,v1
10243,v1
10244,v1
10245,v1
10246,v1
10247,v1
10248,v1
10249,v1
10250,v1
10251,v1
10252,v1
10253,v1
10254,v1
10255,v2
10256,v2
10257,v1
10258,v1
10259,v1
10260,v1
10261,v1
10262,v1
10263,v4
10264,v1
10265,v1
10266,v1
10267,v1
10268,v1
10269,v1
10270,v1
10271,v4
10272,v1
10273,v1
10274,v1
10275,v1
10276,v1
10277,v1
10278,v1
10279,v1
10280,v6
10281,v6
10282,v6
10283,v6
10284,v1
10285,v4
10286,v1
10287,v1
10288,v1
10289,v1
10290,v1
10291,v1
10292,v6
10293,v1
10294,v1
10295,v1
10296,v1
10297,v1
10298,v1
10299,v1
10300,v1
10301,v1
10302,v1
10303,v1
10304,v1
10305,v1
10306,v1
10307,v1
10308,v1
10309,v1
10310,v1
10311,v1
10312,v1
10313,v1
10314,v1
10315,v1
10316,v1
10317,v4
10318,v4
10319,v1
10320,v1
10321,v1
10322,v1
10323,v4
10324,v1
10325,v1
10326,v4
10327,v4
10328,v1
10329,v1
10330,v1
10331,v1
10332,v1
10333,v1
10334,v1
10335,v2
10336,v1
10337,v2
10338,v2
10339,v1
10340,v1
10341,v1
10342,v1
10343,v1
10344,v1
10345,v1
10346,v1
10347,v1
10348,v1
10349,v1
10350,v1
10351,v1
10352,v2
10353,v1
10354,v1
10355,v6
10356,v1
10357,v1
10358,v2
10359,v2
10360,v2
10361,v1
10362,v4
10363,v1
10364,v1
10365,v1
10366,v2
10367,v1
10368,v1
10369,v1
10370,v1
10371,v4
10372,v1
10373,v1
10374,v1
10375,v4
10376,v1
10377,v1
10378,v1
10379,v2
10380,v2
10381,v2
10382,v1
10383,v1
10384,v1
10385,v1
10386,v1
10387,v1
10388,v2
10389,v1
10390,v1
10391,v1
10392,v1
10393,v1
10394,v1
10395,v1
10396,v1
10397,v1
10398,v1
10399,v4
10400,v4
10401,v6
10402,v1
10403,v1
10404,v1
10405,v1
10406,v1
10407,v1
10408,v1
10409,v1
10410,v2
10411,v1
10412,v1
10413,v1
10414,v1
10415,v1
10416,v1
10417,v1
10418,v1
10419,v1
10420,v1
10421,v1
10422,v1
10423,v1
10424,v1
10425,v4
10426,v1
10427,v4
10428,v1
10429,v1
10430,v1
10431,v1
10432,v1
10433,v1
10434,v1
10435,v1
10436,v1
10437,v1
10438,v1
10439,v1
10440,v1
10441,v1
10442,v1
10443,v1
10444,v1
10445,v4
10446,v4
10447,v1
10448,v2
10449,v1
10450,v1
10451,v1
10452,v1
10453,v1
10454,v1
10455,v1
10456,v1
10457,v1
10458,v1
10459,v1
10460,v1
10461,v1
10462,v1
10463,v1
10464,v1
10465,v1
10466,v1
10467,v4
10468,v4
10469,v4
10470,v1
10471,v1
10472,v1
10473,v1
10474,v4
10475,v4
10476,v1
10477,v6
10478,v1
10479,v1
10480,v1
10481,v2
10482,v1
10483,v1
10484,v1
10485,v1
10486,v2
10487,v1
10488,v1
10489,v1
10490,v1
