crash_id,date_id
1,d1
2,d2
3,d1
4,d2
5,d2
6,d1
7,d3
8,d3
9,d3
10,d3
11,d3
12,d3
13,d4
14,d5
15,d5
16,d6
17,d5
18,d6
19,d5
20,d5
21,d7
22,d7
23,d7
24,d8
25,d8
26,d8
27,d8
28,d8
29,d8
30,d8
31,d7
32,d7
33,d7
34,d7
35,d7
36,d9
37,d9
38,d9
39,d9
40,d9
41,d9
42,d9
43,d9
44,d9
45,d9
46,d9
47,d9
48,d9
49,d9
50,d9
51,d9
52,d9
53,d9
54,d9
55,d10
56,d10
57,d10
58,d11
59,d11
60,d11
61,d12
62,d12
63,d11
64,d12
65,d12
66,d12
67,d13
68,d14
69,d14
70,d13
71,d13
72,d2
73,d2
74,d2
75,d2
76,d2
77,d2
78,d2
79,d2
80,d2
81,d3
82,d3
83,d3
84,d5
85,d5
86,d5
87,d5
88,d5
89,d5
90,d5
91,d5
92,d5
93,d5
94,d5
95,d5
96,d5
97,d5
98,d5
99,d7
100,d7
101,d7
102,d7
103,d7
104,d7
105,d7
106,d7
107,d7
108,d7
109,d7
110,d7
111,d7
112,d7
113,d7
114,d7
115,d7
116,d9
117,d9
118,d9
119,d9
120,d9
121,d9
122,d9
123,d9
124,d9
125,d9
126,d9
127,d9
128,d9
129,d9
130,d9
131,d10
132,d10
133,d10
134,d10
135,d10
136,d10
137,d10
138,d10
139,d10
140,d10
141,d10
142,d10
143,d10
144,d12
145,d12
146,d12
147,d12
148,d12
149,d12
150,d12
151,d12
152,d12
153,d12
154,d12
155,d12
156,d12
157,d12
158,d12
159,d12
160,d12
161,d12
162,d12
163,d14
164,d14
165,d14
166,d14
167,d2
168,d2
169,d2
170,d2
171,d2
172,d2
173,d2
174,d2
175,d2
176,d2
177,d2
178,d2
179,d3
180,d3
181,d3
182,d3
183,d3
184,d3
185,d4
186,d4
187,d5
188,d5
189,d5
190,d5
191,d5
192,d7
193,d7
194,d7
195,d7
196,d7
197,d7
198,d7
199,d7
200,d7
201,d9
202,d9
203,d9
204,d9
205,d9
206,d9
207,d9
208,d9
209,d9
210,d9
211,d9
212,d9
213,d9
214,d9
215,d9
216,d9
217,d9
218,d10
219,d10
220,d10
221,d10
222,d10
223,d10
224,d10
225,d10
226,d10
227,d10
228,d10
229,d10
230,d10
231,d10
232,d10
233,d10
234,d10
235,d12
236,d12
237,d12
238,d12
239,d12
240,d12
241,d12
242,d12
243,d14
244,d14
245,d14
246,d14
247,d14
248,d14
249,d14
250,d14
251,d14
252,d2
253,d2
254,d2
255,d2
256,d2
257,d2
258,d2
259,d3
260,d3
261,d3
262,d3
263,d3
264,d3
265,d3
266,d3
267,d3
268,d5
269,d5
270,d5
271,d5
272,d5
273,d5
274,d5
275,d5
276,d7
277,d7
278,d7
279,d7
280,d7
281,d7
282,d7
283,d7
284,d7
285,d7
286,d7
287,d7
288,d9
289,d9
290,d9
291,d9
292,d9
293,d9
294,d9
295,d9
296,d9
297,d9
298,d9
299,d9
300,d9
301,d10
302,d10
303,d10
304,d10
305,d10
306,d10
307,d10
308,d10
309,d10
310,d10
311,d12
312,d12
313,d12
314,d14
315,d14
316,d14
317,d14
318,d14
319,d14
320,d14
321,d14
322,d14
323,d14
324,d2
325,d2
326,d2
327,d2
328,d2
329,d2
330,d2
331,d2
332,d2
333,d2
334,d2
335,d2
336,d2
337,d3
338,d3
339,d3
340,d3
341,d3
342,d4
343,d4
344,d5
345,d5
346,d5
347,d5
348,d5
349,d5
350,d5
351,d5
352,d5
353,d7
354,d7
355,d7
356,d7
357,d7
358,d7
359,d7
360,d7
361,d7
362,d7
363,d7
364,d7
365,d7
366,d7
367,d9
368,d9
369,d9
370,d9
371,d9
372,d9
373,d9
374,d9
375,d9
376,d9
377,d10
378,d10
379,d10
380,d10
381,d10
382,d10
383,d10
384,d10
385,d12
386,d12
387,d12
388,d12
389,d12
390,d12
391,d12
392,d12
393,d14
394,d14
395,d14
396,d14
397,d14
398,d14
399,d2
400,d2
401,d2
402,d2
403,d2
404,d2
405,d2
406,d2
407,d2
408,d2
409,d2
410,d3
411,d5
412,d5
413,d5
414,d5
415,d5
416,d5
417,d5
418,d5
419,d5
420,d5
421,d5
422,d5
423,d5
424,d5
425,d7
426,d7
427,d7
428,d7
429,d7
430,d7
431,d7
432,d7
433,d7
434,d7
435,d7
436,d9
437,d9
438,d9
439,d9
440,d9
441,d9
442,d9
443,d9
444,d9
445,d9
446,d9
447,d9
448,d9
449,d9
450,d9
451,d9
452,d9
453,d10
454,d10
455,d10
456,d10
457,d10
458,d10
459,d10
460,d10
461,d10
462,d10
463,d10
464,d10
465,d10
466,d12
467,d12
468,d12
469,d12
470,d12
471,d12
472,d12
473,d12
474,d12
475,d12
476,d12
477,d12
478,d12
479,d12
480,d12
481,d12
482,d14
483,d14
484,d14
485,d14
486,d14
487,d14
488,d14
489,d14
490,d14
491,d14
492,d14
493,d14
494,d14
495,d14
496,d2
497,d2
498,d2
499,d2
500,d2
501,d2
502,d2
503,d2
504,d3
505,d3
506,d3
507,d3
508,d4
509,d5
510,d5
511,d5
512,d5
513,d5
514,d5
515,d5
516,d5
517,d5
518,d5
519,d5
520,d5
521,d5
522,d5
523,d5
524,d7
525,d7
526,d7
527,d9
528,d9
529,d9
530,d9
531,d9
532,d9
533,d9
534,d9
535,d9
536,d9
537,d9
538,d9
539,d9
540,d9
541,d9
542,d9
543,d9
544,d9
545,d9
546,d10
547,d10
548,d10
549,d10
550,d10
551,d12
552,d12
553,d12
554,d12
555,d12
556,d12
557,d12
558,d12
559,d12
560,d12
561,d12
562,d14
563,d14
564,d14
565,d14
566,d14
567,d14
568,d14
569,d14
570,d14
571,d14
572,d14
573,d14
574,d2
575,d2
576,d2
577,d2
578,d3
579,d3
580,d3
581,d3
582,d3
583,d3
584,d5
585,d5
586,d5
587,d7
588,d7
589,d7
590,d9
591,d9
592,d9
593,d9
594,d9
595,d9
596,d9
597,d9
598,d9
599,d9
600,d9
601,d10
602,d10
603,d10
604,d10
605,d10
606,d10
607,d10
608,d10
609,d10
610,d12
611,d12
612,d12
613,d12
614,d12
615,d12
616,d12
617,d12
618,d12
619,d12
620,d12
621,d12
622,d12
623,d12
624,d12
625,d12
626,d14
627,d14
628,d14
629,d14
630,d14
631,d14
632,d14
633,d14
634,d14
635,d14
636,d14
637,d14
638,d14
639,d14
640,d14
641,d14
642,d14
643,d14
644,d14
645,d2
646,d2
647,d2
648,d2
649,d2
650,d2
651,d2
652,d2
653,d3
654,d3
655,d3
656,d3
657,d3
658,d4
659,d4
660,d15
661,d5
662,d5
663,d5
664,d5
665,d15
666,d15
667,d15
668,d5
669,d15
670,d5
671,d5
672,d7
673,d7
674,d7
675,d7
676,d7
677,d7
678,d7
679,d7
680,d7
681,d7
682,d7
683,d9
684,d9
685,d9
686,d9
687,d9
688,d9
689,d9
690,d9
691,d9
692,d9
693,d9
694,d9
695,d9
696,d9
697,d9
698,d9
699,d10
700,d10
701,d10
702,d10
703,d10
704,d10
705,d10
706,d10
707,d10
708,d10
709,d10
710,d10
711,d10
712,d10
713,d10
714,d10
715,d10
716,d10
717,d10
718,d12
719,d12
720,d12
721,d12
722,d12
723,d12
724,d12
725,d12
726,d12
727,d12
728,d12
729,d12
730,d14
731,d14
732,d14
733,d14
734,d14
735,d14
736,d14
737,d2
738,d2
739,d2
740,d2
741,d2
742,d2
743,d2
744,d2
745,d2
746,d2
747,d2
748,d2
749,d2
750,d2
751,d2
752,d16
753,d17
754,d17
755,d3
756,d3
757,d3
758,d3
759,d3
760,d3
761,d4
762,d5
763,d5
764,d5
765,d5
766,d5
767,d7
768,d7
769,d18
770,d7
771,d7
772,d7
773,d7
774,d7
775,d7
776,d7
777,d9
778,d9
779,d9
780,d9
781,d9
782,d9
783,d19
784,d19
785,d9
786,d19
787,d9
788,d19
789,d10
790,d10
791,d10
792,d10
793,d20
794,d20
795,d10
796,d20
797,d10
798,d10
799,d20
800,d10
801,d10
802,d10
803,d20
804,d10
805,d10
806,d10
807,d20
808,d12
809,d12
810,d12
811,d12
812,d12
813,d12
814,d12
815,d14
816,d14
817,d14
818,d14
819,d14
820,d14
821,d2
822,d2
823,d2
824,d2
825,d2
826,d2
827,d2
828,d2
829,d2
830,d2
831,d2
832,d2
833,d2
834,d2
835,d2
836,d3
837,d3
838,d4
839,d4
840,d4
841,d5
842,d5
843,d5
844,d5
845,d5
846,d5
847,d5
848,d5
849,d5
850,d5
851,d5
852,d7
853,d7
854,d7
855,d7
856,d7
857,d7
858,d7
859,d7
860,d7
861,d7
862,d7
863,d7
864,d7
865,d7
866,d7
867,d7
868,d7
869,d9
870,d9
871,d9
872,d9
873,d9
874,d9
875,d9
876,d9
877,d9
878,d9
879,d9
880,d9
881,d9
882,d10
883,d10
884,d10
885,d10
886,d10
887,d10
888,d10
889,d10
890,d12
891,d12
892,d12
893,d12
894,d12
895,d12
896,d12
897,d12
898,d12
899,d14
900,d14
901,d14
902,d14
903,d14
904,d14
905,d14
906,d14
907,d14
908,d2
909,d2
910,d2
911,d2
912,d2
913,d2
914,d2
915,d2
916,d3
917,d3
918,d3
919,d4
920,d6
921,d5
922,d6
923,d5
924,d5
925,d5
926,d5
927,d5
928,d5
929,d6
930,d7
931,d7
932,d7
933,d7
934,d7
935,d7
936,d9
937,d9
938,d9
939,d9
940,d9
941,d9
942,d9
943,d9
944,d9
945,d9
946,d10
947,d10
948,d10
949,d10
950,d10
951,d10
952,d10
953,d10
954,d10
955,d10
956,d10
957,d10
958,d10
959,d12
960,d12
961,d12
962,d12
963,d12
964,d12
965,d11
966,d14
967,d14
968,d14
969,d14
970,d14
971,d14
972,d14
973,d14
974,d13
975,d13
976,d14
977,d14
978,d13
979,d14
980,d14
981,d14
982,d14
983,d1
984,d2
985,d2
986,d2
987,d2
988,d2
989,d1
990,d1
991,d1
992,d2
993,d2
994,d2
995,d2
996,d2
997,d2
998,d3
999,d3
1000,d6
1001,d5
1002,d5
1003,d5
1004,d5
1005,d5
1006,d5
1007,d5
1008,d5
1009,d5
1010,d5
1011,d8
1012,d7
1013,d7
1014,d7
1015,d7
1016,d7
1017,d7
1018,d7
1019,d7
1020,d7
1021,d7
1022,d7
1023,d8
1024,d7
1025,d7
1026,d7
1027,d8
1028,d7
1029,d7
1030,d7
1031,d7
1032,d9
1033,d9
1034,d9
1035,d21
1036,d21
1037,d9
1038,d9
1039,d21
1040,d21
1041,d9
1042,d9
1043,d21
1044,d21
1045,d21
1046,d10
1047,d10
1048,d10
1049,d22
1050,d10
1051,d10
1052,d22
1053,d10
1054,d10
1055,d10
1056,d10
1057,d10
1058,d10
1059,d12
1060,d11
1061,d12
1062,d12
1063,d11
1064,d12
1065,d12
1066,d12
1067,d13
1068,d14
1069,d14
1070,d14
1071,d14
1072,d14
1073,d13
1074,d14
1075,d14
1076,d13
1077,d14
1078,d14
1079,d2
1080,d2
1081,d2
1082,d2
1083,d2
1084,d2
1085,d2
1086,d3
1087,d3
1088,d5
1089,d5
1090,d5
1091,d5
1092,d5
1093,d5
1094,d5
1095,d5
1096,d5
1097,d5
1098,d5
1099,d7
1100,d7
1101,d7
1102,d7
1103,d7
1104,d7
1105,d7
1106,d7
1107,d7
1108,d7
1109,d7
1110,d9
1111,d9
1112,d9
1113,d9
1114,d9
1115,d9
1116,d10
1117,d10
1118,d10
1119,d10
1120,d10
1121,d10
1122,d10
1123,d10
1124,d10
1125,d10
1126,d12
1127,d12
1128,d12
1129,d12
1130,d14
1131,d14
1132,d14
1133,d14
1134,d14
1135,d14
1136,d14
1137,d14
1138,d14
1139,d14
1140,d14
1141,d14
1142,d14
1143,d2
1144,d2
1145,d2
1146,d2
1147,d2
1148,d3
1149,d3
1150,d3
1151,d4
1152,d5
1153,d5
1154,d5
1155,d5
1156,d5
1157,d5
1158,d5
1159,d5
1160,d5
1161,d5
1162,d5
1163,d7
1164,d7
1165,d7
1166,d7
1167,d7
1168,d7
1169,d7
1170,d7
1171,d7
1172,d7
1173,d9
1174,d9
1175,d9
1176,d9
1177,d9
1178,d9
1179,d9
1180,d9
1181,d9
1182,d9
1183,d9
1184,d10
1185,d10
1186,d10
1187,d10
1188,d10
1189,d10
1190,d10
1191,d10
1192,d10
1193,d10
1194,d12
1195,d12
1196,d12
1197,d12
1198,d12
1199,d12
1200,d12
1201,d12
1202,d12
1203,d12
1204,d12
1205,d12
1206,d12
1207,d12
1208,d12
1209,d12
1210,d12
1211,d12
1212,d14
1213,d14
1214,d14
1215,d14
1216,d14
1217,d14
1218,d14
1219,d14
1220,d14
1221,d2
1222,d2
1223,d2
1224,d2
1225,d2
1226,d2
1227,d2
1228,d2
1229,d2
1230,d2
1231,d2
1232,d2
1233,d2
1234,d2
1235,d2
1236,d3
1237,d3
1238,d3
1239,d3
1240,d3
1241,d3
1242,d4
1243,d5
1244,d5
1245,d5
1246,d5
1247,d5
1248,d5
1249,d5
1250,d5
1251,d5
1252,d5
1253,d5
1254,d5
1255,d7
1256,d7
1257,d7
1258,d7
1259,d7
1260,d7
1261,d7
1262,d7
1263,d7
1264,d7
1265,d7
1266,d7
1267,d7
1268,d7
1269,d7
1270,d7
1271,d7
1272,d7
1273,d7
1274,d7
1275,d7
1276,d7
1277,d7
1278,d7
1279,d7
1280,d9
1281,d9
1282,d9
1283,d9
1284,d9
1285,d9
1286,d9
1287,d9
1288,d9
1289,d9
1290,d9
1291,d9
1292,d9
1293,d9
1294,d9
1295,d10
1296,d10
1297,d10
1298,d10
1299,d10
1300,d10
1301,d10
1302,d10
1303,d10
1304,d10
1305,d12
1306,d12
1307,d12
1308,d12
1309,d12
1310,d12
1311,d12
1312,d12
1313,d12
1314,d12
1315,d14
1316,d14
1317,d14
1318,d14
1319,d14
1320,d14
1321,d14
1322,d14
1323,d2
1324,d2
1325,d2
1326,d2
1327,d2
1328,d2
1329,d2
1330,d2
1331,d2
1332,d3
1333,d3
1334,d3
1335,d3
1336,d3
1337,d3
1338,d3
1339,d3
1340,d4
1341,d4
1342,d5
1343,d5
1344,d5
1345,d5
1346,d5
1347,d5
1348,d5
1349,d7
1350,d7
1351,d7
1352,d7
1353,d7
1354,d7
1355,d7
1356,d7
1357,d7
1358,d7
1359,d7
1360,d7
1361,d7
1362,d7
1363,d9
1364,d9
1365,d9
1366,d9
1367,d9
1368,d9
1369,d9
1370,d9
1371,d9
1372,d9
1373,d10
1374,d10
1375,d10
1376,d10
1377,d10
1378,d10
1379,d10
1380,d10
1381,d10
1382,d10
1383,d10
1384,d10
1385,d10
1386,d10
1387,d10
1388,d10
1389,d10
1390,d10
1391,d12
1392,d12
1393,d12
1394,d12
1395,d12
1396,d12
1397,d12
1398,d12
1399,d14
1400,d14
1401,d14
1402,d14
1403,d14
1404,d14
1405,d14
1406,d14
1407,d14
1408,d14
1409,d14
1410,d2
1411,d2
1412,d2
1413,d2
1414,d2
1415,d2
1416,d2
1417,d2
1418,d2
1419,d2
1420,d2
1421,d2
1422,d2
1423,d2
1424,d3
1425,d3
1426,d3
1427,d4
1428,d5
1429,d5
1430,d5
1431,d5
1432,d5
1433,d5
1434,d5
1435,d5
1436,d5
1437,d5
1438,d5
1439,d5
1440,d5
1441,d5
1442,d5
1443,d7
1444,d7
1445,d7
1446,d7
1447,d7
1448,d7
1449,d7
1450,d7
1451,d7
1452,d7
1453,d7
1454,d7
1455,d7
1456,d7
1457,d7
1458,d7
1459,d7
1460,d9
1461,d9
1462,d9
1463,d9
1464,d9
1465,d9
1466,d9
1467,d9
1468,d9
1469,d9
1470,d9
1471,d9
1472,d9
1473,d9
1474,d10
1475,d10
1476,d10
1477,d10
1478,d10
1479,d12
1480,d12
1481,d12
1482,d12
1483,d12
1484,d12
1485,d12
1486,d12
1487,d12
1488,d12
1489,d12
1490,d12
1491,d12
1492,d14
1493,d14
1494,d14
1495,d14
1496,d14
1497,d14
1498,d14
1499,d14
1500,d14
1501,d14
1502,d14
1503,d14
1504,d14
1505,d14
1506,d14
1507,d14
1508,d2
1509,d2
1510,d2
1511,d2
1512,d2
1513,d2
1514,d2
1515,d2
1516,d2
1517,d2
1518,d2
1519,d3
1520,d4
1521,d4
1522,d5
1523,d5
1524,d5
1525,d5
1526,d7
1527,d7
1528,d7
1529,d7
1530,d7
1531,d7
1532,d7
1533,d7
1534,d7
1535,d7
1536,d7
1537,d7
1538,d7
1539,d9
1540,d9
1541,d9
1542,d9
1543,d9
1544,d9
1545,d9
1546,d9
1547,d9
1548,d9
1549,d9
1550,d9
1551,d9
1552,d9
1553,d9
1554,d9
1555,d9
1556,d9
1557,d9
1558,d9
1559,d9
1560,d10
1561,d10
1562,d10
1563,d10
1564,d10
1565,d10
1566,d10
1567,d10
1568,d10
1569,d10
1570,d12
1571,d12
1572,d12
1573,d12
1574,d14
1575,d14
1576,d14
1577,d14
1578,d14
1579,d14
1580,d14
1581,d14
1582,d2
1583,d2
1584,d2
1585,d2
1586,d2
1587,d2
1588,d2
1589,d2
1590,d2
1591,d2
1592,d2
1593,d2
1594,d3
1595,d4
1596,d5
1597,d5
1598,d5
1599,d5
1600,d5
1601,d5
1602,d7
1603,d7
1604,d7
1605,d7
1606,d7
1607,d7
1608,d7
1609,d7
1610,d7
1611,d7
1612,d9
1613,d9
1614,d9
1615,d9
1616,d9
1617,d9
1618,d9
1619,d10
1620,d10
1621,d10
1622,d10
1623,d10
1624,d10
1625,d10
1626,d10
1627,d10
1628,d10
1629,d10
1630,d10
1631,d10
1632,d12
1633,d12
1634,d12
1635,d12
1636,d12
1637,d12
1638,d12
1639,d12
1640,d14
1641,d14
1642,d14
1643,d14
1644,d14
1645,d14
1646,d14
1647,d14
1648,d14
1649,d14
1650,d14
1651,d16
1652,d16
1653,d16
1654,d16
1655,d16
1656,d16
1657,d2
1658,d2
1659,d2
1660,d17
1661,d3
1662,d3
1663,d5
1664,d15
1665,d5
1666,d5
1667,d5
1668,d15
1669,d7
1670,d7
1671,d7
1672,d7
1673,d7
1674,d18
1675,d7
1676,d7
1677,d7
1678,d7
1679,d7
1680,d7
1681,d7
1682,d7
1683,d19
1684,d9
1685,d9
1686,d19
1687,d19
1688,d9
1689,d9
1690,d9
1691,d9
1692,d9
1693,d20
1694,d10
1695,d10
1696,d10
1697,d10
1698,d10
1699,d10
1700,d10
1701,d10
1702,d10
1703,d10
1704,d10
1705,d20
1706,d10
1707,d20
1708,d10
1709,d12
1710,d12
1711,d12
1712,d12
1713,d12
1714,d12
1715,d12
1716,d12
1717,d12
1718,d12
1719,d14
1720,d14
1721,d14
1722,d14
1723,d14
1724,d14
1725,d2
1726,d2
1727,d2
1728,d2
1729,d2
1730,d2
1731,d2
1732,d2
1733,d2
1734,d2
1735,d2
1736,d2
1737,d2
1738,d2
1739,d2
1740,d3
1741,d4
1742,d5
1743,d5
1744,d5
1745,d5
1746,d5
1747,d5
1748,d5
1749,d5
1750,d5
1751,d5
1752,d5
1753,d5
1754,d7
1755,d7
1756,d7
1757,d7
1758,d7
1759,d7
1760,d7
1761,d7
1762,d7
1763,d7
1764,d7
1765,d7
1766,d7
1767,d7
1768,d7
1769,d7
1770,d7
1771,d7
1772,d7
1773,d7
1774,d9
1775,d9
1776,d9
1777,d9
1778,d10
1779,d10
1780,d10
1781,d10
1782,d10
1783,d10
1784,d10
1785,d10
1786,d10
1787,d10
1788,d10
1789,d10
1790,d10
1791,d10
1792,d12
1793,d12
1794,d12
1795,d12
1796,d12
1797,d12
1798,d12
1799,d12
1800,d12
1801,d12
1802,d14
1803,d14
1804,d14
1805,d14
1806,d14
1807,d14
1808,d14
1809,d14
1810,d14
1811,d14
1812,d14
1813,d14
1814,d14
1815,d14
1816,d2
1817,d2
1818,d2
1819,d2
1820,d2
1821,d3
1822,d3
1823,d3
1824,d3
1825,d5
1826,d5
1827,d5
1828,d5
1829,d5
1830,d5
1831,d5
1832,d5
1833,d5
1834,d7
1835,d7
1836,d7
1837,d7
1838,d7
1839,d7
1840,d7
1841,d7
1842,d7
1843,d7
1844,d7
1845,d9
1846,d9
1847,d9
1848,d9
1849,d9
1850,d9
1851,d9
1852,d9
1853,d9
1854,d9
1855,d9
1856,d9
1857,d10
1858,d10
1859,d10
1860,d10
1861,d10
1862,d10
1863,d10
1864,d10
1865,d10
1866,d10
1867,d10
1868,d10
1869,d10
1870,d10
1871,d10
1872,d12
1873,d12
1874,d12
1875,d12
1876,d12
1877,d12
1878,d12
1879,d12
1880,d14
1881,d14
1882,d14
1883,d14
1884,d14
1885,d14
1886,d14
1887,d2
1888,d2
1889,d2
1890,d2
1891,d2
1892,d2
1893,d2
1894,d2
1895,d2
1896,d2
1897,d2
1898,d2
1899,d2
1900,d2
1901,d2
1902,d3
1903,d3
1904,d3
1905,d3
1906,d3
1907,d3
1908,d23
1909,d5
1910,d5
1911,d5
1912,d5
1913,d5
1914,d5
1915,d5
1916,d5
1917,d5
1918,d5
1919,d7
1920,d7
1921,d7
1922,d7
1923,d7
1924,d7
1925,d7
1926,d7
1927,d7
1928,d7
1929,d9
1930,d9
1931,d21
1932,d9
1933,d9
1934,d9
1935,d9
1936,d9
1937,d9
1938,d9
1939,d10
1940,d10
1941,d10
1942,d12
1943,d12
1944,d12
1945,d12
1946,d12
1947,d12
1948,d12
1949,d12
1950,d12
1951,d12
1952,d12
1953,d12
1954,d12
1955,d11
1956,d12
1957,d12
1958,d12
1959,d12
1960,d12
1961,d12
1962,d12
1963,d14
1964,d14
1965,d14
1966,d14
1967,d14
1968,d14
1969,d14
1970,d14
1971,d14
1972,d14
1973,d14
1974,d14
1975,d14
1976,d1
1977,d2
1978,d1
1979,d2
1980,d1
1981,d2
1982,d1
1983,d1
1984,d1
1985,d2
1986,d3
1987,d24
1988,d24
1989,d3
1990,d3
1991,d3
1992,d7
1993,d8
1994,d7
1995,d7
1996,d7
1997,d8
1998,d8
1999,d8
2000,d8
2001,d8
2002,d7
2003,d7
2004,d7
2005,d7
2006,d7
2007,d9
2008,d9
2009,d9
2010,d9
2011,d9
2012,d10
2013,d10
2014,d10
2015,d10
2016,d10
2017,d10
2018,d22
2019,d10
2020,d10
2021,d10
2022,d10
2023,d10
2024,d11
2025,d11
2026,d11
2027,d11
2028,d11
2029,d12
2030,d14
2031,d14
2032,d14
2033,d14
2034,d14
2035,d14
2036,d14
2037,d14
2038,d13
2039,d13
2040,d2
2041,d2
2042,d2
2043,d2
2044,d2
2045,d2
2046,d2
2047,d2
2048,d3
2049,d3
2050,d3
2051,d3
2052,d5
2053,d5
2054,d5
2055,d5
2056,d5
2057,d5
2058,d5
2059,d5
2060,d7
2061,d7
2062,d7
2063,d7
2064,d7
2065,d7
2066,d7
2067,d7
2068,d7
2069,d7
2070,d7
2071,d7
2072,d7
2073,d7
2074,d7
2075,d7
2076,d7
2077,d7
2078,d9
2079,d9
2080,d9
2081,d9
2082,d9
2083,d9
2084,d9
2085,d9
2086,d9
2087,d9
2088,d9
2089,d9
2090,d10
2091,d10
2092,d10
2093,d10
2094,d10
2095,d10
2096,d10
2097,d10
2098,d10
2099,d10
2100,d10
2101,d10
2102,d10
2103,d10
2104,d12
2105,d12
2106,d12
2107,d12
2108,d12
2109,d12
2110,d12
2111,d12
2112,d12
2113,d12
2114,d12
2115,d12
2116,d12
2117,d14
2118,d14
2119,d14
2120,d14
2121,d14
2122,d14
2123,d2
2124,d2
2125,d2
2126,d2
2127,d2
2128,d3
2129,d3
2130,d3
2131,d3
2132,d3
2133,d4
2134,d4
2135,d5
2136,d5
2137,d5
2138,d5
2139,d5
2140,d7
2141,d7
2142,d7
2143,d7
2144,d7
2145,d7
2146,d7
2147,d7
2148,d7
2149,d7
2150,d7
2151,d7
2152,d7
2153,d9
2154,d9
2155,d9
2156,d9
2157,d9
2158,d9
2159,d9
2160,d9
2161,d9
2162,d9
2163,d9
2164,d9
2165,d9
2166,d9
2167,d9
2168,d9
2169,d9
2170,d9
2171,d10
2172,d10
2173,d10
2174,d10
2175,d10
2176,d10
2177,d12
2178,d12
2179,d12
2180,d12
2181,d12
2182,d14
2183,d14
2184,d14
2185,d14
2186,d14
2187,d14
2188,d14
2189,d14
2190,d14
2191,d14
2192,d2
2193,d2
2194,d2
2195,d2
2196,d2
2197,d2
2198,d2
2199,d2
2200,d2
2201,d3
2202,d3
2203,d3
2204,d3
2205,d3
2206,d3
2207,d3
2208,d3
2209,d3
2210,d3
2211,d3
2212,d4
2213,d5
2214,d5
2215,d5
2216,d5
2217,d5
2218,d5
2219,d5
2220,d5
2221,d7
2222,d7
2223,d7
2224,d7
2225,d7
2226,d7
2227,d7
2228,d7
2229,d7
2230,d7
2231,d9
2232,d9
2233,d9
2234,d9
2235,d9
2236,d9
2237,d9
2238,d9
2239,d9
2240,d9
2241,d9
2242,d9
2243,d9
2244,d9
2245,d9
2246,d10
2247,d10
2248,d10
2249,d10
2250,d10
2251,d10
2252,d10
2253,d10
2254,d10
2255,d10
2256,d10
2257,d10
2258,d10
2259,d10
2260,d10
2261,d12
2262,d12
2263,d12
2264,d12
2265,d12
2266,d12
2267,d12
2268,d12
2269,d12
2270,d12
2271,d12
2272,d12
2273,d12
2274,d12
2275,d12
2276,d12
2277,d14
2278,d14
2279,d14
2280,d14
2281,d14
2282,d14
2283,d14
2284,d14
2285,d14
2286,d2
2287,d2
2288,d2
2289,d2
2290,d2
2291,d2
2292,d2
2293,d3
2294,d3
2295,d3
2296,d3
2297,d5
2298,d5
2299,d5
2300,d5
2301,d5
2302,d5
2303,d5
2304,d5
2305,d5
2306,d5
2307,d7
2308,d7
2309,d7
2310,d7
2311,d7
2312,d7
2313,d7
2314,d7
2315,d7
2316,d7
2317,d7
2318,d7
2319,d9
2320,d9
2321,d9
2322,d9
2323,d9
2324,d9
2325,d9
2326,d9
2327,d9
2328,d9
2329,d9
2330,d10
2331,d10
2332,d10
2333,d10
2334,d10
2335,d10
2336,d10
2337,d10
2338,d10
2339,d12
2340,d12
2341,d12
2342,d12
2343,d12
2344,d12
2345,d12
2346,d12
2347,d12
2348,d12
2349,d12
2350,d12
2351,d12
2352,d14
2353,d14
2354,d14
2355,d14
2356,d14
2357,d14
2358,d14
2359,d14
2360,d14
2361,d2
2362,d2
2363,d2
2364,d2
2365,d2
2366,d2
2367,d2
2368,d2
2369,d2
2370,d2
2371,d2
2372,d2
2373,d2
2374,d2
2375,d3
2376,d3
2377,d3
2378,d4
2379,d5
2380,d5
2381,d5
2382,d5
2383,d5
2384,d7
2385,d7
2386,d7
2387,d7
2388,d7
2389,d7
2390,d9
2391,d9
2392,d9
2393,d9
2394,d9
2395,d9
2396,d9
2397,d9
2398,d9
2399,d9
2400,d9
2401,d9
2402,d9
2403,d10
2404,d10
2405,d10
2406,d10
2407,d10
2408,d10
2409,d10
2410,d10
2411,d10
2412,d12
2413,d12
2414,d12
2415,d12
2416,d12
2417,d12
2418,d12
2419,d12
2420,d14
2421,d14
2422,d14
2423,d14
2424,d14
2425,d14
2426,d14
2427,d2
2428,d2
2429,d2
2430,d2
2431,d2
2432,d3
2433,d3
2434,d3
2435,d3
2436,d5
2437,d5
2438,d5
2439,d5
2440,d5
2441,d5
2442,d5
2443,d5
2444,d5
2445,d5
2446,d5
2447,d5
2448,d7
2449,d7
2450,d7
2451,d7
2452,d7
2453,d7
2454,d7
2455,d7
2456,d7
2457,d7
2458,d9
2459,d9
2460,d9
2461,d9
2462,d9
2463,d9
2464,d9
2465,d9
2466,d9
2467,d10
2468,d10
2469,d10
2470,d10
2471,d10
2472,d10
2473,d10
2474,d10
2475,d10
2476,d10
2477,d10
2478,d10
2479,d10
2480,d10
2481,d10
2482,d10
2483,d10
2484,d12
2485,d12
2486,d12
2487,d12
2488,d12
2489,d12
2490,d12
2491,d12
2492,d12
2493,d12
2494,d14
2495,d14
2496,d14
2497,d14
2498,d14
2499,d14
2500,d14
2501,d14
2502,d14
2503,d14
2504,d2
2505,d2
2506,d2
2507,d2
2508,d2
2509,d2
2510,d2
2511,d2
2512,d2
2513,d2
2514,d2
2515,d3
2516,d3
2517,d3
2518,d4
2519,d5
2520,d5
2521,d5
2522,d5
2523,d5
2524,d5
2525,d5
2526,d5
2527,d5
2528,d5
2529,d7
2530,d7
2531,d7
2532,d7
2533,d7
2534,d7
2535,d7
2536,d7
2537,d7
2538,d7
2539,d7
2540,d9
2541,d9
2542,d9
2543,d9
2544,d9
2545,d9
2546,d9
2547,d9
2548,d9
2549,d9
2550,d9
2551,d9
2552,d9
2553,d9
2554,d9
2555,d9
2556,d9
2557,d9
2558,d10
2559,d10
2560,d10
2561,d10
2562,d10
2563,d10
2564,d10
2565,d10
2566,d10
2567,d10
2568,d10
2569,d10
2570,d12
2571,d12
2572,d12
2573,d12
2574,d12
2575,d12
2576,d12
2577,d12
2578,d12
2579,d12
2580,d12
2581,d12
2582,d14
2583,d14
2584,d14
2585,d14
2586,d14
2587,d14
2588,d14
2589,d14
2590,d14
2591,d14
2592,d14
2593,d14
2594,d14
2595,d2
2596,d2
2597,d2
2598,d16
2599,d2
2600,d16
2601,d16
2602,d2
2603,d2
2604,d2
2605,d3
2606,d17
2607,d3
2608,d3
2609,d25
2610,d25
2611,d4
2612,d15
2613,d5
2614,d15
2615,d15
2616,d5
2617,d5
2618,d15
2619,d5
2620,d18
2621,d7
2622,d7
2623,d7
2624,d7
2625,d7
2626,d7
2627,d7
2628,d7
2629,d7
2630,d18
2631,d7
2632,d7
2633,d7
2634,d9
2635,d9
2636,d9
2637,d9
2638,d9
2639,d9
2640,d19
2641,d9
2642,d9
2643,d9
2644,d9
2645,d9
2646,d9
2647,d9
2648,d9
2649,d20
2650,d20
2651,d10
2652,d10
2653,d10
2654,d10
2655,d20
2656,d10
2657,d10
2658,d10
2659,d10
2660,d20
2661,d10
2662,d10
2663,d10
2664,d20
2665,d12
2666,d12
2667,d12
2668,d12
2669,d12
2670,d12
2671,d12
2672,d12
2673,d14
2674,d14
2675,d14
2676,d14
2677,d14
2678,d14
2679,d14
2680,d2
2681,d2
2682,d2
2683,d2
2684,d2
2685,d2
2686,d2
2687,d2
2688,d2
2689,d2
2690,d3
2691,d3
2692,d3
2693,d4
2694,d5
2695,d5
2696,d5
2697,d5
2698,d5
2699,d5
2700,d5
2701,d5
2702,d5
2703,d5
2704,d7
2705,d7
2706,d7
2707,d7
2708,d7
2709,d7
2710,d7
2711,d7
2712,d7
2713,d7
2714,d9
2715,d9
2716,d9
2717,d9
2718,d9
2719,d9
2720,d9
2721,d9
2722,d9
2723,d9
2724,d9
2725,d9
2726,d10
2727,d10
2728,d10
2729,d10
2730,d10
2731,d10
2732,d10
2733,d10
2734,d10
2735,d10
2736,d10
2737,d12
2738,d12
2739,d12
2740,d12
2741,d12
2742,d12
2743,d12
2744,d12
2745,d12
2746,d14
2747,d14
2748,d14
2749,d14
2750,d14
2751,d14
2752,d14
2753,d14
2754,d14
2755,d14
2756,d14
2757,d14
2758,d2
2759,d2
2760,d2
2761,d2
2762,d2
2763,d2
2764,d2
2765,d2
2766,d3
2767,d3
2768,d3
2769,d4
2770,d4
2771,d5
2772,d5
2773,d5
2774,d5
2775,d7
2776,d7
2777,d7
2778,d7
2779,d7
2780,d7
2781,d7
2782,d7
2783,d7
2784,d7
2785,d7
2786,d7
2787,d7
2788,d7
2789,d7
2790,d7
2791,d7
2792,d7
2793,d7
2794,d7
2795,d7
2796,d7
2797,d7
2798,d7
2799,d7
2800,d9
2801,d9
2802,d9
2803,d9
2804,d9
2805,d9
2806,d9
2807,d9
2808,d9
2809,d9
2810,d9
2811,d9
2812,d9
2813,d9
2814,d9
2815,d9
2816,d9
2817,d9
2818,d9
2819,d9
2820,d10
2821,d10
2822,d10
2823,d10
2824,d10
2825,d10
2826,d10
2827,d10
2828,d10
2829,d10
2830,d12
2831,d12
2832,d12
2833,d12
2834,d12
2835,d12
2836,d12
2837,d12
2838,d12
2839,d12
2840,d12
2841,d12
2842,d12
2843,d12
2844,d12
2845,d12
2846,d12
2847,d14
2848,d14
2849,d14
2850,d14
2851,d14
2852,d14
2853,d14
2854,d14
2855,d14
2856,d14
2857,d14
2858,d14
2859,d14
2860,d14
2861,d2
2862,d2
2863,d2
2864,d2
2865,d2
2866,d2
2867,d2
2868,d2
2869,d2
2870,d3
2871,d3
2872,d3
2873,d3
2874,d3
2875,d3
2876,d3
2877,d23
2878,d5
2879,d5
2880,d5
2881,d5
2882,d6
2883,d6
2884,d5
2885,d7
2886,d7
2887,d8
2888,d8
2889,d7
2890,d7
2891,d7
2892,d7
2893,d7
2894,d7
2895,d7
2896,d21
2897,d9
2898,d9
2899,d9
2900,d9
2901,d21
2902,d9
2903,d9
2904,d9
2905,d9
2906,d9
2907,d9
2908,d9
2909,d9
2910,d10
2911,d10
2912,d10
2913,d10
2914,d10
2915,d10
2916,d10
2917,d10
2918,d10
2919,d10
2920,d10
2921,d10
2922,d10
2923,d10
2924,d12
2925,d12
2926,d12
2927,d12
2928,d14
2929,d14
2930,d14
2931,d14
2932,d14
2933,d14
2934,d14
2935,d14
2936,d14
2937,d14
2938,d14
2939,d14
2940,d14
2941,d2
2942,d1
2943,d2
2944,d2
2945,d2
2946,d2
2947,d2
2948,d1
2949,d2
2950,d2
2951,d2
2952,d2
2953,d1
2954,d2
2955,d3
2956,d3
2957,d3
2958,d24
2959,d3
2960,d3
2961,d4
2962,d5
2963,d6
2964,d6
2965,d5
2966,d5
2967,d5
2968,d5
2969,d5
2970,d6
2971,d5
2972,d7
2973,d8
2974,d7
2975,d7
2976,d8
2977,d7
2978,d8
2979,d8
2980,d8
2981,d7
2982,d8
2983,d8
2984,d9
2985,d9
2986,d9
2987,d9
2988,d9
2989,d9
2990,d22
2991,d10
2992,d22
2993,d22
2994,d22
2995,d10
2996,d10
2997,d10
2998,d10
2999,d22
3000,d10
3001,d10
3002,d22
3003,d22
3004,d22
3005,d22
3006,d12
3007,d12
3008,d12
3009,d12
3010,d12
3011,d11
3012,d12
3013,d12
3014,d12
3015,d12
3016,d12
3017,d12
3018,d12
3019,d14
3020,d14
3021,d14
3022,d14
3023,d14
3024,d14
3025,d13
3026,d14
3027,d13
3028,d14
3029,d14
3030,d14
3031,d14
3032,d14
3033,d14
3034,d2
3035,d2
3036,d2
3037,d2
3038,d2
3039,d2
3040,d2
3041,d2
3042,d3
3043,d3
3044,d3
3045,d4
3046,d4
3047,d5
3048,d5
3049,d5
3050,d5
3051,d5
3052,d5
3053,d5
3054,d5
3055,d5
3056,d5
3057,d5
3058,d5
3059,d5
3060,d5
3061,d5
3062,d7
3063,d7
3064,d7
3065,d7
3066,d7
3067,d7
3068,d7
3069,d7
3070,d7
3071,d7
3072,d7
3073,d9
3074,d9
3075,d9
3076,d9
3077,d9
3078,d9
3079,d9
3080,d9
3081,d10
3082,d10
3083,d10
3084,d10
3085,d10
3086,d10
3087,d10
3088,d10
3089,d10
3090,d10
3091,d10
3092,d10
3093,d10
3094,d10
3095,d12
3096,d12
3097,d12
3098,d12
3099,d12
3100,d12
3101,d12
3102,d12
3103,d12
3104,d12
3105,d12
3106,d12
3107,d12
3108,d12
3109,d12
3110,d12
3111,d12
3112,d12
3113,d14
3114,d14
3115,d14
3116,d14
3117,d14
3118,d14
3119,d14
3120,d14
3121,d14
3122,d14
3123,d14
3124,d14
3125,d14
3126,d2
3127,d2
3128,d2
3129,d2
3130,d2
3131,d2
3132,d2
3133,d2
3134,d2
3135,d2
3136,d2
3137,d2
3138,d2
3139,d2
3140,d3
3141,d3
3142,d3
3143,d3
3144,d3
3145,d4
3146,d4
3147,d5
3148,d5
3149,d5
3150,d5
3151,d5
3152,d5
3153,d5
3154,d7
3155,d7
3156,d7
3157,d7
3158,d7
3159,d7
3160,d7
3161,d7
3162,d7
3163,d7
3164,d7
3165,d7
3166,d7
3167,d7
3168,d7
3169,d7
3170,d7
3171,d7
3172,d7
3173,d7
3174,d7
3175,d7
3176,d9
3177,d9
3178,d9
3179,d9
3180,d9
3181,d9
3182,d9
3183,d9
3184,d9
3185,d9
3186,d9
3187,d9
3188,d9
3189,d9
3190,d9
3191,d9
3192,d9
3193,d9
3194,d9
3195,d10
3196,d10
3197,d10
3198,d10
3199,d10
3200,d10
3201,d10
3202,d10
3203,d10
3204,d10
3205,d10
3206,d10
3207,d10
3208,d10
3209,d10
3210,d12
3211,d12
3212,d12
3213,d12
3214,d12
3215,d12
3216,d12
3217,d12
3218,d12
3219,d12
3220,d12
3221,d14
3222,d14
3223,d14
3224,d14
3225,d14
3226,d14
3227,d14
3228,d2
3229,d2
3230,d2
3231,d2
3232,d2
3233,d2
3234,d2
3235,d3
3236,d3
3237,d5
3238,d7
3239,d7
3240,d7
3241,d7
3242,d7
3243,d7
3244,d7
3245,d7
3246,d7
3247,d7
3248,d7
3249,d7
3250,d7
3251,d7
3252,d7
3253,d9
3254,d9
3255,d9
3256,d9
3257,d9
3258,d9
3259,d9
3260,d9
3261,d9
3262,d9
3263,d10
3264,d10
3265,d10
3266,d10
3267,d10
3268,d10
3269,d10
3270,d10
3271,d10
3272,d10
3273,d10
3274,d10
3275,d10
3276,d10
3277,d10
3278,d10
3279,d10
3280,d10
3281,d10
3282,d10
3283,d10
3284,d10
3285,d12
3286,d12
3287,d12
3288,d12
3289,d12
3290,d12
3291,d12
3292,d12
3293,d12
3294,d12
3295,d14
3296,d14
3297,d14
3298,d14
3299,d14
3300,d14
3301,d14
3302,d14
3303,d14
3304,d14
3305,d14
3306,d14
3307,d14
3308,d2
3309,d2
3310,d2
3311,d2
3312,d2
3313,d2
3314,d2
3315,d2
3316,d2
3317,d2
3318,d2
3319,d2
3320,d2
3321,d3
3322,d3
3323,d3
3324,d4
3325,d5
3326,d5
3327,d5
3328,d5
3329,d5
3330,d5
3331,d5
3332,d5
3333,d5
3334,d5
3335,d5
3336,d5
3337,d5
3338,d7
3339,d7
3340,d7
3341,d7
3342,d7
3343,d7
3344,d7
3345,d7
3346,d7
3347,d7
3348,d9
3349,d9
3350,d9
3351,d9
3352,d9
3353,d9
3354,d9
3355,d9
3356,d9
3357,d9
3358,d9
3359,d10
3360,d10
3361,d10
3362,d10
3363,d10
3364,d10
3365,d10
3366,d10
3367,d10
3368,d12
3369,d12
3370,d12
3371,d12
3372,d12
3373,d12
3374,d12
3375,d14
3376,d14
3377,d14
3378,d14
3379,d14
3380,d14
3381,d14
3382,d14
3383,d2
3384,d2
3385,d2
3386,d2
3387,d2
3388,d2
3389,d2
3390,d2
3391,d2
3392,d2
3393,d2
3394,d3
3395,d3
3396,d3
3397,d3
3398,d3
3399,d3
3400,d3
3401,d3
3402,d3
3403,d3
3404,d3
3405,d4
3406,d5
3407,d5
3408,d5
3409,d5
3410,d5
3411,d5
3412,d5
3413,d5
3414,d5
3415,d5
3416,d7
3417,d7
3418,d7
3419,d7
3420,d7
3421,d7
3422,d7
3423,d7
3424,d7
3425,d7
3426,d7
3427,d7
3428,d7
3429,d7
3430,d7
3431,d7
3432,d7
3433,d7
3434,d7
3435,d9
3436,d9
3437,d9
3438,d9
3439,d9
3440,d9
3441,d9
3442,d9
3443,d9
3444,d9
3445,d9
3446,d10
3447,d10
3448,d10
3449,d10
3450,d10
3451,d10
3452,d10
3453,d10
3454,d10
3455,d10
3456,d10
3457,d10
3458,d10
3459,d10
3460,d10
3461,d10
3462,d12
3463,d12
3464,d12
3465,d12
3466,d12
3467,d12
3468,d12
3469,d12
3470,d14
3471,d14
3472,d14
3473,d14
3474,d14
3475,d14
3476,d14
3477,d14
3478,d14
3479,d14
3480,d14
3481,d14
3482,d14
3483,d14
3484,d14
3485,d2
3486,d2
3487,d2
3488,d2
3489,d2
3490,d2
3491,d2
3492,d2
3493,d2
3494,d2
3495,d3
3496,d3
3497,d4
3498,d4
3499,d5
3500,d5
3501,d5
3502,d5
3503,d5
3504,d5
3505,d5
3506,d5
3507,d7
3508,d7
3509,d7
3510,d7
3511,d7
3512,d7
3513,d7
3514,d7
3515,d7
3516,d9
3517,d9
3518,d9
3519,d9
3520,d9
3521,d9
3522,d9
3523,d9
3524,d9
3525,d9
3526,d9
3527,d9
3528,d9
3529,d10
3530,d10
3531,d10
3532,d10
3533,d10
3534,d10
3535,d10
3536,d10
3537,d10
3538,d10
3539,d10
3540,d10
3541,d10
3542,d12
3543,d12
3544,d12
3545,d12
3546,d12
3547,d12
3548,d12
3549,d12
3550,d12
3551,d12
3552,d12
3553,d12
3554,d12
3555,d14
3556,d14
3557,d14
3558,d14
3559,d14
3560,d14
3561,d14
3562,d14
3563,d14
3564,d14
3565,d14
3566,d14
3567,d14
3568,d14
3569,d14
3570,d14
3571,d14
3572,d14
3573,d14
3574,d14
3575,d14
3576,d14
3577,d14
3578,d14
3579,d14
3580,d14
3581,d14
3582,d14
3583,d14
3584,d2
3585,d2
3586,d2
3587,d2
3588,d2
3589,d2
3590,d2
3591,d2
3592,d3
3593,d3
3594,d3
3595,d3
3596,d3
3597,d5
3598,d5
3599,d5
3600,d5
3601,d5
3602,d7
3603,d7
3604,d7
3605,d7
3606,d7
3607,d7
3608,d7
3609,d7
3610,d7
3611,d7
3612,d7
3613,d7
3614,d7
3615,d7
3616,d7
3617,d7
3618,d7
3619,d7
3620,d7
3621,d7
3622,d7
3623,d7
3624,d9
3625,d9
3626,d9
3627,d9
3628,d9
3629,d9
3630,d9
3631,d9
3632,d9
3633,d9
3634,d9
3635,d10
3636,d10
3637,d10
3638,d10
3639,d10
3640,d10
3641,d10
3642,d10
3643,d10
3644,d10
3645,d10
3646,d10
3647,d10
3648,d10
3649,d10
3650,d12
3651,d12
3652,d12
3653,d12
3654,d12
3655,d12
3656,d12
3657,d12
3658,d12
3659,d14
3660,d14
3661,d14
3662,d14
3663,d16
3664,d2
3665,d2
3666,d2
3667,d2
3668,d2
3669,d17
3670,d3
3671,d3
3672,d3
3673,d17
3674,d17
3675,d5
3676,d5
3677,d15
3678,d5
3679,d15
3680,d15
3681,d7
3682,d18
3683,d18
3684,d18
3685,d18
3686,d7
3687,d18
3688,d7
3689,d18
3690,d7
3691,d7
3692,d18
3693,d18
3694,d7
3695,d7
3696,d18
3697,d7
3698,d7
3699,d7
3700,d9
3701,d9
3702,d9
3703,d9
3704,d9
3705,d9
3706,d19
3707,d9
3708,d9
3709,d9
3710,d9
3711,d9
3712,d9
3713,d19
3714,d9
3715,d20
3716,d20
3717,d10
3718,d10
3719,d10
3720,d20
3721,d20
3722,d20
3723,d10
3724,d10
3725,d10
3726,d10
3727,d10
3728,d10
3729,d20
3730,d10
3731,d10
3732,d10
3733,d10
3734,d12
3735,d12
3736,d12
3737,d12
3738,d12
3739,d12
3740,d12
3741,d12
3742,d14
3743,d14
3744,d14
3745,d14
3746,d14
3747,d2
3748,d2
3749,d2
3750,d2
3751,d2
3752,d2
3753,d2
3754,d2
3755,d3
3756,d3
3757,d3
3758,d4
3759,d4
3760,d5
3761,d5
3762,d5
3763,d5
3764,d5
3765,d5
3766,d5
3767,d5
3768,d5
3769,d5
3770,d5
3771,d7
3772,d7
3773,d7
3774,d7
3775,d7
3776,d7
3777,d7
3778,d7
3779,d7
3780,d7
3781,d7
3782,d7
3783,d7
3784,d7
3785,d7
3786,d7
3787,d7
3788,d7
3789,d7
3790,d7
3791,d9
3792,d9
3793,d9
3794,d9
3795,d9
3796,d9
3797,d9
3798,d9
3799,d9
3800,d9
3801,d9
3802,d9
3803,d9
3804,d9
3805,d9
3806,d9
3807,d9
3808,d9
3809,d9
3810,d10
3811,d10
3812,d10
3813,d10
3814,d10
3815,d12
3816,d12
3817,d12
3818,d12
3819,d12
3820,d12
3821,d12
3822,d12
3823,d12
3824,d12
3825,d12
3826,d14
3827,d14
3828,d14
3829,d14
3830,d14
3831,d14
3832,d14
3833,d14
3834,d14
3835,d14
3836,d14
3837,d14
3838,d14
3839,d14
3840,d14
3841,d14
3842,d14
3843,d14
3844,d2
3845,d2
3846,d2
3847,d2
3848,d2
3849,d2
3850,d2
3851,d2
3852,d3
3853,d3
3854,d3
3855,d3
3856,d3
3857,d4
3858,d5
3859,d5
3860,d5
3861,d5
3862,d5
3863,d5
3864,d5
3865,d5
3866,d7
3867,d7
3868,d7
3869,d7
3870,d7
3871,d7
3872,d7
3873,d7
3874,d7
3875,d7
3876,d7
3877,d7
3878,d7
3879,d7
3880,d9
3881,d9
3882,d9
3883,d9
3884,d9
3885,d9
3886,d9
3887,d9
3888,d9
3889,d9
3890,d9
3891,d9
3892,d9
3893,d9
3894,d9
3895,d9
3896,d9
3897,d9
3898,d10
3899,d10
3900,d10
3901,d10
3902,d10
3903,d10
3904,d10
3905,d10
3906,d10
3907,d10
3908,d10
3909,d12
3910,d12
3911,d12
3912,d12
3913,d12
3914,d12
3915,d12
3916,d12
3917,d12
3918,d12
3919,d12
3920,d12
3921,d12
3922,d14
3923,d14
3924,d14
3925,d14
3926,d14
3927,d14
3928,d14
3929,d14
3930,d14
3931,d14
3932,d14
3933,d14
3934,d2
3935,d1
3936,d2
3937,d2
3938,d1
3939,d2
3940,d2
3941,d2
3942,d2
3943,d2
3944,d2
3945,d1
3946,d2
3947,d2
3948,d2
3949,d3
3950,d3
3951,d4
3952,d4
3953,d4
3954,d5
3955,d5
3956,d5
3957,d5
3958,d5
3959,d5
3960,d5
3961,d5
3962,d7
3963,d7
3964,d7
3965,d7
3966,d7
3967,d7
3968,d7
3969,d7
3970,d7
3971,d7
3972,d9
3973,d9
3974,d9
3975,d9
3976,d9
3977,d9
3978,d9
3979,d9
3980,d9
3981,d9
3982,d9
3983,d9
3984,d9
3985,d9
3986,d9
3987,d21
3988,d9
3989,d21
3990,d21
3991,d9
3992,d9
3993,d9
3994,d9
3995,d9
3996,d10
3997,d10
3998,d10
3999,d10
4000,d10
4001,d10
4002,d10
4003,d10
4004,d10
4005,d10
4006,d10
4007,d10
4008,d10
4009,d12
4010,d12
4011,d12
4012,d12
4013,d12
4014,d12
4015,d12
4016,d12
4017,d12
4018,d12
4019,d14
4020,d14
4021,d14
4022,d14
4023,d14
4024,d14
4025,d14
4026,d14
4027,d14
4028,d14
4029,d2
4030,d1
4031,d1
4032,d2
4033,d2
4034,d2
4035,d2
4036,d3
4037,d3
4038,d3
4039,d3
4040,d24
4041,d3
4042,d3
4043,d24
4044,d3
4045,d3
4046,d6
4047,d6
4048,d6
4049,d5
4050,d5
4051,d6
4052,d5
4053,d5
4054,d5
4055,d5
4056,d5
4057,d5
4058,d5
4059,d7
4060,d7
4061,d7
4062,d7
4063,d7
4064,d7
4065,d7
4066,d7
4067,d7
4068,d9
4069,d9
4070,d21
4071,d9
4072,d9
4073,d9
4074,d9
4075,d9
4076,d21
4077,d9
4078,d9
4079,d22
4080,d22
4081,d22
4082,d10
4083,d22
4084,d10
4085,d10
4086,d22
4087,d22
4088,d10
4089,d10
4090,d22
4091,d11
4092,d11
4093,d12
4094,d12
4095,d12
4096,d12
4097,d12
4098,d12
4099,d11
4100,d12
4101,d12
4102,d12
4103,d13
4104,d14
4105,d14
4106,d14
4107,d14
4108,d14
4109,d14
4110,d14
4111,d13
4112,d13
4113,d14
4114,d14
4115,d14
4116,d14
4117,d13
4118,d14
4119,d2
4120,d2
4121,d2
4122,d2
4123,d2
4124,d2
4125,d2
4126,d3
4127,d3
4128,d3
4129,d3
4130,d3
4131,d3
4132,d3
4133,d4
4134,d4
4135,d4
4136,d5
4137,d5
4138,d5
4139,d5
4140,d7
4141,d7
4142,d7
4143,d7
4144,d7
4145,d7
4146,d7
4147,d7
4148,d7
4149,d7
4150,d7
4151,d7
4152,d7
4153,d7
4154,d7
4155,d7
4156,d7
4157,d7
4158,d7
4159,d7
4160,d7
4161,d9
4162,d9
4163,d9
4164,d9
4165,d9
4166,d9
4167,d9
4168,d9
4169,d9
4170,d9
4171,d9
4172,d9
4173,d9
4174,d9
4175,d9
4176,d9
4177,d9
4178,d9
4179,d9
4180,d9
4181,d9
4182,d9
4183,d9
4184,d9
4185,d9
4186,d10
4187,d10
4188,d10
4189,d10
4190,d10
4191,d10
4192,d10
4193,d10
4194,d10
4195,d10
4196,d10
4197,d10
4198,d12
4199,d12
4200,d12
4201,d12
4202,d12
4203,d12
4204,d12
4205,d12
4206,d12
4207,d12
4208,d12
4209,d12
4210,d12
4211,d14
4212,d14
4213,d14
4214,d14
4215,d14
4216,d14
4217,d14
4218,d2
4219,d2
4220,d2
4221,d2
4222,d2
4223,d2
4224,d2
4225,d2
4226,d2
4227,d2
4228,d2
4229,d2
4230,d2
4231,d2
4232,d2
4233,d3
4234,d3
4235,d5
4236,d5
4237,d5
4238,d5
4239,d5
4240,d5
4241,d5
4242,d5
4243,d5
4244,d5
4245,d7
4246,d7
4247,d7
4248,d7
4249,d7
4250,d7
4251,d7
4252,d7
4253,d7
4254,d7
4255,d7
4256,d7
4257,d7
4258,d7
4259,d7
4260,d7
4261,d7
4262,d7
4263,d7
4264,d7
4265,d7
4266,d7
4267,d9
4268,d9
4269,d9
4270,d9
4271,d9
4272,d9
4273,d9
4274,d9
4275,d9
4276,d9
4277,d9
4278,d9
4279,d10
4280,d10
4281,d10
4282,d10
4283,d10
4284,d10
4285,d10
4286,d10
4287,d10
4288,d10
4289,d10
4290,d10
4291,d10
4292,d10
4293,d12
4294,d12
4295,d12
4296,d12
4297,d12
4298,d12
4299,d12
4300,d12
4301,d12
4302,d12
4303,d14
4304,d14
4305,d14
4306,d14
4307,d14
4308,d14
4309,d14
4310,d14
4311,d14
4312,d14
4313,d14
4314,d14
4315,d14
4316,d14
4317,d14
4318,d2
4319,d2
4320,d2
4321,d3
4322,d3
4323,d3
4324,d3
4325,d3
4326,d3
4327,d3
4328,d4
4329,d5
4330,d5
4331,d5
4332,d5
4333,d5
4334,d5
4335,d5
4336,d5
4337,d5
4338,d5
4339,d5
4340,d5
4341,d5
4342,d7
4343,d7
4344,d7
4345,d7
4346,d7
4347,d7
4348,d7
4349,d7
4350,d7
4351,d7
4352,d7
4353,d7
4354,d7
4355,d7
4356,d7
4357,d7
4358,d7
4359,d7
4360,d9
4361,d9
4362,d9
4363,d9
4364,d9
4365,d9
4366,d9
4367,d9
4368,d9
4369,d9
4370,d9
4371,d9
4372,d9
4373,d9
4374,d9
4375,d9
4376,d9
4377,d9
4378,d10
4379,d10
4380,d10
4381,d10
4382,d10
4383,d12
4384,d12
4385,d12
4386,d12
4387,d12
4388,d12
4389,d12
4390,d12
4391,d12
4392,d14
4393,d14
4394,d14
4395,d14
4396,d14
4397,d14
4398,d14
4399,d14
4400,d2
4401,d2
4402,d2
4403,d2
4404,d2
4405,d2
4406,d2
4407,d2
4408,d2
4409,d2
4410,d2
4411,d3
4412,d4
4413,d5
4414,d5
4415,d5
4416,d5
4417,d5
4418,d5
4419,d5
4420,d5
4421,d7
4422,d7
4423,d7
4424,d7
4425,d7
4426,d7
4427,d7
4428,d7
4429,d7
4430,d7
4431,d7
4432,d7
4433,d7
4434,d7
4435,d7
4436,d7
4437,d7
4438,d7
4439,d7
4440,d7
4441,d7
4442,d7
4443,d7
4444,d9
4445,d9
4446,d9
4447,d9
4448,d9
4449,d9
4450,d9
4451,d9
4452,d9
4453,d9
4454,d9
4455,d9
4456,d9
4457,d9
4458,d9
4459,d9
4460,d9
4461,d10
4462,d10
4463,d10
4464,d10
4465,d10
4466,d10
4467,d10
4468,d10
4469,d10
4470,d10
4471,d10
4472,d12
4473,d12
4474,d12
4475,d12
4476,d12
4477,d12
4478,d12
4479,d12
4480,d12
4481,d12
4482,d14
4483,d14
4484,d14
4485,d14
4486,d14
4487,d14
4488,d14
4489,d14
4490,d14
4491,d14
4492,d14
4493,d2
4494,d2
4495,d2
4496,d2
4497,d2
4498,d2
4499,d2
4500,d2
4501,d3
4502,d3
4503,d3
4504,d3
4505,d3
4506,d3
4507,d3
4508,d3
4509,d3
4510,d5
4511,d5
4512,d5
4513,d5
4514,d5
4515,d5
4516,d5
4517,d5
4518,d5
4519,d5
4520,d5
4521,d7
4522,d7
4523,d7
4524,d7
4525,d7
4526,d7
4527,d7
4528,d7
4529,d7
4530,d7
4531,d7
4532,d7
4533,d7
4534,d7
4535,d7
4536,d7
4537,d7
4538,d9
4539,d9
4540,d9
4541,d9
4542,d9
4543,d9
4544,d9
4545,d9
4546,d9
4547,d9
4548,d10
4549,d10
4550,d10
4551,d10
4552,d10
4553,d10
4554,d10
4555,d10
4556,d10
4557,d10
4558,d10
4559,d10
4560,d12
4561,d12
4562,d12
4563,d12
4564,d12
4565,d12
4566,d12
4567,d12
4568,d12
4569,d14
4570,d14
4571,d14
4572,d14
4573,d14
4574,d14
4575,d14
4576,d14
4577,d14
4578,d14
4579,d14
4580,d14
4581,d14
4582,d14
4583,d14
4584,d2
4585,d2
4586,d2
4587,d2
4588,d2
4589,d2
4590,d2
4591,d2
4592,d2
4593,d2
4594,d2
4595,d3
4596,d3
4597,d3
4598,d4
4599,d4
4600,d4
4601,d5
4602,d5
4603,d5
4604,d5
4605,d5
4606,d5
4607,d5
4608,d5
4609,d5
4610,d7
4611,d7
4612,d7
4613,d7
4614,d7
4615,d7
4616,d7
4617,d7
4618,d7
4619,d7
4620,d7
4621,d7
4622,d9
4623,d9
4624,d9
4625,d9
4626,d9
4627,d9
4628,d9
4629,d9
4630,d9
4631,d9
4632,d9
4633,d9
4634,d9
4635,d9
4636,d9
4637,d9
4638,d9
4639,d10
4640,d10
4641,d10
4642,d10
4643,d10
4644,d12
4645,d12
4646,d12
4647,d12
4648,d12
4649,d12
4650,d12
4651,d12
4652,d12
4653,d12
4654,d12
4655,d12
4656,d14
4657,d14
4658,d14
4659,d14
4660,d14
4661,d14
4662,d14
4663,d14
4664,d14
4665,d2
4666,d2
4667,d2
4668,d3
4669,d3
4670,d3
4671,d3
4672,d3
4673,d3
4674,d3
4675,d3
4676,d4
4677,d5
4678,d5
4679,d5
4680,d5
4681,d5
4682,d5
4683,d7
4684,d7
4685,d7
4686,d7
4687,d7
4688,d7
4689,d7
4690,d7
4691,d7
4692,d7
4693,d7
4694,d7
4695,d7
4696,d7
4697,d7
4698,d7
4699,d7
4700,d9
4701,d9
4702,d9
4703,d9
4704,d9
4705,d9
4706,d9
4707,d9
4708,d9
4709,d9
4710,d10
4711,d10
4712,d10
4713,d10
4714,d10
4715,d10
4716,d10
4717,d10
4718,d10
4719,d10
4720,d10
4721,d10
4722,d10
4723,d10
4724,d10
4725,d10
4726,d10
4727,d12
4728,d12
4729,d12
4730,d12
4731,d12
4732,d12
4733,d12
4734,d12
4735,d12
4736,d14
4737,d14
4738,d14
4739,d14
4740,d14
4741,d14
4742,d14
4743,d14
4744,d14
4745,d14
4746,d2
4747,d2
4748,d2
4749,d2
4750,d2
4751,d2
4752,d2
4753,d16
4754,d17
4755,d3
4756,d3
4757,d3
4758,d17
4759,d4
4760,d5
4761,d5
4762,d5
4763,d7
4764,d18
4765,d7
4766,d7
4767,d7
4768,d7
4769,d7
4770,d7
4771,d7
4772,d7
4773,d7
4774,d7
4775,d9
4776,d9
4777,d9
4778,d19
4779,d9
4780,d9
4781,d19
4782,d9
4783,d9
4784,d19
4785,d9
4786,d10
4787,d10
4788,d10
4789,d10
4790,d10
4791,d10
4792,d10
4793,d10
4794,d10
4795,d12
4796,d12
4797,d12
4798,d12
4799,d12
4800,d12
4801,d12
4802,d12
4803,d14
4804,d14
4805,d14
4806,d14
4807,d14
4808,d14
4809,d14
4810,d14
4811,d14
4812,d14
4813,d14
4814,d14
4815,d14
4816,d14
4817,d14
4818,d14
4819,d14
4820,d14
4821,d14
4822,d2
4823,d2
4824,d2
4825,d2
4826,d2
4827,d2
4828,d2
4829,d3
4830,d3
4831,d4
4832,d5
4833,d5
4834,d5
4835,d5
4836,d5
4837,d5
4838,d5
4839,d5
4840,d5
4841,d5
4842,d5
4843,d5
4844,d5
4845,d7
4846,d7
4847,d7
4848,d7
4849,d7
4850,d7
4851,d7
4852,d7
4853,d7
4854,d7
4855,d7
4856,d7
4857,d7
4858,d7
4859,d7
4860,d7
4861,d7
4862,d7
4863,d7
4864,d7
4865,d7
4866,d7
4867,d7
4868,d9
4869,d9
4870,d9
4871,d9
4872,d9
4873,d9
4874,d9
4875,d9
4876,d9
4877,d9
4878,d9
4879,d9
4880,d9
4881,d9
4882,d9
4883,d10
4884,d10
4885,d10
4886,d10
4887,d10
4888,d10
4889,d10
4890,d10
4891,d10
4892,d10
4893,d12
4894,d12
4895,d12
4896,d12
4897,d12
4898,d12
4899,d12
4900,d12
4901,d12
4902,d12
4903,d12
4904,d12
4905,d12
4906,d12
4907,d12
4908,d12
4909,d14
4910,d14
4911,d14
4912,d14
4913,d14
4914,d14
4915,d14
4916,d14
4917,d14
4918,d14
4919,d14
4920,d14
4921,d14
4922,d2
4923,d2
4924,d2
4925,d2
4926,d2
4927,d2
4928,d2
4929,d2
4930,d2
4931,d2
4932,d3
4933,d3
4934,d3
4935,d3
4936,d5
4937,d5
4938,d5
4939,d5
4940,d5
4941,d5
4942,d5
4943,d5
4944,d5
4945,d5
4946,d5
4947,d7
4948,d7
4949,d7
4950,d7
4951,d7
4952,d7
4953,d7
4954,d7
4955,d7
4956,d7
4957,d7
4958,d7
4959,d7
4960,d7
4961,d7
4962,d7
4963,d7
4964,d7
4965,d7
4966,d7
4967,d7
4968,d9
4969,d9
4970,d9
4971,d9
4972,d9
4973,d9
4974,d9
4975,d9
4976,d9
4977,d9
4978,d9
4979,d10
4980,d10
4981,d10
4982,d10
4983,d10
4984,d10
4985,d10
4986,d10
4987,d10
4988,d10
4989,d10
4990,d12
4991,d12
4992,d12
4993,d12
4994,d12
4995,d12
4996,d12
4997,d12
4998,d12
4999,d12
5000,d12
5001,d12
5002,d12
5003,d14
5004,d14
5005,d14
5006,d14
5007,d14
5008,d14
5009,d14
5010,d14
5011,d14
5012,d14
5013,d14
5014,d14
5015,d2
5016,d2
5017,d1
5018,d2
5019,d2
5020,d2
5021,d1
5022,d2
5023,d2
5024,d3
5025,d24
5026,d24
5027,d3
5028,d24
5029,d3
5030,d3
5031,d4
5032,d4
5033,d5
5034,d5
5035,d5
5036,d5
5037,d5
5038,d5
5039,d5
5040,d5
5041,d5
5042,d5
5043,d5
5044,d5
5045,d5
5046,d7
5047,d7
5048,d7
5049,d7
5050,d7
5051,d7
5052,d7
5053,d9
5054,d9
5055,d9
5056,d9
5057,d9
5058,d9
5059,d9
5060,d9
5061,d9
5062,d10
5063,d10
5064,d10
5065,d22
5066,d22
5067,d10
5068,d10
5069,d10
5070,d10
5071,d10
5072,d10
5073,d10
5074,d10
5075,d12
5076,d12
5077,d12
5078,d12
5079,d12
5080,d12
5081,d12
5082,d12
5083,d12
5084,d12
5085,d14
5086,d14
5087,d13
5088,d14
5089,d14
5090,d14
5091,d14
5092,d14
5093,d13
5094,d14
5095,d13
5096,d14
5097,d1
5098,d2
5099,d2
5100,d2
5101,d2
5102,d1
5103,d2
5104,d2
5105,d2
5106,d2
5107,d2
5108,d2
5109,d2
5110,d2
5111,d2
5112,d3
5113,d3
5114,d4
5115,d5
5116,d5
5117,d5
5118,d5
5119,d5
5120,d5
5121,d6
5122,d6
5123,d4
5124,d6
5125,d7
5126,d7
5127,d7
5128,d7
5129,d7
5130,d7
5131,d7
5132,d7
5133,d7
5134,d8
5135,d7
5136,d8
5137,d7
5138,d7
5139,d7
5140,d8
5141,d7
5142,d9
5143,d9
5144,d9
5145,d9
5146,d21
5147,d21
5148,d9
5149,d9
5150,d9
5151,d9
5152,d9
5153,d9
5154,d9
5155,d9
5156,d10
5157,d22
5158,d10
5159,d10
5160,d10
5161,d10
5162,d10
5163,d10
5164,d10
5165,d10
5166,d10
5167,d10
5168,d10
5169,d10
5170,d10
5171,d12
5172,d12
5173,d12
5174,d11
5175,d12
5176,d12
5177,d12
5178,d11
5179,d12
5180,d12
5181,d12
5182,d12
5183,d11
5184,d12
5185,d12
5186,d11
5187,d12
5188,d12
5189,d13
5190,d13
5191,d14
5192,d13
5193,d14
5194,d14
5195,d14
5196,d14
5197,d14
5198,d13
5199,d13
5200,d13
5201,d13
5202,d2
5203,d2
5204,d2
5205,d2
5206,d2
5207,d2
5208,d2
5209,d2
5210,d2
5211,d2
5212,d3
5213,d4
5214,d4
5215,d4
5216,d4
5217,d5
5218,d5
5219,d5
5220,d5
5221,d5
5222,d5
5223,d5
5224,d4
5225,d4
5226,d7
5227,d7
5228,d7
5229,d7
5230,d7
5231,d7
5232,d7
5233,d7
5234,d7
5235,d7
5236,d7
5237,d7
5238,d7
5239,d7
5240,d7
5241,d9
5242,d9
5243,d9
5244,d9
5245,d9
5246,d9
5247,d10
5248,d10
5249,d10
5250,d10
5251,d10
5252,d10
5253,d10
5254,d10
5255,d10
5256,d10
5257,d10
5258,d10
5259,d10
5260,d10
5261,d12
5262,d12
5263,d12
5264,d12
5265,d12
5266,d12
5267,d12
5268,d12
5269,d12
5270,d14
5271,d14
5272,d14
5273,d14
5274,d14
5275,d14
5276,d14
5277,d14
5278,d14
5279,d14
5280,d14
5281,d14
5282,d14
5283,d14
5284,d2
5285,d2
5286,d2
5287,d2
5288,d2
5289,d2
5290,d2
5291,d2
5292,d2
5293,d3
5294,d3
5295,d3
5296,d3
5297,d4
5298,d5
5299,d4
5300,d5
5301,d4
5302,d5
5303,d5
5304,d5
5305,d5
5306,d7
5307,d7
5308,d7
5309,d7
5310,d7
5311,d7
5312,d7
5313,d7
5314,d7
5315,d7
5316,d7
5317,d7
5318,d7
5319,d7
5320,d7
5321,d9
5322,d9
5323,d9
5324,d9
5325,d9
5326,d9
5327,d9
5328,d9
5329,d9
5330,d9
5331,d9
5332,d9
5333,d9
5334,d9
5335,d9
5336,d9
5337,d9
5338,d9
5339,d9
5340,d9
5341,d9
5342,d9
5343,d9
5344,d10
5345,d10
5346,d10
5347,d10
5348,d10
5349,d10
5350,d10
5351,d10
5352,d10
5353,d10
5354,d10
5355,d10
5356,d10
5357,d10
5358,d12
5359,d12
5360,d12
5361,d12
5362,d12
5363,d12
5364,d12
5365,d12
5366,d12
5367,d12
5368,d12
5369,d12
5370,d12
5371,d12
5372,d12
5373,d12
5374,d12
5375,d14
5376,d14
5377,d14
5378,d14
5379,d14
5380,d14
5381,d14
5382,d14
5383,d14
5384,d14
5385,d2
5386,d2
5387,d2
5388,d2
5389,d2
5390,d2
5391,d2
5392,d2
5393,d2
5394,d2
5395,d2
5396,d2
5397,d3
5398,d3
5399,d3
5400,d5
5401,d5
5402,d5
5403,d5
5404,d5
5405,d5
5406,d5
5407,d5
5408,d5
5409,d5
5410,d7
5411,d7
5412,d7
5413,d7
5414,d7
5415,d7
5416,d7
5417,d7
5418,d7
5419,d7
5420,d7
5421,d7
5422,d7
5423,d9
5424,d9
5425,d9
5426,d9
5427,d9
5428,d9
5429,d9
5430,d9
5431,d9
5432,d9
5433,d9
5434,d9
5435,d9
5436,d9
5437,d9
5438,d9
5439,d9
5440,d10
5441,d10
5442,d10
5443,d10
5444,d10
5445,d10
5446,d10
5447,d12
5448,d12
5449,d12
5450,d12
5451,d12
5452,d12
5453,d12
5454,d12
5455,d12
5456,d12
5457,d12
5458,d12
5459,d12
5460,d12
5461,d12
5462,d14
5463,d14
5464,d14
5465,d14
5466,d14
5467,d14
5468,d14
5469,d14
5470,d14
5471,d14
5472,d14
5473,d14
5474,d2
5475,d2
5476,d2
5477,d2
5478,d2
5479,d2
5480,d2
5481,d2
5482,d2
5483,d2
5484,d2
5485,d2
5486,d3
5487,d3
5488,d3
5489,d2
5490,d3
5491,d2
5492,d4
5493,d5
5494,d5
5495,d4
5496,d4
5497,d5
5498,d5
5499,d4
5500,d4
5501,d5
5502,d5
5503,d5
5504,d7
5505,d7
5506,d7
5507,d7
5508,d7
5509,d7
5510,d7
5511,d7
5512,d7
5513,d7
5514,d7
5515,d7
5516,d7
5517,d7
5518,d7
5519,d7
5520,d7
5521,d7
5522,d7
5523,d7
5524,d7
5525,d9
5526,d9
5527,d9
5528,d9
5529,d9
5530,d9
5531,d9
5532,d9
5533,d9
5534,d9
5535,d10
5536,d10
5537,d10
5538,d10
5539,d10
5540,d10
5541,d10
5542,d10
5543,d10
5544,d10
5545,d10
5546,d10
5547,d10
5548,d10
5549,d10
5550,d10
5551,d12
5552,d12
5553,d12
5554,d12
5555,d12
5556,d12
5557,d12
5558,d12
5559,d12
5560,d12
5561,d12
5562,d12
5563,d14
5564,d14
5565,d14
5566,d14
5567,d14
5568,d14
5569,d14
5570,d2
5571,d2
5572,d2
5573,d2
5574,d2
5575,d2
5576,d2
5577,d2
5578,d2
5579,d3
5580,d3
5581,d3
5582,d4
5583,d4
5584,d5
5585,d5
5586,d5
5587,d5
5588,d5
5589,d5
5590,d5
5591,d5
5592,d4
5593,d5
5594,d5
5595,d4
5596,d5
5597,d5
5598,d7
5599,d7
5600,d7
5601,d7
5602,d7
5603,d7
5604,d7
5605,d7
5606,d7
5607,d7
5608,d7
5609,d7
5610,d7
5611,d7
5612,d7
5613,d9
5614,d9
5615,d9
5616,d9
5617,d9
5618,d9
5619,d9
5620,d9
5621,d9
5622,d9
5623,d9
5624,d9
5625,d10
5626,d10
5627,d10
5628,d10
5629,d10
5630,d10
5631,d10
5632,d10
5633,d10
5634,d10
5635,d10
5636,d12
5637,d12
5638,d12
5639,d12
5640,d12
5641,d12
5642,d12
5643,d12
5644,d12
5645,d12
5646,d14
5647,d14
5648,d14
5649,d14
5650,d14
5651,d14
5652,d14
5653,d14
5654,d2
5655,d2
5656,d2
5657,d2
5658,d2
5659,d2
5660,d2
5661,d2
5662,d2
5663,d2
5664,d2
5665,d2
5666,d3
5667,d3
5668,d4
5669,d5
5670,d5
5671,d5
5672,d5
5673,d5
5674,d5
5675,d5
5676,d4
5677,d4
5678,d7
5679,d7
5680,d7
5681,d7
5682,d7
5683,d7
5684,d7
5685,d7
5686,d7
5687,d7
5688,d7
5689,d7
5690,d7
5691,d7
5692,d7
5693,d7
5694,d7
5695,d7
5696,d9
5697,d9
5698,d9
5699,d9
5700,d9
5701,d9
5702,d9
5703,d9
5704,d9
5705,d9
5706,d9
5707,d9
5708,d9
5709,d9
5710,d9
5711,d10
5712,d10
5713,d10
5714,d10
5715,d10
5716,d10
5717,d10
5718,d10
5719,d10
5720,d10
5721,d10
5722,d10
5723,d10
5724,d10
5725,d10
5726,d12
5727,d12
5728,d12
5729,d12
5730,d12
5731,d12
5732,d12
5733,d14
5734,d14
5735,d14
5736,d14
5737,d14
5738,d14
5739,d14
5740,d14
5741,d14
5742,d2
5743,d2
5744,d2
5745,d2
5746,d2
5747,d2
5748,d2
5749,d2
5750,d2
5751,d2
5752,d2
5753,d3
5754,d2
5755,d4
5756,d5
5757,d5
5758,d4
5759,d5
5760,d5
5761,d4
5762,d4
5763,d5
5764,d4
5765,d5
5766,d5
5767,d5
5768,d5
5769,d4
5770,d4
5771,d5
5772,d4
5773,d4
5774,d7
5775,d7
5776,d7
5777,d7
5778,d7
5779,d7
5780,d7
5781,d7
5782,d7
5783,d7
5784,d7
5785,d7
5786,d7
5787,d7
5788,d7
5789,d7
5790,d7
5791,d9
5792,d9
5793,d9
5794,d9
5795,d9
5796,d9
5797,d9
5798,d9
5799,d9
5800,d9
5801,d9
5802,d9
5803,d9
5804,d9
5805,d9
5806,d9
5807,d10
5808,d10
5809,d10
5810,d10
5811,d10
5812,d10
5813,d10
5814,d10
5815,d10
5816,d10
5817,d10
5818,d10
5819,d10
5820,d12
5821,d12
5822,d12
5823,d12
5824,d12
5825,d12
5826,d12
5827,d12
5828,d12
5829,d12
5830,d14
5831,d14
5832,d14
5833,d14
5834,d14
5835,d14
5836,d14
5837,d14
5838,d14
5839,d14
5840,d14
5841,d14
5842,d14
5843,d16
5844,d16
5845,d2
5846,d16
5847,d16
5848,d16
5849,d2
5850,d16
5851,d2
5852,d2
5853,d16
5854,d2
5855,d16
5856,d2
5857,d2
5858,d2
5859,d2
5860,d2
5861,d2
5862,d16
5863,d3
5864,d17
5865,d3
5866,d4
5867,d4
5868,d4
5869,d5
5870,d5
5871,d4
5872,d4
5873,d5
5874,d5
5875,d4
5876,d4
5877,d18
5878,d7
5879,d7
5880,d18
5881,d7
5882,d18
5883,d7
5884,d7
5885,d7
5886,d18
5887,d7
5888,d7
5889,d7
5890,d18
5891,d9
5892,d9
5893,d9
5894,d9
5895,d9
5896,d9
5897,d9
5898,d9
5899,d9
5900,d9
5901,d9
5902,d9
5903,d19
5904,d9
5905,d20
5906,d20
5907,d10
5908,d10
5909,d10
5910,d10
5911,d10
5912,d10
5913,d20
5914,d12
5915,d12
5916,d12
5917,d12
5918,d12
5919,d12
5920,d12
5921,d12
5922,d12
5923,d12
5924,d12
5925,d12
5926,d12
5927,d12
5928,d12
5929,d14
5930,d14
5931,d14
5932,d14
5933,d14
5934,d14
5935,d14
5936,d14
5937,d14
5938,d14
5939,d2
5940,d2
5941,d2
5942,d2
5943,d2
5944,d2
5945,d2
5946,d2
5947,d2
5948,d2
5949,d2
5950,d2
5951,d2
5952,d2
5953,d2
5954,d2
5955,d3
5956,d4
5957,d4
5958,d5
5959,d4
5960,d5
5961,d4
5962,d5
5963,d5
5964,d5
5965,d4
5966,d7
5967,d7
5968,d7
5969,d7
5970,d7
5971,d7
5972,d7
5973,d7
5974,d7
5975,d7
5976,d7
5977,d7
5978,d7
5979,d7
5980,d7
5981,d7
5982,d7
5983,d7
5984,d7
5985,d7
5986,d7
5987,d7
5988,d9
5989,d9
5990,d9
5991,d9
5992,d9
5993,d9
5994,d9
5995,d9
5996,d9
5997,d9
5998,d9
5999,d9
6000,d9
6001,d9
6002,d9
6003,d9
6004,d9
6005,d9
6006,d9
6007,d10
6008,d10
6009,d10
6010,d10
6011,d10
6012,d10
6013,d10
6014,d10
6015,d10
6016,d10
6017,d10
6018,d10
6019,d10
6020,d10
6021,d10
6022,d10
6023,d10
6024,d12
6025,d12
6026,d12
6027,d12
6028,d12
6029,d12
6030,d12
6031,d12
6032,d12
6033,d12
6034,d12
6035,d12
6036,d12
6037,d12
6038,d12
6039,d14
6040,d14
6041,d14
6042,d14
6043,d14
6044,d14
6045,d14
6046,d14
6047,d14
6048,d14
6049,d14
6050,d14
6051,d2
6052,d2
6053,d2
6054,d2
6055,d2
6056,d2
6057,d2
6058,d2
6059,d3
6060,d2
6061,d3
6062,d4
6063,d5
6064,d4
6065,d5
6066,d5
6067,d4
6068,d7
6069,d7
6070,d7
6071,d7
6072,d7
6073,d7
6074,d7
6075,d7
6076,d7
6077,d7
6078,d7
6079,d7
6080,d9
6081,d9
6082,d9
6083,d9
6084,d9
6085,d9
6086,d9
6087,d9
6088,d9
6089,d9
6090,d9
6091,d9
6092,d9
6093,d10
6094,d10
6095,d10
6096,d10
6097,d10
6098,d10
6099,d10
6100,d10
6101,d10
6102,d10
6103,d10
6104,d10
6105,d10
6106,d10
6107,d10
6108,d10
6109,d10
6110,d10
6111,d10
6112,d10
6113,d12
6114,d12
6115,d12
6116,d12
6117,d12
6118,d12
6119,d12
6120,d12
6121,d12
6122,d12
6123,d12
6124,d12
6125,d14
6126,d14
6127,d14
6128,d14
6129,d14
6130,d14
6131,d14
6132,d14
6133,d14
6134,d14
6135,d14
6136,d14
6137,d14
6138,d14
6139,d14
6140,d2
6141,d2
6142,d2
6143,d2
6144,d2
6145,d2
6146,d2
6147,d2
6148,d2
6149,d2
6150,d2
6151,d3
6152,d3
6153,d2
6154,d3
6155,d4
6156,d5
6157,d5
6158,d5
6159,d5
6160,d4
6161,d4
6162,d5
6163,d5
6164,d5
6165,d5
6166,d5
6167,d5
6168,d7
6169,d7
6170,d7
6171,d7
6172,d7
6173,d7
6174,d7
6175,d7
6176,d7
6177,d7
6178,d7
6179,d7
6180,d7
6181,d7
6182,d7
6183,d7
6184,d7
6185,d7
6186,d9
6187,d9
6188,d9
6189,d9
6190,d9
6191,d9
6192,d9
6193,d9
6194,d9
6195,d9
6196,d9
6197,d9
6198,d9
6199,d9
6200,d9
6201,d9
6202,d9
6203,d10
6204,d10
6205,d10
6206,d10
6207,d10
6208,d10
6209,d10
6210,d10
6211,d10
6212,d10
6213,d22
6214,d22
6215,d10
6216,d10
6217,d10
6218,d10
6219,d10
6220,d10
6221,d10
6222,d10
6223,d10
6224,d11
6225,d11
6226,d12
6227,d12
6228,d11
6229,d12
6230,d12
6231,d12
6232,d12
6233,d12
6234,d12
6235,d12
6236,d12
6237,d12
6238,d12
6239,d14
6240,d14
6241,d14
6242,d14
6243,d14
6244,d14
6245,d14
6246,d13
6247,d14
6248,d14
6249,d14
6250,d14
6251,d14
6252,d14
6253,d14
6254,d13
6255,d2
6256,d1
6257,d2
6258,d2
6259,d2
6260,d2
6261,d2
6262,d2
6263,d1
6264,d2
6265,d3
6266,d3
6267,d3
6268,d3
6269,d23
6270,d4
6271,d23
6272,d5
6273,d5
6274,d6
6275,d5
6276,d6
6277,d5
6278,d6
6279,d6
6280,d6
6281,d6
6282,d6
6283,d7
6284,d8
6285,d7
6286,d7
6287,d7
6288,d7
6289,d8
6290,d8
6291,d7
6292,d8
6293,d7
6294,d7
6295,d7
6296,d9
6297,d9
6298,d9
6299,d9
6300,d9
6301,d9
6302,d21
6303,d9
6304,d9
6305,d21
6306,d21
6307,d9
6308,d9
6309,d9
6310,d9
6311,d9
6312,d21
6313,d21
6314,d10
6315,d10
6316,d22
6317,d22
6318,d22
6319,d10
6320,d22
6321,d22
6322,d10
6323,d22
6324,d22
6325,d10
6326,d10
6327,d10
6328,d12
6329,d11
6330,d12
6331,d12
6332,d12
6333,d12
6334,d12
6335,d12
6336,d14
6337,d14
6338,d13
6339,d13
6340,d14
6341,d14
6342,d13
6343,d13
6344,d14
6345,d14
6346,d14
6347,d13
6348,d14
6349,d14
6350,d2
6351,d2
6352,d2
6353,d2
6354,d2
6355,d2
6356,d2
6357,d2
6358,d2
6359,d3
6360,d3
6361,d3
6362,d3
6363,d4
6364,d4
6365,d4
6366,d4
6367,d5
6368,d5
6369,d5
6370,d5
6371,d5
6372,d5
6373,d5
6374,d5
6375,d5
6376,d5
6377,d5
6378,d7
6379,d7
6380,d7
6381,d7
6382,d7
6383,d7
6384,d7
6385,d7
6386,d7
6387,d7
6388,d7
6389,d7
6390,d7
6391,d7
6392,d7
6393,d7
6394,d7
6395,d7
6396,d7
6397,d7
6398,d7
6399,d7
6400,d7
6401,d9
6402,d9
6403,d9
6404,d9
6405,d9
6406,d9
6407,d9
6408,d9
6409,d9
6410,d9
6411,d9
6412,d9
6413,d9
6414,d9
6415,d9
6416,d10
6417,d10
6418,d10
6419,d10
6420,d10
6421,d10
6422,d10
6423,d10
6424,d10
6425,d10
6426,d10
6427,d10
6428,d12
6429,d12
6430,d12
6431,d12
6432,d12
6433,d12
6434,d12
6435,d12
6436,d12
6437,d12
6438,d12
6439,d12
6440,d12
6441,d12
6442,d14
6443,d14
6444,d14
6445,d14
6446,d14
6447,d14
6448,d2
6449,d2
6450,d2
6451,d2
6452,d2
6453,d2
6454,d3
6455,d5
6456,d5
6457,d5
6458,d5
6459,d5
6460,d5
6461,d5
6462,d5
6463,d5
6464,d5
6465,d7
6466,d7
6467,d7
6468,d7
6469,d7
6470,d7
6471,d7
6472,d7
6473,d7
6474,d7
6475,d7
6476,d7
6477,d9
6478,d9
6479,d9
6480,d9
6481,d9
6482,d9
6483,d9
6484,d9
6485,d9
6486,d9
6487,d9
6488,d9
6489,d9
6490,d9
6491,d9
6492,d9
6493,d9
6494,d10
6495,d10
6496,d10
6497,d10
6498,d10
6499,d10
6500,d10
6501,d12
6502,d12
6503,d12
6504,d12
6505,d12
6506,d12
6507,d12
6508,d12
6509,d14
6510,d14
6511,d14
6512,d14
6513,d14
6514,d14
6515,d14
6516,d14
6517,d14
6518,d14
6519,d2
6520,d2
6521,d2
6522,d2
6523,d2
6524,d2
6525,d2
6526,d2
6527,d2
6528,d2
6529,d2
6530,d2
6531,d2
6532,d2
6533,d2
6534,d2
6535,d2
6536,d3
6537,d3
6538,d3
6539,d3
6540,d3
6541,d3
6542,d4
6543,d4
6544,d5
6545,d5
6546,d5
6547,d5
6548,d5
6549,d5
6550,d5
6551,d5
6552,d5
6553,d5
6554,d7
6555,d7
6556,d7
6557,d7
6558,d7
6559,d7
6560,d7
6561,d7
6562,d7
6563,d7
6564,d7
6565,d7
6566,d7
6567,d7
6568,d7
6569,d7
6570,d7
6571,d7
6572,d7
6573,d7
6574,d7
6575,d7
6576,d9
6577,d9
6578,d9
6579,d9
6580,d9
6581,d9
6582,d9
6583,d9
6584,d9
6585,d9
6586,d9
6587,d9
6588,d9
6589,d10
6590,d10
6591,d10
6592,d10
6593,d10
6594,d10
6595,d10
6596,d10
6597,d10
6598,d10
6599,d10
6600,d10
6601,d10
6602,d10
6603,d12
6604,d12
6605,d12
6606,d12
6607,d12
6608,d12
6609,d12
6610,d12
6611,d12
6612,d12
6613,d12
6614,d12
6615,d12
6616,d14
6617,d14
6618,d14
6619,d14
6620,d14
6621,d14
6622,d14
6623,d2
6624,d2
6625,d2
6626,d2
6627,d2
6628,d2
6629,d2
6630,d2
6631,d2
6632,d2
6633,d2
6634,d3
6635,d3
6636,d3
6637,d3
6638,d3
6639,d3
6640,d4
6641,d4
6642,d5
6643,d5
6644,d5
6645,d5
6646,d5
6647,d5
6648,d5
6649,d5
6650,d5
6651,d5
6652,d5
6653,d5
6654,d5
6655,d5
6656,d5
6657,d5
6658,d7
6659,d7
6660,d7
6661,d7
6662,d7
6663,d7
6664,d7
6665,d7
6666,d7
6667,d7
6668,d7
6669,d9
6670,d9
6671,d9
6672,d9
6673,d9
6674,d9
6675,d9
6676,d9
6677,d9
6678,d9
6679,d9
6680,d9
6681,d9
6682,d10
6683,d10
6684,d10
6685,d10
6686,d10
6687,d10
6688,d10
6689,d10
6690,d12
6691,d12
6692,d12
6693,d12
6694,d12
6695,d12
6696,d12
6697,d12
6698,d12
6699,d12
6700,d12
6701,d12
6702,d12
6703,d12
6704,d12
6705,d12
6706,d12
6707,d12
6708,d12
6709,d14
6710,d14
6711,d14
6712,d14
6713,d14
6714,d14
6715,d14
6716,d14
6717,d14
6718,d14
6719,d14
6720,d2
6721,d2
6722,d2
6723,d2
6724,d2
6725,d2
6726,d2
6727,d2
6728,d2
6729,d2
6730,d3
6731,d3
6732,d3
6733,d4
6734,d5
6735,d5
6736,d5
6737,d5
6738,d5
6739,d5
6740,d5
6741,d5
6742,d5
6743,d5
6744,d7
6745,d7
6746,d7
6747,d7
6748,d7
6749,d7
6750,d7
6751,d7
6752,d7
6753,d7
6754,d7
6755,d9
6756,d9
6757,d9
6758,d9
6759,d9
6760,d9
6761,d9
6762,d9
6763,d9
6764,d9
6765,d9
6766,d9
6767,d9
6768,d9
6769,d9
6770,d9
6771,d9
6772,d9
6773,d10
6774,d10
6775,d10
6776,d10
6777,d10
6778,d10
6779,d10
6780,d10
6781,d10
6782,d10
6783,d10
6784,d10
6785,d10
6786,d10
6787,d12
6788,d12
6789,d12
6790,d12
6791,d12
6792,d12
6793,d12
6794,d12
6795,d12
6796,d12
6797,d12
6798,d12
6799,d12
6800,d14
6801,d14
6802,d14
6803,d14
6804,d14
6805,d14
6806,d14
6807,d14
6808,d14
6809,d14
6810,d14
6811,d2
6812,d2
6813,d2
6814,d2
6815,d2
6816,d3
6817,d3
6818,d5
6819,d5
6820,d5
6821,d5
6822,d5
6823,d5
6824,d5
6825,d7
6826,d7
6827,d7
6828,d7
6829,d7
6830,d7
6831,d7
6832,d7
6833,d7
6834,d7
6835,d7
6836,d7
6837,d7
6838,d9
6839,d9
6840,d9
6841,d9
6842,d9
6843,d9
6844,d9
6845,d9
6846,d9
6847,d9
6848,d9
6849,d9
6850,d9
6851,d9
6852,d9
6853,d9
6854,d9
6855,d9
6856,d10
6857,d10
6858,d10
6859,d10
6860,d10
6861,d10
6862,d10
6863,d10
6864,d10
6865,d10
6866,d10
6867,d12
6868,d12
6869,d12
6870,d12
6871,d12
6872,d14
6873,d14
6874,d14
6875,d14
6876,d14
6877,d14
6878,d14
6879,d14
6880,d14
6881,d14
6882,d14
6883,d14
6884,d14
6885,d14
6886,d2
6887,d2
6888,d2
6889,d2
6890,d2
6891,d3
6892,d3
6893,d3
6894,d3
6895,d3
6896,d3
6897,d5
6898,d5
6899,d5
6900,d5
6901,d5
6902,d5
6903,d5
6904,d5
6905,d5
6906,d5
6907,d5
6908,d5
6909,d7
6910,d7
6911,d7
6912,d7
6913,d7
6914,d7
6915,d7
6916,d7
6917,d7
6918,d7
6919,d7
6920,d7
6921,d7
6922,d7
6923,d7
6924,d7
6925,d7
6926,d9
6927,d9
6928,d9
6929,d9
6930,d9
6931,d9
6932,d9
6933,d9
6934,d9
6935,d9
6936,d9
6937,d9
6938,d9
6939,d10
6940,d10
6941,d10
6942,d10
6943,d10
6944,d10
6945,d10
6946,d12
6947,d12
6948,d12
6949,d12
6950,d12
6951,d12
6952,d12
6953,d12
6954,d12
6955,d12
6956,d12
6957,d12
6958,d12
6959,d12
6960,d12
6961,d14
6962,d14
6963,d14
6964,d14
6965,d14
6966,d14
6967,d14
6968,d14
6969,d14
6970,d14
6971,d14
6972,d14
6973,d2
6974,d2
6975,d2
6976,d2
6977,d2
6978,d2
6979,d2
6980,d2
6981,d2
6982,d3
6983,d3
6984,d3
6985,d4
6986,d5
6987,d5
6988,d5
6989,d15
6990,d5
6991,d5
6992,d5
6993,d5
6994,d5
6995,d5
6996,d15
6997,d5
6998,d7
6999,d7
7000,d7
7001,d7
7002,d7
7003,d7
7004,d7
7005,d7
7006,d7
7007,d7
7008,d7
7009,d7
7010,d7
7011,d9
7012,d9
7013,d9
7014,d9
7015,d9
7016,d9
7017,d19
7018,d9
7019,d19
7020,d9
7021,d9
7022,d19
7023,d9
7024,d9
7025,d9
7026,d9
7027,d9
7028,d9
7029,d9
7030,d19
7031,d9
7032,d10
7033,d10
7034,d10
7035,d10
7036,d10
7037,d10
7038,d10
7039,d12
7040,d12
7041,d12
7042,d12
7043,d12
7044,d12
7045,d12
7046,d12
7047,d14
7048,d14
7049,d14
7050,d14
7051,d14
7052,d14
7053,d14
7054,d14
7055,d14
7056,d14
7057,d14
7058,d14
7059,d2
7060,d2
7061,d16
7062,d2
7063,d2
7064,d2
7065,d2
7066,d2
7067,d2
7068,d2
7069,d2
7070,d2
7071,d2
7072,d2
7073,d2
7074,d2
7075,d2
7076,d2
7077,d2
7078,d2
7079,d2
7080,d3
7081,d3
7082,d3
7083,d17
7084,d3
7085,d3
7086,d3
7087,d3
7088,d4
7089,d5
7090,d5
7091,d5
7092,d5
7093,d5
7094,d5
7095,d5
7096,d5
7097,d5
7098,d5
7099,d5
7100,d5
7101,d7
7102,d7
7103,d7
7104,d7
7105,d7
7106,d7
7107,d7
7108,d7
7109,d18
7110,d7
7111,d7
7112,d18
7113,d7
7114,d7
7115,d18
7116,d7
7117,d7
7118,d7
7119,d7
7120,d7
7121,d18
7122,d9
7123,d9
7124,d9
7125,d9
7126,d9
7127,d9
7128,d9
7129,d9
7130,d9
7131,d9
7132,d9
7133,d20
7134,d10
7135,d10
7136,d10
7137,d20
7138,d10
7139,d10
7140,d10
7141,d10
7142,d10
7143,d10
7144,d10
7145,d12
7146,d12
7147,d12
7148,d12
7149,d12
7150,d12
7151,d12
7152,d12
7153,d14
7154,d14
7155,d14
7156,d14
7157,d14
7158,d14
7159,d14
7160,d14
7161,d14
7162,d14
7163,d14
7164,d14
7165,d14
7166,d14
7167,d14
7168,d2
7169,d2
7170,d2
7171,d2
7172,d2
7173,d2
7174,d2
7175,d2
7176,d2
7177,d2
7178,d3
7179,d3
7180,d3
7181,d5
7182,d5
7183,d5
7184,d5
7185,d5
7186,d5
7187,d5
7188,d5
7189,d5
7190,d5
7191,d7
7192,d7
7193,d7
7194,d7
7195,d7
7196,d7
7197,d7
7198,d7
7199,d7
7200,d7
7201,d7
7202,d7
7203,d7
7204,d7
7205,d7
7206,d7
7207,d7
7208,d9
7209,d9
7210,d9
7211,d9
7212,d9
7213,d9
7214,d9
7215,d9
7216,d9
7217,d9
7218,d9
7219,d9
7220,d9
7221,d10
7222,d10
7223,d10
7224,d10
7225,d10
7226,d10
7227,d10
7228,d10
7229,d10
7230,d10
7231,d10
7232,d10
7233,d12
7234,d12
7235,d12
7236,d12
7237,d12
7238,d12
7239,d12
7240,d12
7241,d14
7242,d14
7243,d14
7244,d14
7245,d14
7246,d14
7247,d14
7248,d14
7249,d14
7250,d14
7251,d2
7252,d2
7253,d2
7254,d2
7255,d2
7256,d2
7257,d2
7258,d2
7259,d2
7260,d3
7261,d3
7262,d3
7263,d23
7264,d23
7265,d23
7266,d23
7267,d23
7268,d23
7269,d6
7270,d5
7271,d5
7272,d5
7273,d5
7274,d6
7275,d5
7276,d5
7277,d5
7278,d5
7279,d5
7280,d5
7281,d5
7282,d5
7283,d5
7284,d5
7285,d7
7286,d7
7287,d7
7288,d7
7289,d7
7290,d7
7291,d7
7292,d7
7293,d7
7294,d7
7295,d7
7296,d7
7297,d7
7298,d7
7299,d9
7300,d9
7301,d9
7302,d9
7303,d9
7304,d9
7305,d9
7306,d9
7307,d9
7308,d9
7309,d9
7310,d10
7311,d10
7312,d10
7313,d10
7314,d10
7315,d10
7316,d10
7317,d10
7318,d10
7319,d10
7320,d10
7321,d10
7322,d10
7323,d11
7324,d12
7325,d12
7326,d12
7327,d12
7328,d12
7329,d12
7330,d12
7331,d12
7332,d11
7333,d11
7334,d12
7335,d11
7336,d12
7337,d11
7338,d12
7339,d14
7340,d14
7341,d14
7342,d14
7343,d14
7344,d13
7345,d14
7346,d14
7347,d14
7348,d14
7349,d14
7350,d14
7351,d2
7352,d2
7353,d1
7354,d2
7355,d2
7356,d2
7357,d2
7358,d2
7359,d2
7360,d2
7361,d2
7362,d2
7363,d3
7364,d3
7365,d3
7366,d3
7367,d24
7368,d3
7369,d23
7370,d4
7371,d6
7372,d5
7373,d5
7374,d5
7375,d6
7376,d6
7377,d6
7378,d5
7379,d5
7380,d5
7381,d5
7382,d5
7383,d5
7384,d7
7385,d7
7386,d7
7387,d7
7388,d7
7389,d7
7390,d7
7391,d8
7392,d8
7393,d7
7394,d8
7395,d7
7396,d7
7397,d8
7398,d8
7399,d7
7400,d7
7401,d7
7402,d7
7403,d8
7404,d7
7405,d7
7406,d8
7407,d9
7408,d9
7409,d9
7410,d9
7411,d9
7412,d9
7413,d9
7414,d9
7415,d9
7416,d9
7417,d9
7418,d21
7419,d21
7420,d21
7421,d9
7422,d9
7423,d10
7424,d22
7425,d10
7426,d10
7427,d10
7428,d10
7429,d10
7430,d10
7431,d10
7432,d10
7433,d10
7434,d10
7435,d10
7436,d22
7437,d22
7438,d10
7439,d10
7440,d10
7441,d10
7442,d22
7443,d10
7444,d10
7445,d22
7446,d10
7447,d10
7448,d12
7449,d11
7450,d11
7451,d11
7452,d11
7453,d11
7454,d11
7455,d11
7456,d12
7457,d12
7458,d11
7459,d12
7460,d12
7461,d12
7462,d12
7463,d11
7464,d12
7465,d11
7466,d14
7467,d13
7468,d13
7469,d13
7470,d13
7471,d13
7472,d14
7473,d14
7474,d14
7475,d14
7476,d14
7477,d2
7478,d2
7479,d2
7480,d2
7481,d2
7482,d2
7483,d2
7484,d2
7485,d2
7486,d3
7487,d3
7488,d3
7489,d4
7490,d5
7491,d5
7492,d5
7493,d5
7494,d5
7495,d5
7496,d5
7497,d5
7498,d5
7499,d5
7500,d5
7501,d5
7502,d5
7503,d5
7504,d5
7505,d5
7506,d5
7507,d7
7508,d7
7509,d7
7510,d7
7511,d7
7512,d7
7513,d7
7514,d7
7515,d7
7516,d7
7517,d7
7518,d7
7519,d7
7520,d7
7521,d7
7522,d7
7523,d7
7524,d7
7525,d7
7526,d9
7527,d9
7528,d9
7529,d9
7530,d9
7531,d9
7532,d9
7533,d9
7534,d9
7535,d9
7536,d9
7537,d9
7538,d9
7539,d9
7540,d9
7541,d9
7542,d9
7543,d9
7544,d9
7545,d9
7546,d9
7547,d9
7548,d9
7549,d9
7550,d10
7551,d10
7552,d10
7553,d10
7554,d12
7555,d12
7556,d12
7557,d12
7558,d12
7559,d12
7560,d12
7561,d12
7562,d14
7563,d14
7564,d14
7565,d14
7566,d14
7567,d14
7568,d14
7569,d14
7570,d14
7571,d14
7572,d14
7573,d14
7574,d14
7575,d14
7576,d14
7577,d14
7578,d14
7579,d14
7580,d14
7581,d14
7582,d14
7583,d14
7584,d14
7585,d2
7586,d2
7587,d2
7588,d2
7589,d2
7590,d2
7591,d3
7592,d3
7593,d3
7594,d3
7595,d4
7596,d5
7597,d5
7598,d5
7599,d5
7600,d5
7601,d5
7602,d5
7603,d5
7604,d5
7605,d5
7606,d5
7607,d5
7608,d5
7609,d7
7610,d7
7611,d7
7612,d7
7613,d7
7614,d7
7615,d7
7616,d7
7617,d7
7618,d7
7619,d7
7620,d7
7621,d7
7622,d7
7623,d7
7624,d7
7625,d9
7626,d9
7627,d9
7628,d9
7629,d9
7630,d9
7631,d9
7632,d9
7633,d9
7634,d9
7635,d9
7636,d9
7637,d9
7638,d9
7639,d9
7640,d9
7641,d9
7642,d9
7643,d9
7644,d9
7645,d10
7646,d10
7647,d10
7648,d10
7649,d10
7650,d10
7651,d10
7652,d10
7653,d10
7654,d10
7655,d10
7656,d10
7657,d10
7658,d12
7659,d12
7660,d12
7661,d12
7662,d12
7663,d12
7664,d12
7665,d12
7666,d12
7667,d14
7668,d14
7669,d14
7670,d14
7671,d14
7672,d14
7673,d14
7674,d14
7675,d14
7676,d14
7677,d14
7678,d14
7679,d2
7680,d2
7681,d2
7682,d2
7683,d2
7684,d2
7685,d2
7686,d2
7687,d2
7688,d3
7689,d3
7690,d3
7691,d3
7692,d3
7693,d4
7694,d4
7695,d5
7696,d5
7697,d5
7698,d5
7699,d5
7700,d5
7701,d5
7702,d5
7703,d5
7704,d5
7705,d5
7706,d5
7707,d5
7708,d7
7709,d7
7710,d7
7711,d7
7712,d7
7713,d7
7714,d7
7715,d7
7716,d7
7717,d7
7718,d7
7719,d7
7720,d7
7721,d7
7722,d7
7723,d7
7724,d7
7725,d7
7726,d7
7727,d7
7728,d9
7729,d9
7730,d9
7731,d9
7732,d9
7733,d9
7734,d9
7735,d9
7736,d9
7737,d9
7738,d9
7739,d9
7740,d9
7741,d9
7742,d9
7743,d10
7744,d10
7745,d10
7746,d10
7747,d10
7748,d10
7749,d10
7750,d10
7751,d12
7752,d12
7753,d12
7754,d12
7755,d12
7756,d12
7757,d12
7758,d12
7759,d12
7760,d12
7761,d12
7762,d14
7763,d14
7764,d14
7765,d14
7766,d14
7767,d14
7768,d14
7769,d14
7770,d14
7771,d14
7772,d14
7773,d14
7774,d2
7775,d2
7776,d2
7777,d2
7778,d2
7779,d2
7780,d2
7781,d2
7782,d2
7783,d2
7784,d2
7785,d2
7786,d2
7787,d3
7788,d3
7789,d3
7790,d4
7791,d4
7792,d5
7793,d5
7794,d5
7795,d5
7796,d5
7797,d5
7798,d5
7799,d5
7800,d7
7801,d7
7802,d7
7803,d7
7804,d7
7805,d7
7806,d7
7807,d7
7808,d7
7809,d7
7810,d7
7811,d7
7812,d7
7813,d9
7814,d9
7815,d9
7816,d9
7817,d9
7818,d9
7819,d9
7820,d9
7821,d9
7822,d9
7823,d9
7824,d9
7825,d9
7826,d9
7827,d9
7828,d9
7829,d9
7830,d9
7831,d9
7832,d10
7833,d10
7834,d10
7835,d10
7836,d10
7837,d10
7838,d10
7839,d10
7840,d10
7841,d10
7842,d10
7843,d10
7844,d10
7845,d10
7846,d10
7847,d10
7848,d12
7849,d12
7850,d12
7851,d12
7852,d12
7853,d12
7854,d12
7855,d12
7856,d12
7857,d12
7858,d12
7859,d12
7860,d12
7861,d12
7862,d12
7863,d12
7864,d12
7865,d14
7866,d14
7867,d14
7868,d14
7869,d14
7870,d14
7871,d14
7872,d14
7873,d14
7874,d14
7875,d14
7876,d14
7877,d14
7878,d14
7879,d14
7880,d14
7881,d14
7882,d14
7883,d14
7884,d2
7885,d2
7886,d2
7887,d2
7888,d2
7889,d2
7890,d2
7891,d3
7892,d3
7893,d3
7894,d3
7895,d3
7896,d3
7897,d3
7898,d5
7899,d5
7900,d5
7901,d5
7902,d5
7903,d5
7904,d5
7905,d5
7906,d5
7907,d5
7908,d5
7909,d5
7910,d5
7911,d7
7912,d7
7913,d7
7914,d7
7915,d7
7916,d7
7917,d7
7918,d7
7919,d7
7920,d7
7921,d7
7922,d7
7923,d7
7924,d7
7925,d7
7926,d7
7927,d7
7928,d9
7929,d9
7930,d9
7931,d9
7932,d9
7933,d9
7934,d9
7935,d9
7936,d9
7937,d9
7938,d9
7939,d9
7940,d9
7941,d9
7942,d9
7943,d9
7944,d9
7945,d9
7946,d9
7947,d9
7948,d9
7949,d9
7950,d9
7951,d9
7952,d10
7953,d10
7954,d10
7955,d10
7956,d10
7957,d10
7958,d10
7959,d10
7960,d10
7961,d10
7962,d10
7963,d10
7964,d10
7965,d10
7966,d10
7967,d12
7968,d12
7969,d12
7970,d12
7971,d12
7972,d12
7973,d12
7974,d12
7975,d12
7976,d12
7977,d12
7978,d12
7979,d12
7980,d12
7981,d12
7982,d14
7983,d14
7984,d14
7985,d14
7986,d14
7987,d14
7988,d14
7989,d14
7990,d14
7991,d14
7992,d14
7993,d14
7994,d2
7995,d2
7996,d2
7997,d2
7998,d2
7999,d2
8000,d2
8001,d2
8002,d2
8003,d2
8004,d2
8005,d2
8006,d2
8007,d2
8008,d2
8009,d2
8010,d2
8011,d2
8012,d3
8013,d4
8014,d5
8015,d5
8016,d5
8017,d5
8018,d5
8019,d5
8020,d7
8021,d7
8022,d7
8023,d7
8024,d7
8025,d7
8026,d7
8027,d7
8028,d7
8029,d7
8030,d7
8031,d7
8032,d7
8033,d7
8034,d7
8035,d7
8036,d7
8037,d7
8038,d9
8039,d9
8040,d9
8041,d9
8042,d9
8043,d9
8044,d9
8045,d9
8046,d9
8047,d9
8048,d9
8049,d9
8050,d9
8051,d9
8052,d9
8053,d9
8054,d10
8055,d10
8056,d10
8057,d10
8058,d10
8059,d10
8060,d10
8061,d10
8062,d10
8063,d10
8064,d10
8065,d10
8066,d10
8067,d10
8068,d10
8069,d10
8070,d10
8071,d12
8072,d12
8073,d12
8074,d12
8075,d12
8076,d12
8077,d12
8078,d12
8079,d12
8080,d12
8081,d14
8082,d14
8083,d14
8084,d14
8085,d14
8086,d14
8087,d14
8088,d14
8089,d14
8090,d14
8091,d14
8092,d14
8093,d14
8094,d14
8095,d2
8096,d2
8097,d2
8098,d2
8099,d2
8100,d2
8101,d2
8102,d2
8103,d2
8104,d3
8105,d3
8106,d3
8107,d3
8108,d5
8109,d5
8110,d5
8111,d5
8112,d5
8113,d5
8114,d5
8115,d5
8116,d5
8117,d5
8118,d5
8119,d5
8120,d5
8121,d5
8122,d7
8123,d7
8124,d7
8125,d7
8126,d7
8127,d7
8128,d7
8129,d7
8130,d7
8131,d7
8132,d7
8133,d7
8134,d7
8135,d7
8136,d9
8137,d9
8138,d9
8139,d9
8140,d9
8141,d9
8142,d9
8143,d9
8144,d9
8145,d9
8146,d9
8147,d9
8148,d9
8149,d9
8150,d9
8151,d10
8152,d10
8153,d10
8154,d10
8155,d10
8156,d10
8157,d10
8158,d10
8159,d10
8160,d10
8161,d10
8162,d10
8163,d10
8164,d10
8165,d12
8166,d12
8167,d12
8168,d12
8169,d12
8170,d12
8171,d12
8172,d12
8173,d12
8174,d12
8175,d12
8176,d12
8177,d12
8178,d12
8179,d12
8180,d12
8181,d12
8182,d14
8183,d14
8184,d14
8185,d14
8186,d14
8187,d14
8188,d14
8189,d16
8190,d2
8191,d2
8192,d16
8193,d2
8194,d2
8195,d2
8196,d2
8197,d2
8198,d2
8199,d2
8200,d2
8201,d3
8202,d3
8203,d3
8204,d5
8205,d5
8206,d5
8207,d5
8208,d5
8209,d5
8210,d15
8211,d15
8212,d5
8213,d5
8214,d5
8215,d15
8216,d5
8217,d7
8218,d7
8219,d7
8220,d18
8221,d7
8222,d7
8223,d18
8224,d7
8225,d7
8226,d18
8227,d7
8228,d7
8229,d7
8230,d7
8231,d7
8232,d7
8233,d9
8234,d9
8235,d9
8236,d9
8237,d9
8238,d9
8239,d9
8240,d9
8241,d9
8242,d9
8243,d9
8244,d9
8245,d10
8246,d20
8247,d20
8248,d10
8249,d10
8250,d10
8251,d20
8252,d20
8253,d12
8254,d12
8255,d12
8256,d12
8257,d12
8258,d12
8259,d12
8260,d12
8261,d12
8262,d12
8263,d12
8264,d12
8265,d12
8266,d12
8267,d12
8268,d12
8269,d12
8270,d12
8271,d14
8272,d14
8273,d14
8274,d14
8275,d14
8276,d14
8277,d14
8278,d14
8279,d14
8280,d14
8281,d14
8282,d14
8283,d14
8284,d14
8285,d14
8286,d14
8287,d14
8288,d14
8289,d14
8290,d2
8291,d2
8292,d2
8293,d2
8294,d2
8295,d2
8296,d2
8297,d2
8298,d2
8299,d2
8300,d2
8301,d2
8302,d2
8303,d2
8304,d2
8305,d2
8306,d2
8307,d3
8308,d3
8309,d4
8310,d4
8311,d5
8312,d5
8313,d5
8314,d5
8315,d5
8316,d5
8317,d5
8318,d7
8319,d7
8320,d7
8321,d7
8322,d7
8323,d7
8324,d7
8325,d7
8326,d7
8327,d7
8328,d7
8329,d7
8330,d7
8331,d7
8332,d9
8333,d9
8334,d9
8335,d9
8336,d9
8337,d9
8338,d9
8339,d10
8340,d10
8341,d10
8342,d10
8343,d10
8344,d10
8345,d10
8346,d10
8347,d10
8348,d10
8349,d10
8350,d10
8351,d10
8352,d10
8353,d10
8354,d10
8355,d10
8356,d12
8357,d12
8358,d12
8359,d12
8360,d12
8361,d12
8362,d12
8363,d12
8364,d12
8365,d12
8366,d12
8367,d12
8368,d14
8369,d14
8370,d14
8371,d14
8372,d14
8373,d14
8374,d14
8375,d14
8376,d14
8377,d14
8378,d14
8379,d2
8380,d2
8381,d2
8382,d2
8383,d2
8384,d2
8385,d2
8386,d2
8387,d2
8388,d2
8389,d2
8390,d3
8391,d3
8392,d3
8393,d3
8394,d3
8395,d5
8396,d5
8397,d5
8398,d5
8399,d5
8400,d5
8401,d5
8402,d5
8403,d5
8404,d7
8405,d7
8406,d7
8407,d7
8408,d7
8409,d7
8410,d7
8411,d7
8412,d7
8413,d7
8414,d7
8415,d9
8416,d9
8417,d9
8418,d9
8419,d9
8420,d9
8421,d9
8422,d9
8423,d10
8424,d10
8425,d10
8426,d10
8427,d10
8428,d10
8429,d10
8430,d10
8431,d10
8432,d10
8433,d10
8434,d12
8435,d12
8436,d12
8437,d12
8438,d14
8439,d14
8440,d14
8441,d14
8442,d14
8443,d14
8444,d14
8445,d14
8446,d14
8447,d2
8448,d2
8449,d2
8450,d2
8451,d2
8452,d2
8453,d2
8454,d2
8455,d2
8456,d2
8457,d3
8458,d3
8459,d3
8460,d3
8461,d3
8462,d3
8463,d3
8464,d3
8465,d4
8466,d4
8467,d23
8468,d5
8469,d5
8470,d5
8471,d5
8472,d6
8473,d5
8474,d5
8475,d5
8476,d5
8477,d5
8478,d5
8479,d6
8480,d6
8481,d7
8482,d7
8483,d7
8484,d7
8485,d7
8486,d7
8487,d7
8488,d7
8489,d7
8490,d7
8491,d21
8492,d9
8493,d9
8494,d9
8495,d9
8496,d21
8497,d9
8498,d9
8499,d21
8500,d9
8501,d9
8502,d10
8503,d10
8504,d10
8505,d10
8506,d10
8507,d12
8508,d12
8509,d12
8510,d12
8511,d12
8512,d12
8513,d11
8514,d11
8515,d12
8516,d11
8517,d12
8518,d11
8519,d12
8520,d12
8521,d12
8522,d12
8523,d12
8524,d12
8525,d14
8526,d14
8527,d14
8528,d14
8529,d14
8530,d14
8531,d14
8532,d14
8533,d14
8534,d14
8535,d14
8536,d14
8537,d14
8538,d2
8539,d1
8540,d2
8541,d1
8542,d2
8543,d2
8544,d2
8545,d4
8546,d5
8547,d5
8548,d5
8549,d6
8550,d7
8551,d7
8552,d7
8553,d8
8554,d7
8555,d7
8556,d7
8557,d8
8558,d7
8559,d8
8560,d7
8561,d7
8562,d8
8563,d9
8564,d9
8565,d9
8566,d9
8567,d9
8568,d21
8569,d21
8570,d9
8571,d10
8572,d22
8573,d10
8574,d10
8575,d22
8576,d10
8577,d10
8578,d10
8579,d11
8580,d12
8581,d12
8582,d11
8583,d12
8584,d11
8585,d12
8586,d12
8587,d12
8588,d14
8589,d14
8590,d14
8591,d13
8592,d14
8593,d13
8594,d14
8595,d13
8596,d14
8597,d2
8598,d2
8599,d2
8600,d2
8601,d2
8602,d3
8603,d5
8604,d5
8605,d5
8606,d5
8607,d5
8608,d5
8609,d5
8610,d5
8611,d5
8612,d7
8613,d7
8614,d7
8615,d7
8616,d7
8617,d7
8618,d7
8619,d7
8620,d7
8621,d7
8622,d7
8623,d7
8624,d7
8625,d9
8626,d9
8627,d9
8628,d9
8629,d9
8630,d9
8631,d9
8632,d9
8633,d9
8634,d9
8635,d9
8636,d9
8637,d9
8638,d9
8639,d10
8640,d10
8641,d10
8642,d10
8643,d10
8644,d10
8645,d12
8646,d12
8647,d12
8648,d12
8649,d12
8650,d14
8651,d14
8652,d14
8653,d14
8654,d14
8655,d2
8656,d2
8657,d2
8658,d2
8659,d2
8660,d2
8661,d2
8662,d3
8663,d3
8664,d3
8665,d3
8666,d3
8667,d5
8668,d5
8669,d5
8670,d5
8671,d7
8672,d7
8673,d7
8674,d7
8675,d7
8676,d7
8677,d7
8678,d7
8679,d7
8680,d7
8681,d7
8682,d7
8683,d7
8684,d7
8685,d7
8686,d7
8687,d9
8688,d9
8689,d9
8690,d9
8691,d9
8692,d9
8693,d9
8694,d9
8695,d9
8696,d9
8697,d9
8698,d9
8699,d10
8700,d10
8701,d10
8702,d10
8703,d10
8704,d10
8705,d10
8706,d10
8707,d10
8708,d10
8709,d10
8710,d12
8711,d12
8712,d12
8713,d12
8714,d12
8715,d12
8716,d12
8717,d12
8718,d12
8719,d14
8720,d14
8721,d14
8722,d14
8723,d14
8724,d14
8725,d14
8726,d14
8727,d14
8728,d14
8729,d2
8730,d2
8731,d2
8732,d2
8733,d2
8734,d2
8735,d2
8736,d2
8737,d2
8738,d2
8739,d2
8740,d2
8741,d4
8742,d4
8743,d4
8744,d5
8745,d5
8746,d5
8747,d5
8748,d5
8749,d5
8750,d5
8751,d5
8752,d5
8753,d5
8754,d5
8755,d7
8756,d7
8757,d7
8758,d7
8759,d7
8760,d7
8761,d7
8762,d7
8763,d7
8764,d9
8765,d9
8766,d9
8767,d9
8768,d9
8769,d9
8770,d10
8771,d10
8772,d10
8773,d10
8774,d12
8775,d12
8776,d12
8777,d12
8778,d12
8779,d12
8780,d12
8781,d12
8782,d12
8783,d14
8784,d14
8785,d14
8786,d2
8787,d2
8788,d2
8789,d2
8790,d2
8791,d2
8792,d2
8793,d3
8794,d3
8795,d3
8796,d4
8797,d5
8798,d5
8799,d5
8800,d5
8801,d5
8802,d5
8803,d7
8804,d7
8805,d7
8806,d7
8807,d7
8808,d7
8809,d7
8810,d7
8811,d7
8812,d9
8813,d9
8814,d9
8815,d9
8816,d9
8817,d9
8818,d9
8819,d9
8820,d9
8821,d9
8822,d9
8823,d9
8824,d9
8825,d9
8826,d9
8827,d9
8828,d10
8829,d10
8830,d10
8831,d10
8832,d10
8833,d10
8834,d10
8835,d12
8836,d12
8837,d12
8838,d12
8839,d12
8840,d14
8841,d14
8842,d14
8843,d14
8844,d14
8845,d14
8846,d14
8847,d14
8848,d14
8849,d14
8850,d2
8851,d2
8852,d2
8853,d2
8854,d2
8855,d2
8856,d2
8857,d2
8858,d3
8859,d3
8860,d3
8861,d3
8862,d3
8863,d3
8864,d3
8865,d3
8866,d3
8867,d4
8868,d7
8869,d7
8870,d7
8871,d7
8872,d7
8873,d7
8874,d7
8875,d7
8876,d7
8877,d7
8878,d7
8879,d7
8880,d9
8881,d9
8882,d9
8883,d9
8884,d9
8885,d9
8886,d9
8887,d9
8888,d9
8889,d9
8890,d9
8891,d9
8892,d10
8893,d10
8894,d10
8895,d10
8896,d10
8897,d10
8898,d10
8899,d10
8900,d12
8901,d12
8902,d12
8903,d12
8904,d14
8905,d14
8906,d14
8907,d14
8908,d14
8909,d2
8910,d2
8911,d2
8912,d2
8913,d2
8914,d3
8915,d3
8916,d3
8917,d3
8918,d5
8919,d7
8920,d7
8921,d7
8922,d7
8923,d7
8924,d7
8925,d7
8926,d7
8927,d9
8928,d9
8929,d9
8930,d9
8931,d9
8932,d9
8933,d9
8934,d9
8935,d10
8936,d10
8937,d10
8938,d10
8939,d10
8940,d10
8941,d10
8942,d10
8943,d10
8944,d10
8945,d10
8946,d12
8947,d12
8948,d12
8949,d12
8950,d12
8951,d12
8952,d12
8953,d12
8954,d12
8955,d12
8956,d14
8957,d14
8958,d14
8959,d14
8960,d14
8961,d2
8962,d2
8963,d2
8964,d2
8965,d2
8966,d3
8967,d3
8968,d3
8969,d3
8970,d3
8971,d3
8972,d4
8973,d5
8974,d5
8975,d5
8976,d5
8977,d5
8978,d5
8979,d5
8980,d7
8981,d7
8982,d7
8983,d7
8984,d7
8985,d7
8986,d7
8987,d7
8988,d9
8989,d9
8990,d9
8991,d9
8992,d9
8993,d9
8994,d9
8995,d9
8996,d9
8997,d9
8998,d9
8999,d10
9000,d10
9001,d10
9002,d10
9003,d10
9004,d10
9005,d10
9006,d10
9007,d12
9008,d12
9009,d12
9010,d12
9011,d12
9012,d12
9013,d14
9014,d14
9015,d14
9016,d14
9017,d14
9018,d14
9019,d2
9020,d2
9021,d2
9022,d2
9023,d3
9024,d3
9025,d3
9026,d3
9027,d3
9028,d4
9029,d5
9030,d5
9031,d5
9032,d5
9033,d5
9034,d5
9035,d5
9036,d7
9037,d7
9038,d7
9039,d7
9040,d7
9041,d7
9042,d7
9043,d7
9044,d7
9045,d7
9046,d7
9047,d9
9048,d9
9049,d9
9050,d9
9051,d9
9052,d9
9053,d9
9054,d9
9055,d9
9056,d9
9057,d9
9058,d9
9059,d9
9060,d9
9061,d9
9062,d10
9063,d10
9064,d10
9065,d10
9066,d10
9067,d10
9068,d10
9069,d10
9070,d10
9071,d10
9072,d12
9073,d12
9074,d12
9075,d12
9076,d12
9077,d12
9078,d12
9079,d12
9080,d12
9081,d12
9082,d12
9083,d12
9084,d12
9085,d12
9086,d14
9087,d14
9088,d14
9089,d14
9090,d14
9091,d2
9092,d2
9093,d16
9094,d2
9095,d2
9096,d2
9097,d3
9098,d5
9099,d15
9100,d5
9101,d15
9102,d5
9103,d15
9104,d5
9105,d5
9106,d7
9107,d18
9108,d7
9109,d7
9110,d7
9111,d7
9112,d7
9113,d7
9114,d7
9115,d7
9116,d7
9117,d7
9118,d7
9119,d7
9120,d7
9121,d7
9122,d9
9123,d9
9124,d9
9125,d9
9126,d9
9127,d9
9128,d9
9129,d9
9130,d9
9131,d9
9132,d9
9133,d20
9134,d20
9135,d10
9136,d10
9137,d10
9138,d10
9139,d10
9140,d12
9141,d12
9142,d12
9143,d12
9144,d12
9145,d12
9146,d12
9147,d12
9148,d12
9149,d12
9150,d12
9151,d14
9152,d14
9153,d14
9154,d14
9155,d14
9156,d14
9157,d14
9158,d2
9159,d2
9160,d2
9161,d3
9162,d3
9163,d3
9164,d5
9165,d5
9166,d7
9167,d7
9168,d7
9169,d7
9170,d7
9171,d7
9172,d7
9173,d7
9174,d7
9175,d7
9176,d7
9177,d7
9178,d7
9179,d7
9180,d9
9181,d9
9182,d9
9183,d9
9184,d9
9185,d9
9186,d9
9187,d10
9188,d10
9189,d10
9190,d10
9191,d10
9192,d10
9193,d12
9194,d12
9195,d12
9196,d14
9197,d14
9198,d14
9199,d14
9200,d14
9201,d14
9202,d14
9203,d14
9204,d14
9205,d14
9206,d1
9207,d2
9208,d2
9209,d2
9210,d2
9211,d2
9212,d2
9213,d2
9214,d3
9215,d3
9216,d3
9217,d5
9218,d5
9219,d5
9220,d5
9221,d5
9222,d5
9223,d5
9224,d5
9225,d5
9226,d5
9227,d5
9228,d5
9229,d8
9230,d7
9231,d7
9232,d7
9233,d7
9234,d7
9235,d7
9236,d7
9237,d7
9238,d7
9239,d8
9240,d7
9241,d8
9242,d8
9243,d9
9244,d9
9245,d21
9246,d9
9247,d10
9248,d10
9249,d10
9250,d10
9251,d10
9252,d10
9253,d10
9254,d12
9255,d12
9256,d12
9257,d12
9258,d12
9259,d14
9260,d14
9261,d14
9262,d14
9263,d14
9264,d2
9265,d2
9266,d2
9267,d1
9268,d2
9269,d2
9270,d2
9271,d2
9272,d1
9273,d4
9274,d4
9275,d5
9276,d6
9277,d5
9278,d5
9279,d5
9280,d7
9281,d7
9282,d7
9283,d7
9284,d8
9285,d8
9286,d8
9287,d8
9288,d7
9289,d7
9290,d7
9291,d7
9292,d9
9293,d9
9294,d9
9295,d21
9296,d21
9297,d9
9298,d9
9299,d9
9300,d9
9301,d9
9302,d9
9303,d21
9304,d9
9305,d9
9306,d22
9307,d10
9308,d10
9309,d10
9310,d10
9311,d10
9312,d10
9313,d22
9314,d22
9315,d22
9316,d12
9317,d12
9318,d12
9319,d11
9320,d11
9321,d11
9322,d11
9323,d11
9324,d12
9325,d14
9326,d14
9327,d14
9328,d14
9329,d14
9330,d13
9331,d14
9332,d14
9333,d14
9334,d13
9335,d14
9336,d14
9337,d14
9338,d13
9339,d13
9340,d13
9341,d14
9342,d14
9343,d14
9344,d14
9345,d2
9346,d2
9347,d2
9348,d2
9349,d2
9350,d2
9351,d2
9352,d2
9353,d2
9354,d3
9355,d3
9356,d3
9357,d4
9358,d4
9359,d4
9360,d4
9361,d4
9362,d5
9363,d5
9364,d5
9365,d5
9366,d5
9367,d5
9368,d5
9369,d5
9370,d5
9371,d5
9372,d5
9373,d5
9374,d5
9375,d5
9376,d7
9377,d7
9378,d7
9379,d7
9380,d7
9381,d7
9382,d7
9383,d7
9384,d7
9385,d7
9386,d7
9387,d7
9388,d9
9389,d9
9390,d9
9391,d9
9392,d9
9393,d9
9394,d9
9395,d10
9396,d10
9397,d10
9398,d10
9399,d10
9400,d10
9401,d10
9402,d10
9403,d12
9404,d12
9405,d12
9406,d12
9407,d12
9408,d12
9409,d12
9410,d12
9411,d14
9412,d14
9413,d14
9414,d14
9415,d14
9416,d2
9417,d2
9418,d2
9419,d2
9420,d2
9421,d2
9422,d2
9423,d2
9424,d2
9425,d2
9426,d3
9427,d3
9428,d3
9429,d5
9430,d5
9431,d5
9432,d5
9433,d5
9434,d5
9435,d5
9436,d5
9437,d5
9438,d5
9439,d5
9440,d5
9441,d5
9442,d7
9443,d7
9444,d7
9445,d7
9446,d7
9447,d7
9448,d7
9449,d7
9450,d7
9451,d7
9452,d7
9453,d7
9454,d7
9455,d7
9456,d7
9457,d7
9458,d7
9459,d7
9460,d7
9461,d7
9462,d7
9463,d9
9464,d9
9465,d9
9466,d9
9467,d9
9468,d9
9469,d9
9470,d9
9471,d9
9472,d9
9473,d9
9474,d9
9475,d9
9476,d9
9477,d10
9478,d10
9479,d10
9480,d10
9481,d10
9482,d10
9483,d10
9484,d10
9485,d10
9486,d10
9487,d10
9488,d10
9489,d10
9490,d10
9491,d12
9492,d12
9493,d12
9494,d12
9495,d12
9496,d12
9497,d12
9498,d12
9499,d14
9500,d14
9501,d14
9502,d14
9503,d14
9504,d14
9505,d14
9506,d14
9507,d14
9508,d14
9509,d2
9510,d2
9511,d2
9512,d2
9513,d2
9514,d2
9515,d4
9516,d4
9517,d5
9518,d5
9519,d5
9520,d5
9521,d5
9522,d5
9523,d5
9524,d5
9525,d5
9526,d5
9527,d7
9528,d7
9529,d7
9530,d7
9531,d7
9532,d7
9533,d7
9534,d7
9535,d7
9536,d7
9537,d7
9538,d7
9539,d7
9540,d7
9541,d7
9542,d9
9543,d9
9544,d9
9545,d9
9546,d9
9547,d9
9548,d9
9549,d9
9550,d10
9551,d10
9552,d10
9553,d10
9554,d10
9555,d10
9556,d10
9557,d10
9558,d10
9559,d12
9560,d12
9561,d12
9562,d12
9563,d12
9564,d12
9565,d12
9566,d12
9567,d12
9568,d14
9569,d14
9570,d14
9571,d14
9572,d14
9573,d14
9574,d14
9575,d14
9576,d2
9577,d2
9578,d2
9579,d2
9580,d2
9581,d2
9582,d2
9583,d2
9584,d2
9585,d3
9586,d3
9587,d4
9588,d4
9589,d4
9590,d4
9591,d4
9592,d4
9593,d5
9594,d5
9595,d5
9596,d5
9597,d5
9598,d5
9599,d5
9600,d5
9601,d5
9602,d5
9603,d5
9604,d5
9605,d7
9606,d7
9607,d7
9608,d7
9609,d7
9610,d7
9611,d7
9612,d7
9613,d7
9614,d7
9615,d7
9616,d7
9617,d7
9618,d7
9619,d7
9620,d7
9621,d7
9622,d9
9623,d9
9624,d9
9625,d9
9626,d9
9627,d9
9628,d9
9629,d9
9630,d9
9631,d9
9632,d9
9633,d9
9634,d9
9635,d9
9636,d9
9637,d9
9638,d9
9639,d9
9640,d9
9641,d9
9642,d9
9643,d10
9644,d10
9645,d10
9646,d10
9647,d10
9648,d10
9649,d10
9650,d10
9651,d10
9652,d10
9653,d10
9654,d10
9655,d10
9656,d12
9657,d12
9658,d12
9659,d12
9660,d12
9661,d12
9662,d12
9663,d12
9664,d12
9665,d12
9666,d12
9667,d12
9668,d12
9669,d12
9670,d12
9671,d12
9672,d12
9673,d14
9674,d14
9675,d14
9676,d14
9677,d14
9678,d14
9679,d14
9680,d14
9681,d14
9682,d2
9683,d2
9684,d2
9685,d2
9686,d2
9687,d2
9688,d2
9689,d2
9690,d3
9691,d4
9692,d5
9693,d5
9694,d7
9695,d7
9696,d7
9697,d7
9698,d7
9699,d7
9700,d7
9701,d7
9702,d7
9703,d7
9704,d7
9705,d9
9706,d9
9707,d9
9708,d9
9709,d9
9710,d9
9711,d10
9712,d10
9713,d10
9714,d10
9715,d10
9716,d10
9717,d10
9718,d10
9719,d10
9720,d10
9721,d10
9722,d10
9723,d10
9724,d10
9725,d12
9726,d12
9727,d12
9728,d12
9729,d12
9730,d12
9731,d12
9732,d12
9733,d12
9734,d14
9735,d14
9736,d14
9737,d14
9738,d14
9739,d14
9740,d14
9741,d14
9742,d14
9743,d14
9744,d14
9745,d14
9746,d14
9747,d14
9748,d14
9749,d2
9750,d2
9751,d2
9752,d2
9753,d2
9754,d2
9755,d2
9756,d3
9757,d3
9758,d3
9759,d3
9760,d3
9761,d3
9762,d4
9763,d4
9764,d4
9765,d5
9766,d5
9767,d5
9768,d5
9769,d5
9770,d5
9771,d5
9772,d5
9773,d5
9774,d5
9775,d5
9776,d5
9777,d5
9778,d7
9779,d7
9780,d7
9781,d7
9782,d7
9783,d7
9784,d7
9785,d7
9786,d7
9787,d7
9788,d7
9789,d7
9790,d7
9791,d7
9792,d9
9793,d9
9794,d9
9795,d10
9796,d10
9797,d10
9798,d10
9799,d10
9800,d10
9801,d10
9802,d10
9803,d10
9804,d10
9805,d12
9806,d12
9807,d12
9808,d12
9809,d12
9810,d12
9811,d12
9812,d12
9813,d12
9814,d12
9815,d14
9816,d14
9817,d14
9818,d14
9819,d14
9820,d14
9821,d14
9822,d14
9823,d14
9824,d14
9825,d14
9826,d14
9827,d14
9828,d2
9829,d2
9830,d2
9831,d2
9832,d2
9833,d2
9834,d2
9835,d2
9836,d2
9837,d2
9838,d3
9839,d3
9840,d3
9841,d3
9842,d5
9843,d5
9844,d5
9845,d5
9846,d7
9847,d7
9848,d7
9849,d7
9850,d7
9851,d7
9852,d7
9853,d7
9854,d7
9855,d7
9856,d7
9857,d7
9858,d7
9859,d7
9860,d7
9861,d7
9862,d7
9863,d7
9864,d7
9865,d9
9866,d9
9867,d9
9868,d9
9869,d9
9870,d9
9871,d9
9872,d9
9873,d9
9874,d9
9875,d9
9876,d9
9877,d10
9878,d10
9879,d10
9880,d10
9881,d10
9882,d10
9883,d10
9884,d10
9885,d10
9886,d10
9887,d10
9888,d12
9889,d12
9890,d12
9891,d12
9892,d12
9893,d12
9894,d12
9895,d12
9896,d12
9897,d14
9898,d14
9899,d14
9900,d14
9901,d14
9902,d14
9903,d14
9904,d14
9905,d14
9906,d14
9907,d14
9908,d14
9909,d2
9910,d2
9911,d2
9912,d16
9913,d16
9914,d16
9915,d3
9916,d3
9917,d25
9918,d15
9919,d5
9920,d5
9921,d5
9922,d5
9923,d15
9924,d5
9925,d5
9926,d15
9927,d7
9928,d7
9929,d7
9930,d18
9931,d18
9932,d7
9933,d7
9934,d7
9935,d7
9936,d18
9937,d9
9938,d9
9939,d9
9940,d9
9941,d9
9942,d9
9943,d9
9944,d9
9945,d9
9946,d9
9947,d19
9948,d9
9949,d9
9950,d9
9951,d9
9952,d9
9953,d19
9954,d9
9955,d10
9956,d10
9957,d10
9958,d10
9959,d10
9960,d10
9961,d12
9962,d12
9963,d12
9964,d12
9965,d12
9966,d12
9967,d12
9968,d14
9969,d14
9970,d14
9971,d14
9972,d14
9973,d14
9974,d14
9975,d14
9976,d14
9977,d14
9978,d14
9979,d2
9980,d2
9981,d2
9982,d2
9983,d2
9984,d2
9985,d2
9986,d2
9987,d3
9988,d3
9989,d3
9990,d3
9991,d4
9992,d4
9993,d5
9994,d5
9995,d5
9996,d5
9997,d5
9998,d5
9999,d5
10000,d7
10001,d7
10002,d7
10003,d7
10004,d7
10005,d7
10006,d7
10007,d7
10008,d7
10009,d7
10010,d7
10011,d7
10012,d7
10013,d7
10014,d9
10015,d9
10016,d9
10017,d9
10018,d9
10019,d9
10020,d9
10021,d9
10022,d9
10023,d9
10024,d9
10025,d9
10026,d9
10027,d10
10028,d10
10029,d10
10030,d10
10031,d10
10032,d10
10033,d10
10034,d12
10035,d12
10036,d12
10037,d12
10038,d12
10039,d12
10040,d14
10041,d14
10042,d14
10043,d14
10044,d14
10045,d14
10046,d14
10047,d14
10048,d14
10049,d14
10050,d2
10051,d2
10052,d2
10053,d2
10054,d2
10055,d2
10056,d2
10057,d2
10058,d3
10059,d3
10060,d3
10061,d4
10062,d4
10063,d5
10064,d5
10065,d5
10066,d5
10067,d5
10068,d5
10069,d5
10070,d5
10071,d7
10072,d7
10073,d7
10074,d7
10075,d7
10076,d7
10077,d9
10078,d9
10079,d9
10080,d9
10081,d9
10082,d9
10083,d9
10084,d9
10085,d9
10086,d9
10087,d9
10088,d9
10089,d10
10090,d10
10091,d10
10092,d10
10093,d10
10094,d10
10095,d10
10096,d12
10097,d12
10098,d12
10099,d12
10100,d12
10101,d12
10102,d12
10103,d14
10104,d14
10105,d14
10106,d14
10107,d2
10108,d2
10109,d2
10110,d2
10111,d2
10112,d24
10113,d3
10114,d3
10115,d4
10116,d4
10117,d4
10118,d5
10119,d5
10120,d5
10121,d5
10122,d5
10123,d5
10124,d5
10125,d5
10126,d5
10127,d5
10128,d5
10129,d5
10130,d7
10131,d7
10132,d7
10133,d7
10134,d7
10135,d7
10136,d7
10137,d7
10138,d7
10139,d7
10140,d7
10141,d7
10142,d7
10143,d9
10144,d9
10145,d9
10146,d9
10147,d9
10148,d9
10149,d9
10150,d9
10151,d9
10152,d9
10153,d9
10154,d9
10155,d9
10156,d9
10157,d22
10158,d22
10159,d22
10160,d10
10161,d10
10162,d10
10163,d10
10164,d10
10165,d10
10166,d10
10167,d10
10168,d10
10169,d10
10170,d10
10171,d22
10172,d10
10173,d10
10174,d10
10175,d12
10176,d12
10177,d12
10178,d12
10179,d12
10180,d12
10181,d12
10182,d12
10183,d14
10184,d14
10185,d14
10186,d14
10187,d14
10188,d14
10189,d14
10190,d14
10191,d14
10192,d14
10193,d14
10194,d14
10195,d14
10196,d2
10197,d1
10198,d2
10199,d3
10200,d23
10201,d23
10202,d5
10203,d6
10204,d5
10205,d5
10206,d5
10207,d5
10208,d6
10209,d7
10210,d8
10211,d7
10212,d9
10213,d9
10214,d21
10215,d9
10216,d9
10217,d9
10218,d10
10219,d22
10220,d10
10221,d10
10222,d10
10223,d10
10224,d11
10225,d11
10226,d11
10227,d12
10228,d12
10229,d12
10230,d14
10231,d14
10232,d2
10233,d2
10234,d2
10235,d3
10236,d3
10237,d5
10238,d5
10239,d7
10240,d7
10241,d7
10242,d7
10243,d7
10244,d7
10245,d9
10246,d9
10247,d9
10248,d9
10249,d10
10250,d10
10251,d10
10252,d10
10253,d10
10254,d12
10255,d12
10256,d12
10257,d14
10258,d14
10259,d14
10260,d2
10261,d2
10262,d2
10263,d2
10264,d2
10265,d2
10266,d2
10267,d2
10268,d3
10269,d3
10270,d5
10271,d5
10272,d5
10273,d7
10274,d7
10275,d7
10276,d7
10277,d7
10278,d7
10279,d9
10280,d9
10281,d9
10282,d9
10283,d9
10284,d9
10285,d10
10286,d10
10287,d10
10288,d10
10289,d12
10290,d14
10291,d14
10292,d14
10293,d2
10294,d2
10295,d2
10296,d2
10297,d3
10298,d4
10299,d5
10300,d5
10301,d7
10302,d7
10303,d7
10304,d9
10305,d9
10306,d9
10307,d9
10308,d9
10309,d9
10310,d10
10311,d10
10312,d12
10313,d12
10314,d12
10315,d12
10316,d12
10317,d12
10318,d14
10319,d14
10320,d2
10321,d2
10322,d3
10323,d5
10324,d5
10325,d5
10326,d5
10327,d5
10328,d5
10329,d7
10330,d9
10331,d9
10332,d10
10333,d10
10334,d12
10335,d12
10336,d12
10337,d14
10338,d14
10339,d14
10340,d2
10341,d2
10342,d2
10343,d2
10344,d2
10345,d3
10346,d3
10347,d4
10348,d7
10349,d7
10350,d9
10351,d9
10352,d9
10353,d9
10354,d9
10355,d9
10356,d9
10357,d10
10358,d10
10359,d10
10360,d10
10361,d10
10362,d12
10363,d12
10364,d3
10365,d5
10366,d7
10367,d9
10368,d9
10369,d9
10370,d9
10371,d9
10372,d10
10373,d10
10374,d10
10375,d10
10376,d10
10377,d12
10378,d12
10379,d12
10380,d14
10381,d14
10382,d14
10383,d14
10384,d14
10385,d3
10386,d3
10387,d5
10388,d5
10389,d5
10390,d5
10391,d5
10392,d7
10393,d7
10394,d7
10395,d9
10396,d9
10397,d9
10398,d10
10399,d10
10400,d10
10401,d10
10402,d12
10403,d14
10404,d2
10405,d4
10406,d5
10407,d15
10408,d5
10409,d7
10410,d9
10411,d19
10412,d19
10413,d10
10414,d10
10415,d10
10416,d10
10417,d20
10418,d10
10419,d10
10420,d20
10421,d20
10422,d10
10423,d10
10424,d12
10425,d2
10426,d2
10427,d5
10428,d5
10429,d5
10430,d7
10431,d7
10432,d7
10433,d7
10434,d7
10435,d7
10436,d7
10437,d7
10438,d7
10439,d9
10440,d9
10441,d9
10442,d9
10443,d9
10444,d10
10445,d10
10446,d10
10447,d10
10448,d10
10449,d10
10450,d10
10451,d12
10452,d12
10453,d12
10454,d12
10455,d14
10456,d2
10457,d3
10458,d5
10459,d5
10460,d5
10461,d5
10462,d7
10463,d9
10464,d9
10465,d9
10466,d10
10467,d10
10468,d10
10469,d12
10470,d12
10471,d12
10472,d12
10473,d14
10474,d2
10475,d2
10476,d2
10477,d3
10478,d4
10479,d5
10480,d5
10481,d7
10482,d7
10483,d7
10484,d7
10485,d9
10486,d10
10487,d12
10488,d12
10489,d12
10490,d13
