crash_id,speed_id
1,s1
2,s2
3,s3
4,s1
5,s1
6,s1
7,s4
8,s3
9,s1
10,s3
11,s5
12,s6
13,s1
14,s2
15,s4
16,s4
17,s1
18,s1
19,s1
20,s7
21,s6
22,s1
23,s1
24,s6
25,s6
26,s3
27,s1
28,s1
29,s3
30,s1
31,s5
32,s1
33,s1
34,s1
35,s2
36,s6
37,s1
38,s3
39,s3
40,s3
41,s1
42,s4
43,s1
44,s8
45,s1
46,s1
47,s1
48,s4
49,s1
50,s1
51,s1
52,s1
53,s4
54,s4
55,s4
56,s1
57,s1
58,s4
59,s6
60,s4
61,s1
62,s2
63,s1
64,s2
65,s3
66,s1
67,s1
68,s8
69,s6
70,s2
71,s1
72,s1
73,s1
74,s4
75,s5
76,s1
77,s1
78,s1
79,s1
80,s6
81,s1
82,s2
83,s4
84,s3
85,s4
86,s4
87,s1
88,s1
89,s1
90,s5
91,s1
92,s2
93,s1
94,s4
95,s5
96,s3
97,s3
98,s2
99,s1
100,s1
101,s4
102,s2
103,s9
104,s1
105,s1
106,s1
107,s1
108,s1
109,s1
110,s2
111,s2
112,s1
113,s4
114,s4
115,s1
116,s4
117,s2
118,s2
119,s6
120,s6
121,s3
122,s6
123,s3
124,s2
125,s4
126,s8
127,s2
128,s1
129,s2
130,s7
131,s2
132,s4
133,s4
134,s3
135,s6
136,s3
137,s5
138,s3
139,s3
140,s1
141,s1
142,s2
143,s5
144,s1
145,s1
146,s2
147,s1
148,s1
149,s6
150,s2
151,s4
152,s1
153,s1
154,s2
155,s1
156,s3
157,s1
158,s2
159,s1
160,s3
161,s1
162,s1
163,s3
164,s1
165,s1
166,s6
167,s1
168,s1
169,s1
170,s2
171,s4
172,s1
173,s1
174,s2
175,s2
176,s1
177,s3
178,s2
179,s6
180,s2
181,s2
182,s4
183,s5
184,s3
185,s1
186,s4
187,s1
188,s1
189,s1
190,s4
191,s1
192,s1
193,s2
194,s2
195,s2
196,s1
197,s4
198,s2
199,s1
200,s3
201,s2
202,s8
203,s6
204,s1
205,s1
206,s2
207,s3
208,s1
209,s1
210,s4
211,s8
212,s8
213,s6
214,s6
215,s2
216,s4
217,s1
218,s1
219,s1
220,s1
221,s2
222,s4
223,s6
224,s3
225,s5
226,s5
227,s1
228,s2
229,s2
230,s6
231,s4
232,s4
233,s4
234,s5
235,s6
236,s4
237,s1
238,s1
239,s7
240,s1
241,s2
242,s3
243,s2
244,s1
245,s2
246,s3
247,s1
248,s5
249,s3
250,s1
251,s3
252,s3
253,s3
254,s2
255,s3
256,s4
257,s4
258,s1
259,s2
260,s5
261,s4
262,s4
263,s1
264,s6
265,s6
266,s6
267,s6
268,s1
269,s4
270,s1
271,s4
272,s2
273,s2
274,s3
275,s3
276,s4
277,s4
278,s3
279,s3
280,s1
281,s1
282,s8
283,s1
284,s4
285,s4
286,s2
287,s5
288,s1
289,s1
290,s1
291,s2
292,s3
293,s3
294,s7
295,s4
296,s1
297,s1
298,s1
299,s2
300,s4
301,s5
302,s5
303,s4
304,s2
305,s2
306,s1
307,s1
308,s3
309,s4
310,s1
311,s4
312,s2
313,s1
314,s4
315,s1
316,s4
317,s1
318,s4
319,s2
320,s4
321,s4
322,s2
323,s2
324,s3
325,s1
326,s1
327,s1
328,s5
329,s1
330,s1
331,s1
332,s1
333,s1
334,s2
335,s4
336,s5
337,s5
338,s3
339,s4
340,s1
341,s1
342,s3
343,s4
344,s2
345,s1
346,s6
347,s1
348,s4
349,s2
350,s4
351,s3
352,s7
353,s1
354,s2
355,s2
356,s2
357,s2
358,s2
359,s3
360,s1
361,s1
362,s1
363,s2
364,s1
365,s2
366,s4
367,s3
368,s4
369,s4
370,s4
371,s2
372,s1
373,s1
374,s1
375,s1
376,s1
377,s1
378,s3
379,s1
380,s2
381,s4
382,s4
383,s6
384,s5
385,s1
386,s1
387,s7
388,s5
389,s6
390,s4
391,s4
392,s1
393,s2
394,s2
395,s4
396,s1
397,s1
398,s1
399,s4
400,s1
401,s1
402,s1
403,s1
404,s1
405,s1
406,s4
407,s2
408,s10
409,s5
410,s2
411,s1
412,s3
413,s4
414,s6
415,s1
416,s3
417,s4
418,s1
419,s1
420,s1
421,s1
422,s6
423,s6
424,s4
425,s5
426,s2
427,s2
428,s2
429,s4
430,s5
431,s1
432,s1
433,s1
434,s3
435,s4
436,s1
437,s3
438,s2
439,s4
440,s2
441,s3
442,s4
443,s1
444,s1
445,s1
446,s1
447,s2
448,s2
449,s2
450,s4
451,s1
452,s1
453,s4
454,s2
455,s7
456,s4
457,s3
458,s1
459,s1
460,s1
461,s4
462,s1
463,s4
464,s3
465,s1
466,s1
467,s3
468,s4
469,s8
470,s3
471,s6
472,s4
473,s1
474,s1
475,s3
476,s4
477,s4
478,s4
479,s1
480,s1
481,s1
482,s4
483,s4
484,s4
485,s1
486,s1
487,s5
488,s2
489,s1
490,s1
491,s1
492,s5
493,s1
494,s1
495,s5
496,s2
497,s2
498,s2
499,s1
500,s2
501,s2
502,s3
503,s4
504,s4
505,s2
506,s4
507,s7
508,s5
509,s4
510,s1
511,s3
512,s1
513,s1
514,s1
515,s2
516,s1
517,s4
518,s2
519,s2
520,s1
521,s6
522,s2
523,s4
524,s1
525,s2
526,s4
527,s7
528,s9
529,s3
530,s1
531,s5
532,s5
533,s1
534,s1
535,s1
536,s3
537,s2
538,s1
539,s5
540,s8
541,s3
542,s4
543,s6
544,s2
545,s3
546,s4
547,s2
548,s5
549,s4
550,s2
551,s4
552,s2
553,s6
554,s6
555,s2
556,s4
557,s2
558,s1
559,s1
560,s4
561,s3
562,s7
563,s3
564,s1
565,s2
566,s1
567,s4
568,s3
569,s3
570,s4
571,s2
572,s3
573,s2
574,s2
575,s1
576,s1
577,s4
578,s5
579,s4
580,s1
581,s2
582,s4
583,s5
584,s1
585,s2
586,s4
587,s3
588,s7
589,s3
590,s4
591,s9
592,s1
593,s4
594,s1
595,s4
596,s5
597,s5
598,s1
599,s1
600,s1
601,s2
602,s2
603,s2
604,s1
605,s4
606,s1
607,s6
608,s2
609,s5
610,s5
611,s1
612,s4
613,s5
614,s5
615,s1
616,s6
617,s3
618,s2
619,s7
620,s4
621,s1
622,s4
623,s5
624,s5
625,s3
626,s6
627,s6
628,s6
629,s2
630,s2
631,s1
632,s1
633,s5
634,s2
635,s2
636,s4
637,s1
638,s1
639,s1
640,s6
641,s1
642,s4
643,s2
644,s4
645,s4
646,s4
647,s2
648,s1
649,s2
650,s1
651,s1
652,s7
653,s1
654,s4
655,s5
656,s5
657,s5
658,s6
659,s6
660,s6
661,s1
662,s2
663,s3
664,s1
665,s3
666,s1
667,s6
668,s1
669,s6
670,s3
671,s6
672,s1
673,s1
674,s2
675,s1
676,s4
677,s6
678,s5
679,s1
680,s4
681,s4
682,s4
683,s1
684,s4
685,s1
686,s1
687,s1
688,s2
689,s1
690,s1
691,s4
692,s2
693,s4
694,s6
695,s1
696,s8
697,s3
698,s3
699,s6
700,s1
701,s6
702,s6
703,s6
704,s6
705,s6
706,s1
707,s1
708,s2
709,s1
710,s2
711,s2
712,s1
713,s1
714,s1
715,s1
716,s3
717,s4
718,s5
719,s1
720,s1
721,s5
722,s1
723,s6
724,s4
725,s3
726,s4
727,s2
728,s5
729,s5
730,s2
731,s1
732,s4
733,s4
734,s1
735,s1
736,s2
737,s1
738,s1
739,s4
740,s4
741,s5
742,s1
743,s6
744,s1
745,s4
746,s4
747,s2
748,s1
749,s5
750,s7
751,s1
752,s6
753,s1
754,s1
755,s2
756,s2
757,s2
758,s1
759,s5
760,s6
761,s1
762,s1
763,s4
764,s6
765,s2
766,s5
767,s1
768,s1
769,s2
770,s1
771,s1
772,s4
773,s4
774,s3
775,s1
776,s1
777,s3
778,s6
779,s1
780,s2
781,s6
782,s1
783,s6
784,s6
785,s4
786,s4
787,s1
788,s1
789,s4
790,s2
791,s8
792,s4
793,s3
794,s7
795,s2
796,s4
797,s1
798,s2
799,s3
800,s1
801,s2
802,s4
803,s2
804,s3
805,s3
806,s2
807,s4
808,s1
809,s1
810,s6
811,s2
812,s1
813,s1
814,s6
815,s3
816,s3
817,s1
818,s4
819,s5
820,s4
821,s4
822,s5
823,s1
824,s1
825,s1
826,s1
827,s6
828,s8
829,s1
830,s1
831,s3
832,s1
833,s4
834,s4
835,s1
836,s1
837,s1
838,s5
839,s1
840,s2
841,s2
842,s1
843,s1
844,s2
845,s3
846,s2
847,s2
848,s1
849,s1
850,s1
851,s2
852,s2
853,s2
854,s2
855,s2
856,s3
857,s1
858,s4
859,s1
860,s5
861,s4
862,s1
863,s1
864,s5
865,s1
866,s1
867,s1
868,s3
869,s2
870,s1
871,s1
872,s2
873,s1
874,s5
875,s2
876,s4
877,s1
878,s2
879,s3
880,s4
881,s2
882,s2
883,s1
884,s4
885,s4
886,s1
887,s1
888,s1
889,s6
890,s5
891,s2
892,s7
893,s2
894,s2
895,s1
896,s1
897,s3
898,s1
899,s1
900,s5
901,s1
902,s4
903,s4
904,s1
905,s1
906,s6
907,s3
908,s2
909,s2
910,s4
911,s2
912,s2
913,s5
914,s3
915,s3
916,s3
917,s4
918,s4
919,s2
920,s2
921,s3
922,s5
923,s1
924,s6
925,s6
926,s3
927,s2
928,s2
929,s1
930,s1
931,s2
932,s1
933,s7
934,s1
935,s4
936,s1
937,s4
938,s1
939,s2
940,s2
941,s1
942,s1
943,s1
944,s1
945,s1
946,s1
947,s3
948,s3
949,s7
950,s2
951,s3
952,s1
953,s1
954,s4
955,s1
956,s2
957,s8
958,s1
959,s4
960,s4
961,s1
962,s1
963,s1
964,s2
965,s1
966,s2
967,s1
968,s2
969,s1
970,s7
971,s4
972,s3
973,s4
974,s6
975,s1
976,s3
977,s3
978,s1
979,s5
980,s4
981,s4
982,s2
983,s4
984,s4
985,s1
986,s1
987,s1
988,s1
989,s1
990,s1
991,s1
992,s6
993,s2
994,s1
995,s4
996,s1
997,s1
998,s1
999,s6
1000,s1
1001,s3
1002,s4
1003,s4
1004,s4
1005,s4
1006,s1
1007,s1
1008,s1
1009,s3
1010,s2
1011,s4
1012,s4
1013,s2
1014,s1
1015,s1
1016,s3
1017,s2
1018,s3
1019,s3
1020,s1
1021,s1
1022,s3
1023,s2
1024,s4
1025,s1
1026,s1
1027,s3
1028,s1
1029,s1
1030,s5
1031,s3
1032,s4
1033,s2
1034,s3
1035,s6
1036,s6
1037,s2
1038,s5
1039,s2
1040,s1
1041,s1
1042,s2
1043,s4
1044,s4
1045,s1
1046,s2
1047,s1
1048,s2
1049,s1
1050,s1
1051,s3
1052,s1
1053,s1
1054,s2
1055,s4
1056,s2
1057,s1
1058,s1
1059,s6
1060,s1
1061,s1
1062,s1
1063,s2
1064,s6
1065,s5
1066,s4
1067,s1
1068,s1
1069,s1
1070,s1
1071,s1
1072,s11
1073,s3
1074,s2
1075,s3
1076,s4
1077,s1
1078,s2
1079,s4
1080,s1
1081,s4
1082,s5
1083,s2
1084,s2
1085,s5
1086,s3
1087,s1
1088,s2
1089,s5
1090,s3
1091,s3
1092,s6
1093,s1
1094,s3
1095,s3
1096,s3
1097,s4
1098,s1
1099,s3
1100,s1
1101,s1
1102,s1
1103,s6
1104,s6
1105,s6
1106,s3
1107,s1
1108,s3
1109,s3
1110,s3
1111,s4
1112,s2
1113,s2
1114,s3
1115,s4
1116,s2
1117,s1
1118,s4
1119,s1
1120,s1
1121,s2
1122,s1
1123,s6
1124,s4
1125,s6
1126,s6
1127,s3
1128,s3
1129,s4
1130,s8
1131,s4
1132,s1
1133,s7
1134,s4
1135,s4
1136,s7
1137,s4
1138,s1
1139,s6
1140,s6
1141,s6
1142,s4
1143,s1
1144,s2
1145,s2
1146,s1
1147,s1
1148,s5
1149,s1
1150,s2
1151,s2
1152,s1
1153,s12
1154,s1
1155,s1
1156,s1
1157,s2
1158,s2
1159,s1
1160,s2
1161,s2
1162,s4
1163,s1
1164,s3
1165,s2
1166,s1
1167,s4
1168,s1
1169,s2
1170,s10
1171,s1
1172,s5
1173,s4
1174,s1
1175,s4
1176,s3
1177,s2
1178,s5
1179,s2
1180,s4
1181,s1
1182,s3
1183,s3
1184,s2
1185,s4
1186,s4
1187,s2
1188,s3
1189,s4
1190,s3
1191,s3
1192,s6
1193,s3
1194,s2
1195,s6
1196,s1
1197,s1
1198,s3
1199,s6
1200,s1
1201,s4
1202,s4
1203,s4
1204,s4
1205,s5
1206,s1
1207,s1
1208,s1
1209,s1
1210,s2
1211,s3
1212,s1
1213,s3
1214,s3
1215,s1
1216,s3
1217,s4
1218,s1
1219,s1
1220,s3
1221,s3
1222,s4
1223,s7
1224,s3
1225,s4
1226,s4
1227,s1
1228,s1
1229,s6
1230,s1
1231,s4
1232,s6
1233,s1
1234,s4
1235,s3
1236,s2
1237,s5
1238,s5
1239,s3
1240,s3
1241,s3
1242,s1
1243,s1
1244,s1
1245,s1
1246,s4
1247,s9
1248,s4
1249,s4
1250,s6
1251,s4
1252,s1
1253,s2
1254,s7
1255,s1
1256,s1
1257,s1
1258,s4
1259,s1
1260,s3
1261,s1
1262,s2
1263,s3
1264,s1
1265,s6
1266,s6
1267,s1
1268,s4
1269,s5
1270,s2
1271,s1
1272,s1
1273,s1
1274,s4
1275,s1
1276,s1
1277,s6
1278,s2
1279,s4
1280,s2
1281,s3
1282,s2
1283,s1
1284,s1
1285,s1
1286,s1
1287,s2
1288,s4
1289,s2
1290,s2
1291,s2
1292,s4
1293,s3
1294,s3
1295,s6
1296,s1
1297,s9
1298,s1
1299,s4
1300,s5
1301,s2
1302,s6
1303,s6
1304,s4
1305,s2
1306,s1
1307,s2
1308,s1
1309,s3
1310,s7
1311,s2
1312,s4
1313,s4
1314,s1
1315,s3
1316,s6
1317,s2
1318,s1
1319,s4
1320,s5
1321,s5
1322,s1
1323,s3
1324,s5
1325,s6
1326,s1
1327,s8
1328,s4
1329,s3
1330,s2
1331,s6
1332,s1
1333,s4
1334,s4
1335,s4
1336,s4
1337,s4
1338,s4
1339,s3
1340,s2
1341,s1
1342,s2
1343,s2
1344,s3
1345,s3
1346,s3
1347,s8
1348,s2
1349,s1
1350,s5
1351,s2
1352,s1
1353,s7
1354,s3
1355,s1
1356,s4
1357,s4
1358,s3
1359,s2
1360,s1
1361,s2
1362,s1
1363,s1
1364,s4
1365,s1
1366,s6
1367,s1
1368,s1
1369,s3
1370,s3
1371,s1
1372,s2
1373,s1
1374,s1
1375,s4
1376,s1
1377,s6
1378,s6
1379,s6
1380,s6
1381,s1
1382,s2
1383,s3
1384,s3
1385,s3
1386,s4
1387,s1
1388,s2
1389,s1
1390,s4
1391,s1
1392,s2
1393,s5
1394,s1
1395,s3
1396,s6
1397,s6
1398,s12
1399,s1
1400,s3
1401,s4
1402,s1
1403,s4
1404,s5
1405,s1
1406,s3
1407,s1
1408,s2
1409,s1
1410,s4
1411,s6
1412,s6
1413,s6
1414,s5
1415,s6
1416,s1
1417,s1
1418,s1
1419,s3
1420,s6
1421,s2
1422,s3
1423,s1
1424,s5
1425,s1
1426,s1
1427,s2
1428,s6
1429,s6
1430,s1
1431,s2
1432,s2
1433,s1
1434,s2
1435,s1
1436,s4
1437,s8
1438,s1
1439,s4
1440,s1
1441,s4
1442,s1
1443,s3
1444,s4
1445,s1
1446,s2
1447,s1
1448,s2
1449,s2
1450,s4
1451,s2
1452,s2
1453,s2
1454,s1
1455,s2
1456,s4
1457,s4
1458,s4
1459,s1
1460,s4
1461,s3
1462,s1
1463,s3
1464,s1
1465,s3
1466,s6
1467,s3
1468,s4
1469,s4
1470,s4
1471,s1
1472,s2
1473,s5
1474,s1
1475,s6
1476,s3
1477,s2
1478,s2
1479,s1
1480,s1
1481,s7
1482,s4
1483,s3
1484,s4
1485,s3
1486,s1
1487,s1
1488,s2
1489,s3
1490,s3
1491,s2
1492,s2
1493,s2
1494,s4
1495,s1
1496,s1
1497,s1
1498,s1
1499,s4
1500,s2
1501,s1
1502,s4
1503,s2
1504,s6
1505,s1
1506,s1
1507,s4
1508,s3
1509,s1
1510,s4
1511,s2
1512,s1
1513,s4
1514,s4
1515,s2
1516,s6
1517,s2
1518,s1
1519,s2
1520,s1
1521,s1
1522,s7
1523,s9
1524,s4
1525,s3
1526,s4
1527,s2
1528,s4
1529,s2
1530,s1
1531,s7
1532,s6
1533,s1
1534,s3
1535,s5
1536,s2
1537,s4
1538,s3
1539,s3
1540,s4
1541,s4
1542,s12
1543,s4
1544,s8
1545,s1
1546,s1
1547,s6
1548,s2
1549,s4
1550,s2
1551,s2
1552,s2
1553,s2
1554,s2
1555,s2
1556,s2
1557,s2
1558,s2
1559,s2
1560,s3
1561,s1
1562,s1
1563,s4
1564,s1
1565,s1
1566,s4
1567,s2
1568,s4
1569,s4
1570,s2
1571,s1
1572,s3
1573,s3
1574,s4
1575,s5
1576,s6
1577,s1
1578,s3
1579,s4
1580,s2
1581,s4
1582,s4
1583,s8
1584,s6
1585,s13
1586,s1
1587,s5
1588,s6
1589,s6
1590,s1
1591,s4
1592,s1
1593,s2
1594,s6
1595,s1
1596,s1
1597,s1
1598,s3
1599,s4
1600,s7
1601,s1
1602,s1
1603,s2
1604,s2
1605,s2
1606,s2
1607,s1
1608,s2
1609,s1
1610,s1
1611,s2
1612,s1
1613,s3
1614,s3
1615,s1
1616,s4
1617,s1
1618,s1
1619,s1
1620,s6
1621,s1
1622,s3
1623,s7
1624,s2
1625,s6
1626,s3
1627,s2
1628,s6
1629,s1
1630,s5
1631,s1
1632,s1
1633,s1
1634,s2
1635,s7
1636,s1
1637,s2
1638,s1
1639,s4
1640,s1
1641,s1
1642,s3
1643,s2
1644,s4
1645,s4
1646,s3
1647,s3
1648,s3
1649,s1
1650,s7
1651,s1
1652,s1
1653,s1
1654,s1
1655,s1
1656,s1
1657,s1
1658,s4
1659,s3
1660,s5
1661,s4
1662,s4
1663,s6
1664,s1
1665,s1
1666,s4
1667,s1
1668,s3
1669,s5
1670,s6
1671,s4
1672,s4
1673,s2
1674,s6
1675,s4
1676,s3
1677,s3
1678,s1
1679,s1
1680,s4
1681,s2
1682,s4
1683,s1
1684,s4
1685,s6
1686,s2
1687,s2
1688,s4
1689,s1
1690,s2
1691,s2
1692,s2
1693,s2
1694,s3
1695,s3
1696,s2
1697,s3
1698,s1
1699,s1
1700,s1
1701,s1
1702,s1
1703,s1
1704,s1
1705,s5
1706,s3
1707,s4
1708,s5
1709,s1
1710,s3
1711,s4
1712,s3
1713,s3
1714,s2
1715,s4
1716,s4
1717,s4
1718,s4
1719,s2
1720,s2
1721,s1
1722,s3
1723,s3
1724,s1
1725,s1
1726,s6
1727,s1
1728,s1
1729,s6
1730,s1
1731,s4
1732,s4
1733,s4
1734,s6
1735,s14
1736,s7
1737,s1
1738,s2
1739,s3
1740,s3
1741,s7
1742,s2
1743,s6
1744,s5
1745,s1
1746,s6
1747,s6
1748,s6
1749,s1
1750,s6
1751,s6
1752,s4
1753,s3
1754,s4
1755,s2
1756,s2
1757,s1
1758,s1
1759,s12
1760,s1
1761,s3
1762,s2
1763,s2
1764,s2
1765,s2
1766,s4
1767,s1
1768,s3
1769,s1
1770,s1
1771,s1
1772,s4
1773,s4
1774,s1
1775,s4
1776,s1
1777,s1
1778,s2
1779,s4
1780,s1
1781,s3
1782,s8
1783,s4
1784,s2
1785,s10
1786,s1
1787,s1
1788,s2
1789,s2
1790,s7
1791,s5
1792,s1
1793,s5
1794,s2
1795,s2
1796,s6
1797,s2
1798,s1
1799,s3
1800,s6
1801,s4
1802,s6
1803,s4
1804,s4
1805,s2
1806,s6
1807,s6
1808,s4
1809,s4
1810,s3
1811,s4
1812,s4
1813,s4
1814,s3
1815,s5
1816,s9
1817,s3
1818,s1
1819,s5
1820,s1
1821,s4
1822,s1
1823,s1
1824,s6
1825,s1
1826,s2
1827,s4
1828,s3
1829,s6
1830,s8
1831,s1
1832,s6
1833,s6
1834,s1
1835,s1
1836,s4
1837,s5
1838,s1
1839,s1
1840,s1
1841,s4
1842,s1
1843,s3
1844,s1
1845,s2
1846,s2
1847,s4
1848,s3
1849,s9
1850,s1
1851,s4
1852,s1
1853,s1
1854,s1
1855,s3
1856,s4
1857,s1
1858,s6
1859,s2
1860,s3
1861,s4
1862,s4
1863,s5
1864,s6
1865,s1
1866,s6
1867,s2
1868,s4
1869,s2
1870,s1
1871,s1
1872,s1
1873,s1
1874,s1
1875,s1
1876,s4
1877,s1
1878,s1
1879,s6
1880,s4
1881,s1
1882,s1
1883,s2
1884,s1
1885,s2
1886,s2
1887,s1
1888,s1
1889,s1
1890,s1
1891,s1
1892,s1
1893,s6
1894,s5
1895,s6
1896,s6
1897,s2
1898,s1
1899,s2
1900,s1
1901,s1
1902,s6
1903,s4
1904,s5
1905,s1
1906,s1
1907,s4
1908,s3
1909,s6
1910,s1
1911,s1
1912,s1
1913,s2
1914,s2
1915,s1
1916,s6
1917,s1
1918,s1
1919,s4
1920,s4
1921,s3
1922,s3
1923,s1
1924,s1
1925,s1
1926,s1
1927,s4
1928,s3
1929,s2
1930,s4
1931,s4
1932,s4
1933,s10
1934,s9
1935,s5
1936,s1
1937,s5
1938,s4
1939,s1
1940,s2
1941,s4
1942,s2
1943,s2
1944,s4
1945,s3
1946,s2
1947,s2
1948,s2
1949,s4
1950,s6
1951,s4
1952,s1
1953,s3
1954,s1
1955,s2
1956,s1
1957,s1
1958,s1
1959,s1
1960,s3
1961,s1
1962,s4
1963,s4
1964,s3
1965,s1
1966,s1
1967,s3
1968,s2
1969,s2
1970,s1
1971,s1
1972,s1
1973,s1
1974,s4
1975,s1
1976,s3
1977,s3
1978,s7
1979,s4
1980,s1
1981,s1
1982,s4
1983,s4
1984,s4
1985,s1
1986,s1
1987,s3
1988,s1
1989,s4
1990,s4
1991,s4
1992,s1
1993,s1
1994,s2
1995,s2
1996,s4
1997,s2
1998,s2
1999,s3
2000,s3
2001,s1
2002,s4
2003,s4
2004,s4
2005,s5
2006,s1
2007,s1
2008,s10
2009,s2
2010,s1
2011,s4
2012,s4
2013,s3
2014,s1
2015,s1
2016,s3
2017,s1
2018,s1
2019,s5
2020,s2
2021,s2
2022,s4
2023,s4
2024,s1
2025,s6
2026,s6
2027,s6
2028,s4
2029,s3
2030,s4
2031,s3
2032,s1
2033,s5
2034,s1
2035,s7
2036,s4
2037,s1
2038,s4
2039,s2
2040,s1
2041,s3
2042,s3
2043,s1
2044,s3
2045,s1
2046,s4
2047,s6
2048,s5
2049,s1
2050,s4
2051,s5
2052,s4
2053,s1
2054,s1
2055,s3
2056,s4
2057,s3
2058,s3
2059,s1
2060,s2
2061,s4
2062,s3
2063,s4
2064,s4
2065,s1
2066,s4
2067,s4
2068,s1
2069,s1
2070,s1
2071,s2
2072,s4
2073,s1
2074,s2
2075,s4
2076,s4
2077,s4
2078,s4
2079,s7
2080,s4
2081,s4
2082,s2
2083,s4
2084,s1
2085,s1
2086,s1
2087,s3
2088,s4
2089,s2
2090,s6
2091,s4
2092,s3
2093,s4
2094,s1
2095,s1
2096,s2
2097,s2
2098,s5
2099,s2
2100,s4
2101,s4
2102,s6
2103,s2
2104,s4
2105,s4
2106,s4
2107,s4
2108,s6
2109,s2
2110,s3
2111,s4
2112,s4
2113,s1
2114,s1
2115,s1
2116,s4
2117,s5
2118,s1
2119,s1
2120,s1
2121,s4
2122,s4
2123,s6
2124,s6
2125,s6
2126,s2
2127,s8
2128,s2
2129,s1
2130,s1
2131,s1
2132,s2
2133,s4
2134,s3
2135,s3
2136,s4
2137,s2
2138,s1
2139,s1
2140,s8
2141,s3
2142,s7
2143,s6
2144,s1
2145,s1
2146,s2
2147,s5
2148,s2
2149,s3
2150,s5
2151,s4
2152,s6
2153,s1
2154,s4
2155,s4
2156,s2
2157,s2
2158,s7
2159,s1
2160,s2
2161,s4
2162,s1
2163,s4
2164,s4
2165,s4
2166,s1
2167,s6
2168,s5
2169,s1
2170,s4
2171,s1
2172,s3
2173,s2
2174,s3
2175,s3
2176,s4
2177,s2
2178,s5
2179,s1
2180,s3
2181,s1
2182,s1
2183,s3
2184,s1
2185,s1
2186,s4
2187,s5
2188,s4
2189,s5
2190,s3
2191,s4
2192,s4
2193,s1
2194,s2
2195,s1
2196,s4
2197,s6
2198,s1
2199,s1
2200,s1
2201,s2
2202,s2
2203,s1
2204,s6
2205,s3
2206,s2
2207,s4
2208,s4
2209,s1
2210,s3
2211,s1
2212,s4
2213,s1
2214,s4
2215,s1
2216,s1
2217,s3
2218,s2
2219,s1
2220,s2
2221,s1
2222,s6
2223,s6
2224,s4
2225,s1
2226,s2
2227,s5
2228,s2
2229,s2
2230,s3
2231,s2
2232,s2
2233,s5
2234,s1
2235,s2
2236,s2
2237,s1
2238,s1
2239,s5
2240,s1
2241,s1
2242,s1
2243,s6
2244,s1
2245,s4
2246,s6
2247,s2
2248,s3
2249,s3
2250,s5
2251,s4
2252,s2
2253,s6
2254,s1
2255,s4
2256,s3
2257,s3
2258,s2
2259,s6
2260,s2
2261,s2
2262,s4
2263,s1
2264,s1
2265,s3
2266,s4
2267,s4
2268,s2
2269,s2
2270,s4
2271,s4
2272,s4
2273,s4
2274,s4
2275,s1
2276,s4
2277,s1
2278,s4
2279,s2
2280,s1
2281,s2
2282,s1
2283,s1
2284,s4
2285,s5
2286,s1
2287,s1
2288,s1
2289,s1
2290,s3
2291,s8
2292,s1
2293,s7
2294,s1
2295,s1
2296,s1
2297,s1
2298,s1
2299,s5
2300,s4
2301,s2
2302,s10
2303,s10
2304,s5
2305,s3
2306,s4
2307,s4
2308,s8
2309,s8
2310,s1
2311,s1
2312,s1
2313,s1
2314,s1
2315,s1
2316,s2
2317,s4
2318,s4
2319,s6
2320,s3
2321,s1
2322,s3
2323,s1
2324,s2
2325,s1
2326,s4
2327,s2
2328,s1
2329,s1
2330,s10
2331,s1
2332,s6
2333,s2
2334,s3
2335,s1
2336,s1
2337,s5
2338,s3
2339,s4
2340,s4
2341,s1
2342,s2
2343,s3
2344,s5
2345,s1
2346,s4
2347,s1
2348,s4
2349,s1
2350,s4
2351,s1
2352,s1
2353,s2
2354,s1
2355,s4
2356,s1
2357,s1
2358,s5
2359,s1
2360,s4
2361,s1
2362,s3
2363,s4
2364,s1
2365,s1
2366,s6
2367,s1
2368,s2
2369,s8
2370,s1
2371,s6
2372,s6
2373,s1
2374,s2
2375,s2
2376,s2
2377,s4
2378,s3
2379,s1
2380,s1
2381,s4
2382,s1
2383,s4
2384,s1
2385,s5
2386,s1
2387,s1
2388,s5
2389,s1
2390,s4
2391,s1
2392,s2
2393,s3
2394,s1
2395,s4
2396,s1
2397,s4
2398,s1
2399,s2
2400,s1
2401,s10
2402,s5
2403,s1
2404,s2
2405,s4
2406,s4
2407,s5
2408,s5
2409,s4
2410,s3
2411,s1
2412,s2
2413,s6
2414,s4
2415,s2
2416,s1
2417,s5
2418,s2
2419,s6
2420,s2
2421,s1
2422,s1
2423,s3
2424,s4
2425,s8
2426,s4
2427,s1
2428,s5
2429,s1
2430,s4
2431,s2
2432,s6
2433,s1
2434,s2
2435,s7
2436,s4
2437,s1
2438,s1
2439,s1
2440,s4
2441,s4
2442,s2
2443,s6
2444,s12
2445,s2
2446,s1
2447,s2
2448,s3
2449,s2
2450,s1
2451,s1
2452,s6
2453,s3
2454,s4
2455,s1
2456,s3
2457,s5
2458,s2
2459,s2
2460,s5
2461,s4
2462,s6
2463,s6
2464,s6
2465,s1
2466,s7
2467,s4
2468,s2
2469,s1
2470,s2
2471,s1
2472,s2
2473,s1
2474,s4
2475,s4
2476,s1
2477,s1
2478,s3
2479,s4
2480,s6
2481,s4
2482,s5
2483,s5
2484,s2
2485,s1
2486,s4
2487,s3
2488,s1
2489,s2
2490,s2
2491,s6
2492,s1
2493,s3
2494,s2
2495,s2
2496,s1
2497,s1
2498,s1
2499,s1
2500,s1
2501,s1
2502,s1
2503,s2
2504,s2
2505,s3
2506,s10
2507,s1
2508,s5
2509,s1
2510,s6
2511,s1
2512,s1
2513,s1
2514,s4
2515,s2
2516,s3
2517,s4
2518,s1
2519,s1
2520,s1
2521,s1
2522,s5
2523,s1
2524,s4
2525,s2
2526,s6
2527,s1
2528,s4
2529,s2
2530,s1
2531,s4
2532,s1
2533,s1
2534,s1
2535,s4
2536,s1
2537,s1
2538,s4
2539,s1
2540,s1
2541,s5
2542,s2
2543,s2
2544,s1
2545,s1
2546,s2
2547,s4
2548,s2
2549,s2
2550,s4
2551,s4
2552,s2
2553,s3
2554,s1
2555,s3
2556,s1
2557,s4
2558,s1
2559,s4
2560,s5
2561,s1
2562,s6
2563,s2
2564,s2
2565,s1
2566,s3
2567,s4
2568,s1
2569,s2
2570,s6
2571,s1
2572,s5
2573,s3
2574,s1
2575,s1
2576,s1
2577,s1
2578,s7
2579,s2
2580,s4
2581,s5
2582,s1
2583,s4
2584,s4
2585,s2
2586,s1
2587,s3
2588,s2
2589,s1
2590,s1
2591,s4
2592,s2
2593,s2
2594,s2
2595,s4
2596,s4
2597,s10
2598,s3
2599,s2
2600,s1
2601,s4
2602,s2
2603,s4
2604,s4
2605,s6
2606,s1
2607,s1
2608,s1
2609,s3
2610,s1
2611,s1
2612,s3
2613,s6
2614,s1
2615,s1
2616,s1
2617,s2
2618,s4
2619,s1
2620,s3
2621,s1
2622,s5
2623,s2
2624,s4
2625,s4
2626,s4
2627,s2
2628,s1
2629,s8
2630,s3
2631,s2
2632,s1
2633,s1
2634,s1
2635,s2
2636,s6
2637,s2
2638,s2
2639,s3
2640,s3
2641,s3
2642,s1
2643,s1
2644,s1
2645,s6
2646,s1
2647,s3
2648,s6
2649,s1
2650,s1
2651,s3
2652,s1
2653,s1
2654,s4
2655,s4
2656,s4
2657,s4
2658,s1
2659,s3
2660,s4
2661,s4
2662,s6
2663,s4
2664,s4
2665,s4
2666,s2
2667,s4
2668,s3
2669,s1
2670,s2
2671,s5
2672,s5
2673,s5
2674,s7
2675,s1
2676,s1
2677,s1
2678,s1
2679,s6
2680,s4
2681,s6
2682,s2
2683,s1
2684,s2
2685,s2
2686,s1
2687,s4
2688,s1
2689,s2
2690,s1
2691,s1
2692,s4
2693,s1
2694,s3
2695,s1
2696,s1
2697,s1
2698,s4
2699,s4
2700,s2
2701,s1
2702,s2
2703,s4
2704,s10
2705,s1
2706,s2
2707,s4
2708,s3
2709,s1
2710,s1
2711,s3
2712,s2
2713,s1
2714,s6
2715,s1
2716,s1
2717,s5
2718,s4
2719,s4
2720,s4
2721,s6
2722,s1
2723,s1
2724,s5
2725,s5
2726,s5
2727,s7
2728,s1
2729,s6
2730,s6
2731,s4
2732,s1
2733,s3
2734,s1
2735,s4
2736,s4
2737,s1
2738,s8
2739,s3
2740,s1
2741,s5
2742,s5
2743,s1
2744,s5
2745,s1
2746,s3
2747,s1
2748,s1
2749,s1
2750,s1
2751,s1
2752,s3
2753,s4
2754,s1
2755,s1
2756,s4
2757,s5
2758,s4
2759,s4
2760,s1
2761,s3
2762,s4
2763,s4
2764,s1
2765,s1
2766,s4
2767,s1
2768,s3
2769,s4
2770,s4
2771,s1
2772,s4
2773,s1
2774,s1
2775,s3
2776,s4
2777,s1
2778,s5
2779,s1
2780,s5
2781,s3
2782,s1
2783,s3
2784,s3
2785,s2
2786,s2
2787,s5
2788,s5
2789,s5
2790,s5
2791,s2
2792,s2
2793,s4
2794,s3
2795,s2
2796,s8
2797,s2
2798,s1
2799,s1
2800,s1
2801,s4
2802,s2
2803,s2
2804,s1
2805,s1
2806,s5
2807,s1
2808,s3
2809,s2
2810,s4
2811,s4
2812,s1
2813,s6
2814,s1
2815,s2
2816,s4
2817,s1
2818,s1
2819,s2
2820,s1
2821,s3
2822,s1
2823,s4
2824,s3
2825,s2
2826,s1
2827,s2
2828,s4
2829,s2
2830,s6
2831,s4
2832,s1
2833,s7
2834,s3
2835,s1
2836,s1
2837,s1
2838,s3
2839,s5
2840,s1
2841,s2
2842,s6
2843,s1
2844,s4
2845,s7
2846,s3
2847,s1
2848,s4
2849,s4
2850,s4
2851,s1
2852,s6
2853,s6
2854,s3
2855,s1
2856,s2
2857,s1
2858,s1
2859,s5
2860,s1
2861,s1
2862,s8
2863,s1
2864,s1
2865,s1
2866,s4
2867,s1
2868,s2
2869,s1
2870,s7
2871,s2
2872,s1
2873,s3
2874,s2
2875,s4
2876,s4
2877,s6
2878,s1
2879,s1
2880,s5
2881,s4
2882,s1
2883,s2
2884,s4
2885,s1
2886,s5
2887,s4
2888,s2
2889,s1
2890,s1
2891,s2
2892,s1
2893,s1
2894,s5
2895,s1
2896,s4
2897,s1
2898,s1
2899,s1
2900,s1
2901,s8
2902,s1
2903,s2
2904,s1
2905,s1
2906,s1
2907,s2
2908,s6
2909,s1
2910,s1
2911,s2
2912,s1
2913,s1
2914,s1
2915,s1
2916,s1
2917,s6
2918,s1
2919,s5
2920,s4
2921,s4
2922,s3
2923,s10
2924,s3
2925,s4
2926,s2
2927,s1
2928,s4
2929,s4
2930,s2
2931,s6
2932,s1
2933,s1
2934,s1
2935,s4
2936,s3
2937,s5
2938,s2
2939,s1
2940,s6
2941,s1
2942,s5
2943,s1
2944,s7
2945,s1
2946,s1
2947,s3
2948,s2
2949,s1
2950,s1
2951,s8
2952,s1
2953,s3
2954,s4
2955,s4
2956,s4
2957,s6
2958,s2
2959,s6
2960,s3
2961,s1
2962,s1
2963,s1
2964,s1
2965,s1
2966,s6
2967,s4
2968,s2
2969,s3
2970,s3
2971,s2
2972,s2
2973,s3
2974,s1
2975,s4
2976,s6
2977,s4
2978,s1
2979,s6
2980,s3
2981,s1
2982,s1
2983,s4
2984,s3
2985,s2
2986,s2
2987,s2
2988,s1
2989,s3
2990,s6
2991,s2
2992,s4
2993,s1
2994,s3
2995,s4
2996,s1
2997,s2
2998,s2
2999,s2
3000,s6
3001,s4
3002,s2
3003,s5
3004,s2
3005,s1
3006,s1
3007,s1
3008,s2
3009,s6
3010,s5
3011,s1
3012,s1
3013,s1
3014,s3
3015,s4
3016,s3
3017,s6
3018,s1
3019,s3
3020,s5
3021,s1
3022,s4
3023,s1
3024,s8
3025,s6
3026,s2
3027,s5
3028,s3
3029,s3
3030,s4
3031,s1
3032,s1
3033,s1
3034,s3
3035,s6
3036,s1
3037,s1
3038,s1
3039,s3
3040,s1
3041,s1
3042,s1
3043,s1
3044,s4
3045,s2
3046,s1
3047,s1
3048,s3
3049,s2
3050,s4
3051,s6
3052,s7
3053,s6
3054,s4
3055,s3
3056,s5
3057,s1
3058,s5
3059,s4
3060,s2
3061,s4
3062,s4
3063,s2
3064,s2
3065,s1
3066,s3
3067,s2
3068,s1
3069,s1
3070,s1
3071,s2
3072,s2
3073,s2
3074,s4
3075,s2
3076,s7
3077,s1
3078,s1
3079,s4
3080,s2
3081,s1
3082,s6
3083,s2
3084,s6
3085,s1
3086,s1
3087,s4
3088,s6
3089,s1
3090,s1
3091,s3
3092,s2
3093,s2
3094,s2
3095,s4
3096,s7
3097,s2
3098,s2
3099,s1
3100,s4
3101,s1
3102,s1
3103,s1
3104,s1
3105,s4
3106,s4
3107,s1
3108,s6
3109,s1
3110,s1
3111,s3
3112,s1
3113,s4
3114,s1
3115,s1
3116,s1
3117,s2
3118,s6
3119,s4
3120,s1
3121,s5
3122,s4
3123,s6
3124,s1
3125,s1
3126,s2
3127,s2
3128,s1
3129,s3
3130,s3
3131,s4
3132,s4
3133,s4
3134,s6
3135,s4
3136,s3
3137,s1
3138,s3
3139,s1
3140,s4
3141,s4
3142,s1
3143,s6
3144,s4
3145,s1
3146,s1
3147,s1
3148,s1
3149,s1
3150,s4
3151,s4
3152,s4
3153,s3
3154,s5
3155,s1
3156,s4
3157,s14
3158,s5
3159,s1
3160,s2
3161,s1
3162,s4
3163,s1
3164,s2
3165,s2
3166,s1
3167,s3
3168,s4
3169,s6
3170,s7
3171,s4
3172,s2
3173,s6
3174,s4
3175,s4
3176,s2
3177,s6
3178,s6
3179,s1
3180,s1
3181,s4
3182,s6
3183,s4
3184,s4
3185,s3
3186,s1
3187,s4
3188,s4
3189,s1
3190,s1
3191,s1
3192,s4
3193,s1
3194,s4
3195,s2
3196,s4
3197,s6
3198,s1
3199,s1
3200,s2
3201,s2
3202,s2
3203,s1
3204,s1
3205,s2
3206,s1
3207,s6
3208,s4
3209,s4
3210,s2
3211,s13
3212,s6
3213,s2
3214,s3
3215,s3
3216,s6
3217,s5
3218,s6
3219,s3
3220,s4
3221,s1
3222,s3
3223,s3
3224,s2
3225,s1
3226,s2
3227,s1
3228,s8
3229,s1
3230,s1
3231,s1
3232,s5
3233,s4
3234,s3
3235,s2
3236,s3
3237,s3
3238,s4
3239,s1
3240,s3
3241,s1
3242,s6
3243,s1
3244,s4
3245,s6
3246,s7
3247,s3
3248,s2
3249,s3
3250,s1
3251,s1
3252,s1
3253,s1
3254,s2
3255,s4
3256,s1
3257,s1
3258,s1
3259,s4
3260,s3
3261,s5
3262,s3
3263,s2
3264,s6
3265,s6
3266,s2
3267,s1
3268,s4
3269,s3
3270,s1
3271,s5
3272,s3
3273,s5
3274,s3
3275,s1
3276,s4
3277,s2
3278,s4
3279,s4
3280,s4
3281,s4
3282,s2
3283,s5
3284,s5
3285,s1
3286,s4
3287,s1
3288,s1
3289,s3
3290,s8
3291,s4
3292,s4
3293,s4
3294,s4
3295,s5
3296,s1
3297,s4
3298,s2
3299,s1
3300,s6
3301,s4
3302,s6
3303,s2
3304,s1
3305,s1
3306,s1
3307,s1
3308,s6
3309,s6
3310,s1
3311,s4
3312,s4
3313,s4
3314,s1
3315,s3
3316,s6
3317,s1
3318,s1
3319,s6
3320,s2
3321,s1
3322,s7
3323,s3
3324,s1
3325,s1
3326,s5
3327,s1
3328,s3
3329,s1
3330,s1
3331,s1
3332,s4
3333,s4
3334,s1
3335,s5
3336,s5
3337,s6
3338,s1
3339,s6
3340,s5
3341,s1
3342,s5
3343,s1
3344,s3
3345,s3
3346,s6
3347,s1
3348,s4
3349,s4
3350,s1
3351,s1
3352,s1
3353,s6
3354,s2
3355,s3
3356,s2
3357,s1
3358,s2
3359,s5
3360,s1
3361,s6
3362,s6
3363,s1
3364,s1
3365,s1
3366,s8
3367,s1
3368,s4
3369,s2
3370,s6
3371,s1
3372,s3
3373,s1
3374,s1
3375,s6
3376,s1
3377,s4
3378,s5
3379,s2
3380,s2
3381,s3
3382,s3
3383,s1
3384,s4
3385,s4
3386,s1
3387,s1
3388,s7
3389,s1
3390,s4
3391,s6
3392,s1
3393,s4
3394,s6
3395,s6
3396,s6
3397,s4
3398,s1
3399,s1
3400,s5
3401,s5
3402,s5
3403,s6
3404,s4
3405,s1
3406,s6
3407,s4
3408,s6
3409,s6
3410,s6
3411,s4
3412,s3
3413,s3
3414,s4
3415,s1
3416,s6
3417,s4
3418,s4
3419,s4
3420,s1
3421,s4
3422,s6
3423,s4
3424,s1
3425,s4
3426,s1
3427,s6
3428,s1
3429,s4
3430,s8
3431,s1
3432,s5
3433,s5
3434,s3
3435,s4
3436,s4
3437,s1
3438,s1
3439,s10
3440,s1
3441,s1
3442,s6
3443,s6
3444,s6
3445,s5
3446,s2
3447,s1
3448,s6
3449,s6
3450,s6
3451,s2
3452,s1
3453,s1
3454,s1
3455,s1
3456,s1
3457,s6
3458,s1
3459,s5
3460,s4
3461,s3
3462,s1
3463,s2
3464,s4
3465,s6
3466,s1
3467,s3
3468,s2
3469,s3
3470,s5
3471,s3
3472,s1
3473,s5
3474,s1
3475,s2
3476,s3
3477,s7
3478,s4
3479,s1
3480,s3
3481,s6
3482,s6
3483,s1
3484,s2
3485,s1
3486,s8
3487,s2
3488,s1
3489,s1
3490,s5
3491,s10
3492,s3
3493,s3
3494,s3
3495,s1
3496,s1
3497,s2
3498,s1
3499,s1
3500,s3
3501,s1
3502,s4
3503,s4
3504,s4
3505,s1
3506,s1
3507,s4
3508,s6
3509,s4
3510,s1
3511,s7
3512,s2
3513,s5
3514,s6
3515,s4
3516,s6
3517,s1
3518,s6
3519,s2
3520,s6
3521,s4
3522,s2
3523,s1
3524,s2
3525,s6
3526,s2
3527,s4
3528,s3
3529,s1
3530,s2
3531,s3
3532,s1
3533,s6
3534,s4
3535,s1
3536,s2
3537,s4
3538,s4
3539,s6
3540,s1
3541,s4
3542,s4
3543,s4
3544,s4
3545,s6
3546,s4
3547,s6
3548,s6
3549,s6
3550,s1
3551,s1
3552,s1
3553,s6
3554,s6
3555,s1
3556,s1
3557,s3
3558,s3
3559,s4
3560,s2
3561,s1
3562,s1
3563,s5
3564,s3
3565,s3
3566,s6
3567,s6
3568,s3
3569,s1
3570,s1
3571,s3
3572,s4
3573,s1
3574,s2
3575,s6
3576,s3
3577,s1
3578,s6
3579,s1
3580,s3
3581,s2
3582,s2
3583,s6
3584,s3
3585,s6
3586,s3
3587,s4
3588,s6
3589,s6
3590,s1
3591,s1
3592,s6
3593,s10
3594,s1
3595,s6
3596,s1
3597,s1
3598,s6
3599,s4
3600,s3
3601,s1
3602,s3
3603,s4
3604,s3
3605,s4
3606,s6
3607,s6
3608,s3
3609,s1
3610,s1
3611,s6
3612,s2
3613,s2
3614,s2
3615,s5
3616,s2
3617,s6
3618,s4
3619,s2
3620,s1
3621,s4
3622,s6
3623,s4
3624,s3
3625,s5
3626,s6
3627,s1
3628,s6
3629,s6
3630,s3
3631,s1
3632,s2
3633,s6
3634,s1
3635,s1
3636,s1
3637,s1
3638,s6
3639,s4
3640,s4
3641,s2
3642,s1
3643,s5
3644,s3
3645,s4
3646,s3
3647,s7
3648,s2
3649,s3
3650,s1
3651,s4
3652,s1
3653,s2
3654,s2
3655,s1
3656,s1
3657,s2
3658,s6
3659,s1
3660,s1
3661,s1
3662,s1
3663,s1
3664,s4
3665,s1
3666,s2
3667,s7
3668,s3
3669,s10
3670,s3
3671,s4
3672,s3
3673,s4
3674,s1
3675,s2
3676,s1
3677,s1
3678,s1
3679,s3
3680,s2
3681,s4
3682,s2
3683,s2
3684,s2
3685,s2
3686,s1
3687,s1
3688,s4
3689,s5
3690,s4
3691,s4
3692,s3
3693,s1
3694,s5
3695,s1
3696,s2
3697,s1
3698,s6
3699,s6
3700,s1
3701,s2
3702,s1
3703,s4
3704,s4
3705,s1
3706,s3
3707,s6
3708,s6
3709,s1
3710,s1
3711,s3
3712,s4
3713,s5
3714,s5
3715,s1
3716,s6
3717,s4
3718,s1
3719,s1
3720,s1
3721,s1
3722,s6
3723,s1
3724,s1
3725,s1
3726,s6
3727,s6
3728,s1
3729,s1
3730,s2
3731,s5
3732,s6
3733,s3
3734,s3
3735,s6
3736,s4
3737,s5
3738,s2
3739,s4
3740,s2
3741,s2
3742,s6
3743,s1
3744,s4
3745,s6
3746,s1
3747,s5
3748,s4
3749,s7
3750,s3
3751,s6
3752,s1
3753,s3
3754,s1
3755,s4
3756,s1
3757,s6
3758,s2
3759,s5
3760,s4
3761,s1
3762,s1
3763,s2
3764,s1
3765,s4
3766,s2
3767,s5
3768,s1
3769,s1
3770,s1
3771,s2
3772,s2
3773,s2
3774,s1
3775,s8
3776,s5
3777,s4
3778,s1
3779,s4
3780,s4
3781,s1
3782,s4
3783,s6
3784,s6
3785,s1
3786,s1
3787,s1
3788,s5
3789,s1
3790,s1
3791,s1
3792,s3
3793,s6
3794,s2
3795,s1
3796,s1
3797,s1
3798,s4
3799,s6
3800,s1
3801,s8
3802,s8
3803,s1
3804,s1
3805,s1
3806,s1
3807,s4
3808,s3
3809,s1
3810,s1
3811,s1
3812,s1
3813,s1
3814,s1
3815,s1
3816,s6
3817,s4
3818,s2
3819,s6
3820,s2
3821,s1
3822,s2
3823,s5
3824,s6
3825,s1
3826,s6
3827,s3
3828,s2
3829,s2
3830,s3
3831,s1
3832,s5
3833,s6
3834,s6
3835,s3
3836,s2
3837,s4
3838,s4
3839,s1
3840,s4
3841,s1
3842,s4
3843,s4
3844,s1
3845,s5
3846,s2
3847,s3
3848,s2
3849,s4
3850,s4
3851,s3
3852,s2
3853,s4
3854,s3
3855,s4
3856,s1
3857,s1
3858,s5
3859,s2
3860,s6
3861,s1
3862,s8
3863,s1
3864,s2
3865,s1
3866,s1
3867,s1
3868,s6
3869,s4
3870,s5
3871,s4
3872,s4
3873,s2
3874,s2
3875,s1
3876,s5
3877,s1
3878,s1
3879,s1
3880,s1
3881,s4
3882,s3
3883,s1
3884,s6
3885,s4
3886,s1
3887,s2
3888,s1
3889,s1
3890,s4
3891,s2
3892,s4
3893,s4
3894,s6
3895,s1
3896,s3
3897,s6
3898,s1
3899,s1
3900,s8
3901,s8
3902,s4
3903,s2
3904,s2
3905,s1
3906,s4
3907,s4
3908,s2
3909,s1
3910,s6
3911,s6
3912,s2
3913,s3
3914,s3
3915,s3
3916,s1
3917,s1
3918,s1
3919,s8
3920,s4
3921,s8
3922,s1
3923,s1
3924,s2
3925,s4
3926,s4
3927,s1
3928,s6
3929,s4
3930,s4
3931,s3
3932,s5
3933,s2
3934,s1
3935,s4
3936,s3
3937,s6
3938,s3
3939,s6
3940,s1
3941,s1
3942,s1
3943,s6
3944,s4
3945,s7
3946,s6
3947,s1
3948,s5
3949,s4
3950,s1
3951,s1
3952,s2
3953,s1
3954,s2
3955,s3
3956,s1
3957,s6
3958,s2
3959,s1
3960,s4
3961,s4
3962,s3
3963,s6
3964,s2
3965,s2
3966,s2
3967,s1
3968,s1
3969,s1
3970,s5
3971,s4
3972,s3
3973,s2
3974,s1
3975,s1
3976,s6
3977,s4
3978,s3
3979,s5
3980,s1
3981,s1
3982,s1
3983,s1
3984,s6
3985,s1
3986,s2
3987,s4
3988,s3
3989,s1
3990,s1
3991,s1
3992,s1
3993,s1
3994,s2
3995,s3
3996,s3
3997,s8
3998,s8
3999,s3
4000,s1
4001,s5
4002,s1
4003,s3
4004,s3
4005,s5
4006,s4
4007,s4
4008,s6
4009,s5
4010,s2
4011,s5
4012,s6
4013,s3
4014,s3
4015,s5
4016,s5
4017,s5
4018,s3
4019,s2
4020,s4
4021,s5
4022,s1
4023,s6
4024,s9
4025,s1
4026,s2
4027,s4
4028,s3
4029,s6
4030,s1
4031,s1
4032,s2
4033,s1
4034,s1
4035,s2
4036,s5
4037,s4
4038,s5
4039,s2
4040,s3
4041,s1
4042,s4
4043,s1
4044,s4
4045,s3
4046,s1
4047,s1
4048,s1
4049,s1
4050,s3
4051,s4
4052,s4
4053,s2
4054,s2
4055,s1
4056,s5
4057,s1
4058,s3
4059,s1
4060,s6
4061,s6
4062,s1
4063,s1
4064,s6
4065,s2
4066,s6
4067,s1
4068,s3
4069,s8
4070,s6
4071,s1
4072,s3
4073,s1
4074,s3
4075,s1
4076,s6
4077,s4
4078,s1
4079,s4
4080,s1
4081,s1
4082,s3
4083,s1
4084,s1
4085,s3
4086,s1
4087,s1
4088,s4
4089,s4
4090,s2
4091,s2
4092,s4
4093,s6
4094,s1
4095,s1
4096,s1
4097,s4
4098,s1
4099,s1
4100,s1
4101,s6
4102,s2
4103,s1
4104,s4
4105,s5
4106,s3
4107,s7
4108,s4
4109,s1
4110,s2
4111,s1
4112,s1
4113,s2
4114,s1
4115,s6
4116,s5
4117,s4
4118,s1
4119,s3
4120,s1
4121,s6
4122,s6
4123,s6
4124,s2
4125,s1
4126,s4
4127,s1
4128,s1
4129,s1
4130,s1
4131,s1
4132,s2
4133,s1
4134,s1
4135,s1
4136,s1
4137,s3
4138,s4
4139,s1
4140,s1
4141,s4
4142,s1
4143,s1
4144,s4
4145,s6
4146,s6
4147,s6
4148,s1
4149,s2
4150,s4
4151,s6
4152,s2
4153,s1
4154,s2
4155,s6
4156,s6
4157,s6
4158,s1
4159,s4
4160,s3
4161,s2
4162,s2
4163,s4
4164,s4
4165,s3
4166,s1
4167,s4
4168,s8
4169,s3
4170,s2
4171,s1
4172,s1
4173,s1
4174,s1
4175,s1
4176,s6
4177,s6
4178,s4
4179,s6
4180,s6
4181,s6
4182,s6
4183,s2
4184,s1
4185,s4
4186,s1
4187,s1
4188,s1
4189,s4
4190,s4
4191,s2
4192,s2
4193,s4
4194,s4
4195,s1
4196,s2
4197,s1
4198,s2
4199,s1
4200,s1
4201,s1
4202,s1
4203,s1
4204,s3
4205,s4
4206,s4
4207,s3
4208,s4
4209,s1
4210,s4
4211,s4
4212,s3
4213,s1
4214,s1
4215,s3
4216,s2
4217,s3
4218,s2
4219,s8
4220,s2
4221,s6
4222,s1
4223,s8
4224,s6
4225,s6
4226,s6
4227,s6
4228,s1
4229,s1
4230,s1
4231,s2
4232,s1
4233,s2
4234,s5
4235,s4
4236,s2
4237,s1
4238,s2
4239,s5
4240,s5
4241,s1
4242,s2
4243,s6
4244,s4
4245,s4
4246,s6
4247,s1
4248,s6
4249,s6
4250,s6
4251,s2
4252,s1
4253,s2
4254,s1
4255,s1
4256,s2
4257,s6
4258,s3
4259,s3
4260,s1
4261,s1
4262,s4
4263,s4
4264,s7
4265,s6
4266,s6
4267,s8
4268,s1
4269,s3
4270,s4
4271,s3
4272,s4
4273,s5
4274,s1
4275,s2
4276,s4
4277,s1
4278,s6
4279,s2
4280,s2
4281,s1
4282,s1
4283,s4
4284,s2
4285,s2
4286,s6
4287,s2
4288,s1
4289,s4
4290,s4
4291,s2
4292,s1
4293,s6
4294,s6
4295,s3
4296,s3
4297,s3
4298,s3
4299,s1
4300,s6
4301,s4
4302,s1
4303,s1
4304,s3
4305,s1
4306,s2
4307,s6
4308,s6
4309,s1
4310,s1
4311,s1
4312,s5
4313,s6
4314,s3
4315,s2
4316,s2
4317,s2
4318,s5
4319,s6
4320,s1
4321,s1
4322,s2
4323,s6
4324,s4
4325,s1
4326,s1
4327,s1
4328,s4
4329,s3
4330,s6
4331,s5
4332,s1
4333,s2
4334,s3
4335,s4
4336,s7
4337,s1
4338,s4
4339,s3
4340,s3
4341,s5
4342,s1
4343,s2
4344,s1
4345,s2
4346,s4
4347,s1
4348,s1
4349,s1
4350,s2
4351,s5
4352,s1
4353,s1
4354,s4
4355,s4
4356,s1
4357,s2
4358,s2
4359,s4
4360,s4
4361,s2
4362,s1
4363,s1
4364,s1
4365,s2
4366,s2
4367,s2
4368,s2
4369,s8
4370,s8
4371,s2
4372,s1
4373,s1
4374,s4
4375,s1
4376,s5
4377,s5
4378,s5
4379,s4
4380,s1
4381,s6
4382,s1
4383,s2
4384,s1
4385,s4
4386,s1
4387,s1
4388,s1
4389,s4
4390,s7
4391,s3
4392,s5
4393,s2
4394,s2
4395,s3
4396,s1
4397,s3
4398,s1
4399,s1
4400,s4
4401,s4
4402,s2
4403,s6
4404,s1
4405,s6
4406,s5
4407,s4
4408,s1
4409,s1
4410,s3
4411,s5
4412,s1
4413,s1
4414,s1
4415,s8
4416,s4
4417,s2
4418,s5
4419,s1
4420,s6
4421,s3
4422,s4
4423,s2
4424,s1
4425,s1
4426,s2
4427,s8
4428,s2
4429,s1
4430,s3
4431,s4
4432,s1
4433,s4
4434,s1
4435,s1
4436,s6
4437,s5
4438,s10
4439,s10
4440,s1
4441,s1
4442,s4
4443,s6
4444,s4
4445,s3
4446,s3
4447,s4
4448,s2
4449,s1
4450,s6
4451,s1
4452,s1
4453,s2
4454,s1
4455,s1
4456,s1
4457,s4
4458,s4
4459,s4
4460,s4
4461,s5
4462,s4
4463,s5
4464,s8
4465,s8
4466,s6
4467,s8
4468,s1
4469,s3
4470,s4
4471,s8
4472,s10
4473,s1
4474,s1
4475,s2
4476,s2
4477,s1
4478,s5
4479,s4
4480,s1
4481,s1
4482,s2
4483,s2
4484,s6
4485,s6
4486,s1
4487,s1
4488,s3
4489,s3
4490,s2
4491,s1
4492,s4
4493,s1
4494,s1
4495,s1
4496,s1
4497,s3
4498,s6
4499,s1
4500,s6
4501,s1
4502,s8
4503,s3
4504,s2
4505,s1
4506,s1
4507,s1
4508,s10
4509,s5
4510,s1
4511,s1
4512,s2
4513,s1
4514,s5
4515,s1
4516,s1
4517,s7
4518,s4
4519,s6
4520,s1
4521,s4
4522,s4
4523,s1
4524,s2
4525,s2
4526,s2
4527,s2
4528,s2
4529,s6
4530,s2
4531,s1
4532,s1
4533,s8
4534,s1
4535,s1
4536,s5
4537,s3
4538,s4
4539,s2
4540,s4
4541,s2
4542,s1
4543,s8
4544,s6
4545,s4
4546,s1
4547,s1
4548,s1
4549,s2
4550,s4
4551,s1
4552,s1
4553,s3
4554,s4
4555,s1
4556,s1
4557,s1
4558,s4
4559,s6
4560,s3
4561,s1
4562,s6
4563,s2
4564,s2
4565,s5
4566,s4
4567,s1
4568,s2
4569,s1
4570,s6
4571,s3
4572,s4
4573,s10
4574,s6
4575,s1
4576,s1
4577,s5
4578,s1
4579,s7
4580,s6
4581,s4
4582,s1
4583,s1
4584,s1
4585,s1
4586,s4
4587,s3
4588,s7
4589,s2
4590,s1
4591,s2
4592,s2
4593,s2
4594,s1
4595,s6
4596,s4
4597,s5
4598,s2
4599,s1
4600,s4
4601,s3
4602,s2
4603,s3
4604,s6
4605,s6
4606,s2
4607,s6
4608,s4
4609,s1
4610,s6
4611,s1
4612,s1
4613,s1
4614,s1
4615,s4
4616,s2
4617,s6
4618,s6
4619,s1
4620,s1
4621,s4
4622,s2
4623,s5
4624,s5
4625,s5
4626,s5
4627,s5
4628,s5
4629,s5
4630,s1
4631,s1
4632,s5
4633,s4
4634,s1
4635,s2
4636,s2
4637,s3
4638,s2
4639,s2
4640,s4
4641,s2
4642,s5
4643,s4
4644,s1
4645,s4
4646,s1
4647,s4
4648,s1
4649,s2
4650,s3
4651,s1
4652,s4
4653,s6
4654,s3
4655,s5
4656,s3
4657,s3
4658,s4
4659,s4
4660,s1
4661,s1
4662,s1
4663,s7
4664,s4
4665,s5
4666,s4
4667,s1
4668,s1
4669,s2
4670,s2
4671,s2
4672,s2
4673,s2
4674,s2
4675,s3
4676,s1
4677,s4
4678,s1
4679,s2
4680,s3
4681,s2
4682,s2
4683,s4
4684,s1
4685,s1
4686,s5
4687,s3
4688,s3
4689,s3
4690,s4
4691,s6
4692,s4
4693,s4
4694,s1
4695,s1
4696,s6
4697,s3
4698,s3
4699,s6
4700,s1
4701,s2
4702,s1
4703,s2
4704,s4
4705,s1
4706,s4
4707,s7
4708,s2
4709,s3
4710,s1
4711,s1
4712,s1
4713,s4
4714,s2
4715,s2
4716,s3
4717,s6
4718,s5
4719,s6
4720,s6
4721,s1
4722,s1
4723,s1
4724,s1
4725,s3
4726,s1
4727,s2
4728,s1
4729,s4
4730,s6
4731,s3
4732,s4
4733,s6
4734,s3
4735,s2
4736,s1
4737,s1
4738,s1
4739,s5
4740,s2
4741,s1
4742,s5
4743,s3
4744,s2
4745,s1
4746,s3
4747,s1
4748,s1
4749,s4
4750,s1
4751,s4
4752,s14
4753,s6
4754,s3
4755,s2
4756,s6
4757,s6
4758,s1
4759,s1
4760,s4
4761,s2
4762,s1
4763,s5
4764,s5
4765,s2
4766,s2
4767,s2
4768,s4
4769,s4
4770,s1
4771,s4
4772,s3
4773,s4
4774,s3
4775,s2
4776,s2
4777,s6
4778,s4
4779,s4
4780,s2
4781,s1
4782,s2
4783,s2
4784,s1
4785,s1
4786,s2
4787,s1
4788,s1
4789,s2
4790,s2
4791,s4
4792,s8
4793,s1
4794,s2
4795,s2
4796,s1
4797,s4
4798,s2
4799,s3
4800,s3
4801,s1
4802,s5
4803,s3
4804,s4
4805,s6
4806,s2
4807,s4
4808,s4
4809,s1
4810,s1
4811,s4
4812,s4
4813,s1
4814,s2
4815,s3
4816,s4
4817,s3
4818,s3
4819,s1
4820,s1
4821,s1
4822,s1
4823,s1
4824,s1
4825,s3
4826,s4
4827,s1
4828,s1
4829,s5
4830,s1
4831,s8
4832,s2
4833,s1
4834,s1
4835,s5
4836,s3
4837,s4
4838,s6
4839,s3
4840,s4
4841,s4
4842,s4
4843,s4
4844,s2
4845,s1
4846,s2
4847,s1
4848,s4
4849,s3
4850,s2
4851,s6
4852,s1
4853,s6
4854,s4
4855,s6
4856,s2
4857,s1
4858,s4
4859,s2
4860,s8
4861,s1
4862,s4
4863,s7
4864,s1
4865,s4
4866,s6
4867,s6
4868,s3
4869,s1
4870,s1
4871,s3
4872,s6
4873,s4
4874,s1
4875,s1
4876,s6
4877,s2
4878,s8
4879,s1
4880,s1
4881,s3
4882,s3
4883,s5
4884,s6
4885,s4
4886,s4
4887,s1
4888,s1
4889,s3
4890,s7
4891,s4
4892,s1
4893,s1
4894,s6
4895,s3
4896,s4
4897,s1
4898,s6
4899,s3
4900,s2
4901,s2
4902,s1
4903,s5
4904,s1
4905,s1
4906,s6
4907,s1
4908,s1
4909,s4
4910,s3
4911,s1
4912,s1
4913,s5
4914,s4
4915,s4
4916,s2
4917,s2
4918,s1
4919,s1
4920,s1
4921,s10
4922,s3
4923,s3
4924,s1
4925,s1
4926,s2
4927,s8
4928,s8
4929,s5
4930,s4
4931,s1
4932,s1
4933,s5
4934,s8
4935,s5
4936,s6
4937,s6
4938,s2
4939,s1
4940,s6
4941,s1
4942,s2
4943,s1
4944,s1
4945,s1
4946,s4
4947,s3
4948,s1
4949,s2
4950,s2
4951,s1
4952,s1
4953,s3
4954,s5
4955,s6
4956,s2
4957,s2
4958,s4
4959,s3
4960,s3
4961,s3
4962,s3
4963,s1
4964,s3
4965,s4
4966,s4
4967,s6
4968,s3
4969,s4
4970,s1
4971,s6
4972,s1
4973,s1
4974,s3
4975,s4
4976,s1
4977,s3
4978,s1
4979,s5
4980,s1
4981,s2
4982,s3
4983,s3
4984,s3
4985,s6
4986,s1
4987,s2
4988,s4
4989,s1
4990,s2
4991,s6
4992,s1
4993,s1
4994,s2
4995,s7
4996,s2
4997,s1
4998,s1
4999,s3
5000,s4
5001,s4
5002,s4
5003,s7
5004,s4
5005,s6
5006,s6
5007,s6
5008,s2
5009,s4
5010,s3
5011,s3
5012,s3
5013,s1
5014,s4
5015,s3
5016,s1
5017,s1
5018,s8
5019,s1
5020,s1
5021,s3
5022,s6
5023,s1
5024,s1
5025,s5
5026,s1
5027,s1
5028,s6
5029,s9
5030,s4
5031,s1
5032,s3
5033,s1
5034,s4
5035,s5
5036,s1
5037,s1
5038,s1
5039,s3
5040,s3
5041,s1
5042,s3
5043,s1
5044,s3
5045,s1
5046,s3
5047,s1
5048,s1
5049,s6
5050,s6
5051,s6
5052,s5
5053,s1
5054,s6
5055,s2
5056,s6
5057,s2
5058,s6
5059,s6
5060,s4
5061,s4
5062,s4
5063,s4
5064,s4
5065,s3
5066,s3
5067,s5
5068,s4
5069,s3
5070,s6
5071,s1
5072,s1
5073,s2
5074,s1
5075,s1
5076,s1
5077,s1
5078,s1
5079,s3
5080,s6
5081,s1
5082,s1
5083,s1
5084,s1
5085,s4
5086,s4
5087,s4
5088,s7
5089,s6
5090,s2
5091,s3
5092,s1
5093,s3
5094,s4
5095,s3
5096,s6
5097,s7
5098,s4
5099,s1
5100,s3
5101,s10
5102,s1
5103,s1
5104,s1
5105,s1
5106,s2
5107,s1
5108,s6
5109,s1
5110,s1
5111,s1
5112,s1
5113,s3
5114,s6
5115,s10
5116,s10
5117,s10
5118,s10
5119,s10
5120,s1
5121,s2
5122,s5
5123,s2
5124,s4
5125,s2
5126,s1
5127,s2
5128,s4
5129,s1
5130,s4
5131,s4
5132,s1
5133,s6
5134,s6
5135,s1
5136,s1
5137,s1
5138,s4
5139,s2
5140,s2
5141,s3
5142,s6
5143,s1
5144,s2
5145,s2
5146,s2
5147,s2
5148,s5
5149,s2
5150,s1
5151,s6
5152,s1
5153,s1
5154,s4
5155,s8
5156,s1
5157,s2
5158,s2
5159,s2
5160,s2
5161,s4
5162,s3
5163,s1
5164,s3
5165,s4
5166,s1
5167,s4
5168,s3
5169,s1
5170,s1
5171,s8
5172,s6
5173,s5
5174,s1
5175,s4
5176,s1
5177,s3
5178,s2
5179,s2
5180,s1
5181,s6
5182,s1
5183,s6
5184,s4
5185,s4
5186,s2
5187,s1
5188,s1
5189,s8
5190,s1
5191,s2
5192,s6
5193,s1
5194,s1
5195,s6
5196,s4
5197,s2
5198,s4
5199,s4
5200,s4
5201,s4
5202,s6
5203,s2
5204,s1
5205,s1
5206,s1
5207,s1
5208,s1
5209,s1
5210,s1
5211,s4
5212,s1
5213,s4
5214,s1
5215,s1
5216,s1
5217,s1
5218,s2
5219,s6
5220,s6
5221,s6
5222,s4
5223,s4
5224,s1
5225,s4
5226,s2
5227,s4
5228,s1
5229,s7
5230,s6
5231,s5
5232,s2
5233,s2
5234,s3
5235,s1
5236,s1
5237,s1
5238,s4
5239,s4
5240,s2
5241,s1
5242,s6
5243,s4
5244,s3
5245,s1
5246,s1
5247,s2
5248,s1
5249,s1
5250,s1
5251,s7
5252,s5
5253,s3
5254,s5
5255,s3
5256,s1
5257,s2
5258,s2
5259,s6
5260,s4
5261,s6
5262,s1
5263,s2
5264,s3
5265,s7
5266,s1
5267,s4
5268,s5
5269,s5
5270,s6
5271,s1
5272,s4
5273,s1
5274,s1
5275,s6
5276,s1
5277,s5
5278,s6
5279,s2
5280,s4
5281,s4
5282,s2
5283,s2
5284,s3
5285,s3
5286,s1
5287,s4
5288,s1
5289,s1
5290,s1
5291,s2
5292,s1
5293,s1
5294,s1
5295,s3
5296,s3
5297,s1
5298,s1
5299,s1
5300,s3
5301,s4
5302,s3
5303,s4
5304,s6
5305,s6
5306,s4
5307,s2
5308,s6
5309,s1
5310,s4
5311,s3
5312,s6
5313,s1
5314,s1
5315,s2
5316,s4
5317,s1
5318,s1
5319,s5
5320,s2
5321,s1
5322,s3
5323,s1
5324,s1
5325,s3
5326,s3
5327,s1
5328,s4
5329,s2
5330,s2
5331,s1
5332,s1
5333,s1
5334,s2
5335,s2
5336,s1
5337,s1
5338,s1
5339,s3
5340,s5
5341,s1
5342,s1
5343,s5
5344,s5
5345,s6
5346,s4
5347,s4
5348,s6
5349,s9
5350,s1
5351,s6
5352,s4
5353,s1
5354,s1
5355,s4
5356,s2
5357,s1
5358,s2
5359,s6
5360,s1
5361,s1
5362,s3
5363,s2
5364,s2
5365,s1
5366,s2
5367,s2
5368,s1
5369,s6
5370,s2
5371,s2
5372,s1
5373,s4
5374,s1
5375,s3
5376,s1
5377,s1
5378,s1
5379,s4
5380,s3
5381,s2
5382,s6
5383,s1
5384,s6
5385,s4
5386,s4
5387,s5
5388,s7
5389,s6
5390,s3
5391,s3
5392,s2
5393,s2
5394,s4
5395,s1
5396,s1
5397,s1
5398,s3
5399,s5
5400,s1
5401,s6
5402,s1
5403,s5
5404,s1
5405,s4
5406,s2
5407,s2
5408,s1
5409,s6
5410,s1
5411,s1
5412,s1
5413,s2
5414,s3
5415,s2
5416,s3
5417,s3
5418,s1
5419,s1
5420,s3
5421,s1
5422,s1
5423,s4
5424,s4
5425,s4
5426,s2
5427,s2
5428,s2
5429,s1
5430,s1
5431,s1
5432,s1
5433,s1
5434,s2
5435,s1
5436,s2
5437,s2
5438,s1
5439,s3
5440,s4
5441,s5
5442,s6
5443,s1
5444,s2
5445,s2
5446,s3
5447,s6
5448,s2
5449,s1
5450,s1
5451,s1
5452,s3
5453,s4
5454,s4
5455,s1
5456,s1
5457,s3
5458,s1
5459,s1
5460,s3
5461,s3
5462,s5
5463,s1
5464,s1
5465,s4
5466,s4
5467,s6
5468,s1
5469,s1
5470,s3
5471,s6
5472,s4
5473,s6
5474,s7
5475,s1
5476,s4
5477,s1
5478,s2
5479,s3
5480,s2
5481,s2
5482,s1
5483,s4
5484,s6
5485,s2
5486,s4
5487,s6
5488,s2
5489,s4
5490,s1
5491,s4
5492,s1
5493,s1
5494,s2
5495,s7
5496,s1
5497,s1
5498,s2
5499,s2
5500,s3
5501,s6
5502,s5
5503,s6
5504,s8
5505,s4
5506,s4
5507,s1
5508,s4
5509,s4
5510,s2
5511,s2
5512,s6
5513,s6
5514,s1
5515,s5
5516,s6
5517,s3
5518,s6
5519,s4
5520,s6
5521,s3
5522,s3
5523,s2
5524,s5
5525,s2
5526,s2
5527,s2
5528,s2
5529,s2
5530,s3
5531,s1
5532,s4
5533,s3
5534,s1
5535,s4
5536,s3
5537,s6
5538,s4
5539,s7
5540,s11
5541,s6
5542,s6
5543,s6
5544,s1
5545,s2
5546,s1
5547,s3
5548,s2
5549,s4
5550,s2
5551,s2
5552,s2
5553,s8
5554,s3
5555,s4
5556,s5
5557,s6
5558,s3
5559,s1
5560,s6
5561,s4
5562,s4
5563,s6
5564,s1
5565,s4
5566,s6
5567,s1
5568,s3
5569,s2
5570,s1
5571,s1
5572,s3
5573,s1
5574,s1
5575,s1
5576,s6
5577,s4
5578,s3
5579,s8
5580,s2
5581,s8
5582,s4
5583,s2
5584,s1
5585,s2
5586,s1
5587,s2
5588,s1
5589,s1
5590,s2
5591,s2
5592,s2
5593,s4
5594,s3
5595,s4
5596,s6
5597,s1
5598,s6
5599,s6
5600,s1
5601,s1
5602,s2
5603,s1
5604,s3
5605,s5
5606,s1
5607,s4
5608,s2
5609,s4
5610,s1
5611,s5
5612,s2
5613,s3
5614,s1
5615,s1
5616,s3
5617,s3
5618,s5
5619,s1
5620,s4
5621,s5
5622,s1
5623,s2
5624,s1
5625,s1
5626,s4
5627,s4
5628,s4
5629,s6
5630,s1
5631,s2
5632,s6
5633,s6
5634,s4
5635,s4
5636,s4
5637,s2
5638,s6
5639,s2
5640,s6
5641,s3
5642,s2
5643,s3
5644,s3
5645,s6
5646,s3
5647,s1
5648,s2
5649,s1
5650,s4
5651,s5
5652,s3
5653,s3
5654,s6
5655,s6
5656,s9
5657,s5
5658,s3
5659,s4
5660,s8
5661,s8
5662,s6
5663,s2
5664,s1
5665,s1
5666,s6
5667,s1
5668,s1
5669,s1
5670,s3
5671,s12
5672,s5
5673,s1
5674,s1
5675,s6
5676,s3
5677,s7
5678,s3
5679,s6
5680,s6
5681,s6
5682,s1
5683,s3
5684,s6
5685,s5
5686,s6
5687,s4
5688,s1
5689,s1
5690,s6
5691,s5
5692,s1
5693,s6
5694,s4
5695,s1
5696,s3
5697,s1
5698,s4
5699,s3
5700,s4
5701,s4
5702,s1
5703,s1
5704,s1
5705,s1
5706,s1
5707,s1
5708,s2
5709,s1
5710,s3
5711,s1
5712,s6
5713,s5
5714,s4
5715,s1
5716,s1
5717,s4
5718,s10
5719,s4
5720,s3
5721,s4
5722,s1
5723,s1
5724,s6
5725,s2
5726,s2
5727,s1
5728,s2
5729,s1
5730,s1
5731,s2
5732,s3
5733,s6
5734,s6
5735,s4
5736,s2
5737,s1
5738,s1
5739,s6
5740,s6
5741,s2
5742,s2
5743,s1
5744,s3
5745,s3
5746,s5
5747,s4
5748,s1
5749,s1
5750,s1
5751,s1
5752,s2
5753,s4
5754,s3
5755,s3
5756,s4
5757,s1
5758,s6
5759,s1
5760,s1
5761,s2
5762,s2
5763,s8
5764,s4
5765,s6
5766,s1
5767,s1
5768,s1
5769,s2
5770,s4
5771,s6
5772,s2
5773,s2
5774,s2
5775,s5
5776,s1
5777,s6
5778,s1
5779,s6
5780,s3
5781,s6
5782,s4
5783,s4
5784,s2
5785,s4
5786,s4
5787,s3
5788,s4
5789,s4
5790,s6
5791,s4
5792,s4
5793,s1
5794,s1
5795,s5
5796,s1
5797,s1
5798,s1
5799,s1
5800,s6
5801,s4
5802,s1
5803,s4
5804,s6
5805,s2
5806,s2
5807,s2
5808,s5
5809,s3
5810,s3
5811,s2
5812,s3
5813,s4
5814,s6
5815,s3
5816,s6
5817,s6
5818,s1
5819,s4
5820,s2
5821,s1
5822,s1
5823,s1
5824,s3
5825,s1
5826,s1
5827,s3
5828,s8
5829,s1
5830,s2
5831,s1
5832,s1
5833,s1
5834,s1
5835,s5
5836,s1
5837,s4
5838,s5
5839,s1
5840,s4
5841,s1
5842,s1
5843,s6
5844,s6
5845,s3
5846,s1
5847,s3
5848,s4
5849,s4
5850,s1
5851,s6
5852,s1
5853,s1
5854,s6
5855,s5
5856,s4
5857,s9
5858,s6
5859,s3
5860,s6
5861,s6
5862,s2
5863,s2
5864,s4
5865,s1
5866,s2
5867,s2
5868,s4
5869,s1
5870,s4
5871,s4
5872,s1
5873,s4
5874,s3
5875,s4
5876,s4
5877,s1
5878,s6
5879,s6
5880,s1
5881,s2
5882,s6
5883,s3
5884,s6
5885,s1
5886,s4
5887,s1
5888,s6
5889,s6
5890,s1
5891,s4
5892,s2
5893,s1
5894,s1
5895,s4
5896,s1
5897,s6
5898,s1
5899,s3
5900,s3
5901,s1
5902,s1
5903,s2
5904,s6
5905,s3
5906,s4
5907,s8
5908,s1
5909,s4
5910,s1
5911,s4
5912,s1
5913,s1
5914,s4
5915,s1
5916,s1
5917,s1
5918,s1
5919,s1
5920,s2
5921,s1
5922,s4
5923,s3
5924,s6
5925,s8
5926,s2
5927,s4
5928,s2
5929,s6
5930,s1
5931,s2
5932,s1
5933,s1
5934,s2
5935,s1
5936,s3
5937,s4
5938,s4
5939,s4
5940,s2
5941,s6
5942,s4
5943,s3
5944,s8
5945,s2
5946,s1
5947,s1
5948,s4
5949,s6
5950,s4
5951,s1
5952,s1
5953,s3
5954,s6
5955,s1
5956,s1
5957,s1
5958,s1
5959,s4
5960,s2
5961,s1
5962,s1
5963,s1
5964,s1
5965,s1
5966,s1
5967,s1
5968,s1
5969,s1
5970,s5
5971,s5
5972,s2
5973,s4
5974,s6
5975,s1
5976,s1
5977,s6
5978,s1
5979,s1
5980,s1
5981,s6
5982,s1
5983,s1
5984,s4
5985,s1
5986,s4
5987,s1
5988,s4
5989,s7
5990,s3
5991,s4
5992,s1
5993,s1
5994,s1
5995,s2
5996,s1
5997,s1
5998,s6
5999,s1
6000,s6
6001,s1
6002,s8
6003,s2
6004,s3
6005,s1
6006,s1
6007,s4
6008,s6
6009,s6
6010,s3
6011,s4
6012,s4
6013,s4
6014,s1
6015,s4
6016,s4
6017,s3
6018,s6
6019,s6
6020,s1
6021,s6
6022,s6
6023,s2
6024,s2
6025,s2
6026,s6
6027,s6
6028,s1
6029,s4
6030,s1
6031,s1
6032,s1
6033,s8
6034,s4
6035,s4
6036,s2
6037,s8
6038,s1
6039,s6
6040,s6
6041,s1
6042,s4
6043,s7
6044,s4
6045,s6
6046,s2
6047,s3
6048,s3
6049,s1
6050,s1
6051,s6
6052,s2
6053,s1
6054,s2
6055,s6
6056,s5
6057,s4
6058,s1
6059,s1
6060,s2
6061,s2
6062,s3
6063,s5
6064,s1
6065,s2
6066,s3
6067,s2
6068,s1
6069,s2
6070,s3
6071,s1
6072,s2
6073,s6
6074,s8
6075,s2
6076,s4
6077,s2
6078,s4
6079,s3
6080,s2
6081,s1
6082,s1
6083,s4
6084,s4
6085,s1
6086,s3
6087,s2
6088,s6
6089,s4
6090,s4
6091,s1
6092,s3
6093,s2
6094,s1
6095,s7
6096,s4
6097,s1
6098,s3
6099,s1
6100,s1
6101,s3
6102,s4
6103,s6
6104,s1
6105,s1
6106,s3
6107,s6
6108,s1
6109,s5
6110,s4
6111,s4
6112,s8
6113,s6
6114,s1
6115,s4
6116,s6
6117,s4
6118,s3
6119,s3
6120,s4
6121,s2
6122,s1
6123,s1
6124,s3
6125,s6
6126,s2
6127,s2
6128,s1
6129,s1
6130,s6
6131,s1
6132,s1
6133,s1
6134,s6
6135,s1
6136,s1
6137,s1
6138,s6
6139,s5
6140,s6
6141,s1
6142,s6
6143,s8
6144,s5
6145,s1
6146,s6
6147,s6
6148,s1
6149,s1
6150,s1
6151,s2
6152,s2
6153,s1
6154,s2
6155,s1
6156,s6
6157,s8
6158,s1
6159,s1
6160,s6
6161,s1
6162,s6
6163,s2
6164,s7
6165,s1
6166,s3
6167,s3
6168,s1
6169,s4
6170,s8
6171,s1
6172,s3
6173,s2
6174,s1
6175,s3
6176,s3
6177,s3
6178,s4
6179,s1
6180,s2
6181,s1
6182,s1
6183,s6
6184,s4
6185,s5
6186,s1
6187,s4
6188,s4
6189,s4
6190,s4
6191,s1
6192,s2
6193,s6
6194,s4
6195,s4
6196,s8
6197,s4
6198,s3
6199,s1
6200,s1
6201,s6
6202,s1
6203,s2
6204,s2
6205,s4
6206,s4
6207,s2
6208,s3
6209,s6
6210,s3
6211,s6
6212,s10
6213,s6
6214,s6
6215,s3
6216,s1
6217,s6
6218,s1
6219,s1
6220,s2
6221,s1
6222,s10
6223,s6
6224,s4
6225,s6
6226,s4
6227,s9
6228,s1
6229,s2
6230,s4
6231,s1
6232,s2
6233,s2
6234,s3
6235,s6
6236,s3
6237,s1
6238,s4
6239,s6
6240,s3
6241,s3
6242,s3
6243,s5
6244,s2
6245,s4
6246,s6
6247,s1
6248,s2
6249,s1
6250,s1
6251,s2
6252,s2
6253,s4
6254,s6
6255,s9
6256,s4
6257,s3
6258,s1
6259,s2
6260,s3
6261,s4
6262,s1
6263,s3
6264,s1
6265,s1
6266,s1
6267,s6
6268,s1
6269,s8
6270,s4
6271,s2
6272,s1
6273,s1
6274,s1
6275,s10
6276,s4
6277,s3
6278,s4
6279,s4
6280,s1
6281,s2
6282,s4
6283,s4
6284,s5
6285,s1
6286,s1
6287,s6
6288,s1
6289,s1
6290,s1
6291,s5
6292,s1
6293,s3
6294,s2
6295,s2
6296,s4
6297,s1
6298,s6
6299,s6
6300,s1
6301,s4
6302,s4
6303,s1
6304,s3
6305,s4
6306,s1
6307,s2
6308,s6
6309,s1
6310,s8
6311,s5
6312,s7
6313,s4
6314,s6
6315,s1
6316,s6
6317,s6
6318,s6
6319,s3
6320,s1
6321,s1
6322,s1
6323,s1
6324,s1
6325,s1
6326,s3
6327,s1
6328,s6
6329,s1
6330,s3
6331,s1
6332,s2
6333,s1
6334,s1
6335,s2
6336,s1
6337,s3
6338,s3
6339,s4
6340,s1
6341,s4
6342,s3
6343,s3
6344,s2
6345,s4
6346,s3
6347,s3
6348,s4
6349,s5
6350,s8
6351,s1
6352,s2
6353,s10
6354,s1
6355,s1
6356,s6
6357,s4
6358,s4
6359,s2
6360,s1
6361,s1
6362,s2
6363,s1
6364,s8
6365,s1
6366,s6
6367,s1
6368,s1
6369,s1
6370,s6
6371,s2
6372,s4
6373,s5
6374,s1
6375,s4
6376,s3
6377,s4
6378,s3
6379,s6
6380,s5
6381,s1
6382,s4
6383,s4
6384,s2
6385,s4
6386,s4
6387,s1
6388,s6
6389,s2
6390,s2
6391,s6
6392,s6
6393,s3
6394,s2
6395,s5
6396,s2
6397,s2
6398,s2
6399,s3
6400,s3
6401,s1
6402,s4
6403,s3
6404,s6
6405,s6
6406,s4
6407,s6
6408,s1
6409,s2
6410,s1
6411,s4
6412,s2
6413,s1
6414,s1
6415,s7
6416,s2
6417,s6
6418,s1
6419,s2
6420,s6
6421,s1
6422,s1
6423,s6
6424,s3
6425,s1
6426,s1
6427,s6
6428,s1
6429,s4
6430,s4
6431,s6
6432,s2
6433,s1
6434,s3
6435,s4
6436,s5
6437,s1
6438,s1
6439,s5
6440,s1
6441,s1
6442,s1
6443,s6
6444,s4
6445,s1
6446,s4
6447,s3
6448,s1
6449,s4
6450,s2
6451,s1
6452,s2
6453,s1
6454,s1
6455,s4
6456,s6
6457,s1
6458,s1
6459,s5
6460,s8
6461,s4
6462,s1
6463,s1
6464,s4
6465,s6
6466,s1
6467,s2
6468,s6
6469,s5
6470,s1
6471,s1
6472,s2
6473,s3
6474,s6
6475,s1
6476,s1
6477,s1
6478,s1
6479,s3
6480,s2
6481,s6
6482,s3
6483,s4
6484,s1
6485,s1
6486,s2
6487,s2
6488,s1
6489,s1
6490,s2
6491,s4
6492,s6
6493,s2
6494,s1
6495,s6
6496,s4
6497,s6
6498,s6
6499,s6
6500,s6
6501,s2
6502,s3
6503,s1
6504,s1
6505,s6
6506,s6
6507,s3
6508,s6
6509,s1
6510,s3
6511,s6
6512,s2
6513,s4
6514,s3
6515,s2
6516,s1
6517,s2
6518,s4
6519,s1
6520,s4
6521,s4
6522,s3
6523,s1
6524,s1
6525,s3
6526,s1
6527,s3
6528,s1
6529,s1
6530,s2
6531,s3
6532,s1
6533,s1
6534,s1
6535,s1
6536,s1
6537,s4
6538,s4
6539,s6
6540,s1
6541,s4
6542,s8
6543,s4
6544,s6
6545,s4
6546,s1
6547,s3
6548,s1
6549,s6
6550,s8
6551,s2
6552,s2
6553,s2
6554,s4
6555,s6
6556,s3
6557,s6
6558,s2
6559,s1
6560,s1
6561,s6
6562,s6
6563,s1
6564,s1
6565,s3
6566,s6
6567,s3
6568,s1
6569,s3
6570,s1
6571,s3
6572,s8
6573,s1
6574,s1
6575,s2
6576,s1
6577,s4
6578,s10
6579,s4
6580,s10
6581,s6
6582,s1
6583,s2
6584,s1
6585,s5
6586,s6
6587,s6
6588,s2
6589,s1
6590,s1
6591,s1
6592,s3
6593,s1
6594,s6
6595,s4
6596,s1
6597,s6
6598,s5
6599,s1
6600,s1
6601,s2
6602,s6
6603,s2
6604,s2
6605,s1
6606,s4
6607,s6
6608,s1
6609,s2
6610,s6
6611,s6
6612,s1
6613,s1
6614,s1
6615,s4
6616,s1
6617,s15
6618,s6
6619,s6
6620,s6
6621,s2
6622,s4
6623,s5
6624,s1
6625,s2
6626,s1
6627,s6
6628,s5
6629,s1
6630,s4
6631,s1
6632,s4
6633,s1
6634,s6
6635,s1
6636,s4
6637,s4
6638,s8
6639,s8
6640,s6
6641,s6
6642,s2
6643,s4
6644,s1
6645,s1
6646,s4
6647,s5
6648,s5
6649,s3
6650,s1
6651,s2
6652,s1
6653,s4
6654,s3
6655,s1
6656,s2
6657,s4
6658,s2
6659,s5
6660,s1
6661,s1
6662,s1
6663,s1
6664,s1
6665,s4
6666,s5
6667,s2
6668,s1
6669,s3
6670,s7
6671,s1
6672,s1
6673,s6
6674,s1
6675,s2
6676,s2
6677,s1
6678,s1
6679,s3
6680,s6
6681,s6
6682,s2
6683,s4
6684,s6
6685,s6
6686,s3
6687,s3
6688,s4
6689,s4
6690,s2
6691,s4
6692,s1
6693,s2
6694,s1
6695,s1
6696,s1
6697,s1
6698,s1
6699,s1
6700,s1
6701,s1
6702,s1
6703,s2
6704,s6
6705,s1
6706,s1
6707,s4
6708,s5
6709,s1
6710,s1
6711,s6
6712,s6
6713,s1
6714,s3
6715,s1
6716,s5
6717,s3
6718,s4
6719,s5
6720,s1
6721,s1
6722,s1
6723,s2
6724,s1
6725,s1
6726,s3
6727,s1
6728,s6
6729,s6
6730,s1
6731,s2
6732,s5
6733,s1
6734,s4
6735,s1
6736,s2
6737,s1
6738,s5
6739,s8
6740,s4
6741,s6
6742,s6
6743,s4
6744,s1
6745,s1
6746,s1
6747,s2
6748,s2
6749,s5
6750,s2
6751,s1
6752,s1
6753,s4
6754,s5
6755,s3
6756,s2
6757,s2
6758,s5
6759,s5
6760,s1
6761,s1
6762,s8
6763,s3
6764,s5
6765,s3
6766,s3
6767,s8
6768,s4
6769,s4
6770,s3
6771,s1
6772,s2
6773,s2
6774,s4
6775,s3
6776,s4
6777,s1
6778,s4
6779,s1
6780,s4
6781,s6
6782,s1
6783,s4
6784,s3
6785,s11
6786,s4
6787,s1
6788,s4
6789,s3
6790,s4
6791,s1
6792,s3
6793,s4
6794,s6
6795,s6
6796,s4
6797,s3
6798,s3
6799,s1
6800,s1
6801,s4
6802,s2
6803,s2
6804,s1
6805,s2
6806,s1
6807,s2
6808,s1
6809,s1
6810,s1
6811,s5
6812,s4
6813,s1
6814,s2
6815,s2
6816,s4
6817,s5
6818,s4
6819,s6
6820,s1
6821,s6
6822,s1
6823,s3
6824,s4
6825,s6
6826,s5
6827,s3
6828,s6
6829,s1
6830,s1
6831,s4
6832,s1
6833,s4
6834,s1
6835,s1
6836,s2
6837,s1
6838,s4
6839,s3
6840,s1
6841,s2
6842,s2
6843,s1
6844,s1
6845,s3
6846,s6
6847,s2
6848,s1
6849,s6
6850,s1
6851,s4
6852,s2
6853,s4
6854,s1
6855,s1
6856,s6
6857,s1
6858,s1
6859,s5
6860,s1
6861,s1
6862,s1
6863,s4
6864,s1
6865,s3
6866,s6
6867,s4
6868,s5
6869,s6
6870,s6
6871,s5
6872,s4
6873,s4
6874,s2
6875,s4
6876,s1
6877,s1
6878,s1
6879,s4
6880,s1
6881,s1
6882,s8
6883,s5
6884,s3
6885,s3
6886,s1
6887,s1
6888,s6
6889,s6
6890,s1
6891,s3
6892,s4
6893,s6
6894,s6
6895,s1
6896,s3
6897,s4
6898,s1
6899,s7
6900,s2
6901,s6
6902,s1
6903,s5
6904,s1
6905,s1
6906,s6
6907,s4
6908,s4
6909,s2
6910,s2
6911,s6
6912,s3
6913,s1
6914,s1
6915,s1
6916,s1
6917,s1
6918,s6
6919,s3
6920,s2
6921,s2
6922,s2
6923,s2
6924,s1
6925,s2
6926,s2
6927,s1
6928,s6
6929,s1
6930,s3
6931,s1
6932,s4
6933,s4
6934,s4
6935,s1
6936,s1
6937,s4
6938,s1
6939,s5
6940,s4
6941,s1
6942,s3
6943,s5
6944,s5
6945,s2
6946,s4
6947,s4
6948,s10
6949,s3
6950,s2
6951,s1
6952,s4
6953,s1
6954,s3
6955,s1
6956,s2
6957,s1
6958,s1
6959,s4
6960,s3
6961,s2
6962,s1
6963,s1
6964,s7
6965,s1
6966,s6
6967,s3
6968,s6
6969,s1
6970,s9
6971,s4
6972,s2
6973,s3
6974,s3
6975,s3
6976,s3
6977,s4
6978,s1
6979,s2
6980,s4
6981,s2
6982,s6
6983,s1
6984,s1
6985,s6
6986,s1
6987,s1
6988,s6
6989,s6
6990,s6
6991,s4
6992,s3
6993,s4
6994,s6
6995,s6
6996,s1
6997,s2
6998,s6
6999,s6
7000,s2
7001,s2
7002,s3
7003,s6
7004,s6
7005,s6
7006,s6
7007,s4
7008,s2
7009,s2
7010,s4
7011,s1
7012,s4
7013,s1
7014,s6
7015,s6
7016,s2
7017,s3
7018,s1
7019,s6
7020,s4
7021,s1
7022,s1
7023,s4
7024,s5
7025,s3
7026,s3
7027,s3
7028,s1
7029,s1
7030,s4
7031,s4
7032,s4
7033,s1
7034,s2
7035,s6
7036,s1
7037,s2
7038,s6
7039,s6
7040,s4
7041,s12
7042,s4
7043,s1
7044,s1
7045,s1
7046,s5
7047,s3
7048,s6
7049,s3
7050,s1
7051,s4
7052,s1
7053,s6
7054,s6
7055,s4
7056,s5
7057,s3
7058,s1
7059,s1
7060,s4
7061,s1
7062,s4
7063,s3
7064,s4
7065,s2
7066,s2
7067,s3
7068,s4
7069,s6
7070,s2
7071,s1
7072,s4
7073,s2
7074,s4
7075,s2
7076,s6
7077,s4
7078,s2
7079,s2
7080,s3
7081,s3
7082,s4
7083,s4
7084,s5
7085,s1
7086,s2
7087,s1
7088,s5
7089,s1
7090,s1
7091,s1
7092,s1
7093,s8
7094,s4
7095,s3
7096,s6
7097,s4
7098,s1
7099,s3
7100,s5
7101,s1
7102,s1
7103,s4
7104,s7
7105,s4
7106,s3
7107,s1
7108,s4
7109,s1
7110,s1
7111,s1
7112,s6
7113,s2
7114,s8
7115,s1
7116,s2
7117,s1
7118,s4
7119,s3
7120,s1
7121,s5
7122,s2
7123,s1
7124,s4
7125,s1
7126,s3
7127,s6
7128,s4
7129,s6
7130,s4
7131,s2
7132,s1
7133,s1
7134,s3
7135,s1
7136,s5
7137,s4
7138,s1
7139,s7
7140,s2
7141,s5
7142,s3
7143,s2
7144,s2
7145,s1
7146,s3
7147,s8
7148,s1
7149,s3
7150,s4
7151,s1
7152,s4
7153,s2
7154,s6
7155,s7
7156,s1
7157,s6
7158,s4
7159,s2
7160,s6
7161,s6
7162,s6
7163,s1
7164,s1
7165,s8
7166,s1
7167,s4
7168,s1
7169,s6
7170,s1
7171,s6
7172,s2
7173,s2
7174,s2
7175,s5
7176,s5
7177,s5
7178,s3
7179,s3
7180,s3
7181,s3
7182,s3
7183,s1
7184,s4
7185,s1
7186,s2
7187,s4
7188,s5
7189,s2
7190,s4
7191,s1
7192,s6
7193,s3
7194,s4
7195,s2
7196,s2
7197,s1
7198,s1
7199,s3
7200,s6
7201,s5
7202,s2
7203,s3
7204,s1
7205,s1
7206,s5
7207,s4
7208,s5
7209,s1
7210,s6
7211,s1
7212,s3
7213,s1
7214,s4
7215,s3
7216,s1
7217,s3
7218,s1
7219,s2
7220,s2
7221,s2
7222,s2
7223,s7
7224,s2
7225,s3
7226,s3
7227,s2
7228,s7
7229,s4
7230,s6
7231,s2
7232,s4
7233,s1
7234,s5
7235,s2
7236,s4
7237,s2
7238,s4
7239,s5
7240,s2
7241,s6
7242,s6
7243,s1
7244,s4
7245,s2
7246,s4
7247,s6
7248,s3
7249,s5
7250,s4
7251,s3
7252,s3
7253,s6
7254,s6
7255,s1
7256,s1
7257,s4
7258,s2
7259,s3
7260,s1
7261,s3
7262,s1
7263,s4
7264,s2
7265,s6
7266,s3
7267,s8
7268,s1
7269,s1
7270,s4
7271,s7
7272,s6
7273,s7
7274,s2
7275,s1
7276,s1
7277,s1
7278,s2
7279,s3
7280,s1
7281,s2
7282,s1
7283,s1
7284,s1
7285,s6
7286,s2
7287,s1
7288,s3
7289,s4
7290,s1
7291,s3
7292,s2
7293,s1
7294,s4
7295,s4
7296,s1
7297,s1
7298,s6
7299,s1
7300,s1
7301,s4
7302,s1
7303,s4
7304,s6
7305,s3
7306,s1
7307,s1
7308,s6
7309,s3
7310,s1
7311,s4
7312,s1
7313,s4
7314,s2
7315,s1
7316,s2
7317,s2
7318,s5
7319,s4
7320,s1
7321,s4
7322,s4
7323,s6
7324,s5
7325,s1
7326,s4
7327,s1
7328,s6
7329,s6
7330,s5
7331,s1
7332,s1
7333,s1
7334,s4
7335,s2
7336,s8
7337,s4
7338,s1
7339,s1
7340,s6
7341,s6
7342,s6
7343,s2
7344,s4
7345,s1
7346,s1
7347,s2
7348,s3
7349,s1
7350,s4
7351,s6
7352,s4
7353,s3
7354,s1
7355,s2
7356,s1
7357,s4
7358,s5
7359,s3
7360,s4
7361,s3
7362,s1
7363,s1
7364,s3
7365,s6
7366,s6
7367,s3
7368,s8
7369,s6
7370,s1
7371,s1
7372,s1
7373,s4
7374,s5
7375,s5
7376,s5
7377,s5
7378,s1
7379,s1
7380,s1
7381,s1
7382,s3
7383,s4
7384,s1
7385,s2
7386,s3
7387,s4
7388,s2
7389,s2
7390,s6
7391,s1
7392,s1
7393,s1
7394,s1
7395,s6
7396,s1
7397,s1
7398,s1
7399,s3
7400,s4
7401,s1
7402,s5
7403,s4
7404,s2
7405,s8
7406,s1
7407,s3
7408,s8
7409,s1
7410,s1
7411,s1
7412,s2
7413,s4
7414,s2
7415,s4
7416,s5
7417,s1
7418,s5
7419,s5
7420,s5
7421,s4
7422,s3
7423,s4
7424,s6
7425,s1
7426,s5
7427,s1
7428,s1
7429,s1
7430,s1
7431,s1
7432,s5
7433,s4
7434,s2
7435,s2
7436,s1
7437,s1
7438,s1
7439,s2
7440,s4
7441,s5
7442,s3
7443,s3
7444,s1
7445,s3
7446,s4
7447,s3
7448,s1
7449,s2
7450,s1
7451,s1
7452,s1
7453,s1
7454,s1
7455,s1
7456,s7
7457,s5
7458,s1
7459,s1
7460,s1
7461,s3
7462,s3
7463,s6
7464,s4
7465,s4
7466,s6
7467,s5
7468,s3
7469,s1
7470,s1
7471,s6
7472,s6
7473,s6
7474,s6
7475,s5
7476,s1
7477,s3
7478,s1
7479,s3
7480,s8
7481,s1
7482,s1
7483,s4
7484,s5
7485,s1
7486,s2
7487,s1
7488,s1
7489,s4
7490,s1
7491,s3
7492,s1
7493,s2
7494,s6
7495,s1
7496,s1
7497,s1
7498,s1
7499,s7
7500,s1
7501,s1
7502,s4
7503,s3
7504,s1
7505,s2
7506,s4
7507,s6
7508,s4
7509,s1
7510,s1
7511,s1
7512,s2
7513,s6
7514,s1
7515,s1
7516,s7
7517,s2
7518,s2
7519,s4
7520,s3
7521,s4
7522,s3
7523,s1
7524,s2
7525,s3
7526,s3
7527,s5
7528,s2
7529,s4
7530,s2
7531,s1
7532,s6
7533,s2
7534,s2
7535,s1
7536,s2
7537,s2
7538,s1
7539,s1
7540,s2
7541,s2
7542,s1
7543,s6
7544,s6
7545,s6
7546,s6
7547,s1
7548,s1
7549,s2
7550,s2
7551,s1
7552,s1
7553,s1
7554,s8
7555,s1
7556,s4
7557,s4
7558,s2
7559,s2
7560,s1
7561,s3
7562,s6
7563,s3
7564,s1
7565,s3
7566,s2
7567,s6
7568,s1
7569,s3
7570,s1
7571,s6
7572,s1
7573,s2
7574,s1
7575,s3
7576,s1
7577,s14
7578,s1
7579,s4
7580,s3
7581,s5
7582,s1
7583,s4
7584,s6
7585,s2
7586,s4
7587,s6
7588,s1
7589,s4
7590,s1
7591,s3
7592,s3
7593,s1
7594,s5
7595,s1
7596,s3
7597,s3
7598,s3
7599,s1
7600,s3
7601,s6
7602,s1
7603,s3
7604,s2
7605,s6
7606,s1
7607,s2
7608,s4
7609,s3
7610,s4
7611,s1
7612,s5
7613,s6
7614,s1
7615,s2
7616,s6
7617,s4
7618,s6
7619,s1
7620,s1
7621,s1
7622,s3
7623,s4
7624,s1
7625,s4
7626,s1
7627,s3
7628,s1
7629,s7
7630,s2
7631,s3
7632,s1
7633,s1
7634,s6
7635,s1
7636,s6
7637,s2
7638,s2
7639,s1
7640,s4
7641,s2
7642,s8
7643,s8
7644,s4
7645,s2
7646,s2
7647,s6
7648,s8
7649,s4
7650,s3
7651,s3
7652,s4
7653,s9
7654,s4
7655,s1
7656,s2
7657,s6
7658,s6
7659,s6
7660,s6
7661,s1
7662,s4
7663,s6
7664,s1
7665,s4
7666,s7
7667,s4
7668,s5
7669,s4
7670,s2
7671,s2
7672,s1
7673,s1
7674,s7
7675,s7
7676,s4
7677,s1
7678,s3
7679,s6
7680,s1
7681,s2
7682,s4
7683,s3
7684,s6
7685,s2
7686,s4
7687,s4
7688,s3
7689,s6
7690,s3
7691,s2
7692,s1
7693,s6
7694,s4
7695,s4
7696,s2
7697,s1
7698,s1
7699,s1
7700,s3
7701,s2
7702,s1
7703,s1
7704,s3
7705,s5
7706,s1
7707,s4
7708,s5
7709,s5
7710,s5
7711,s3
7712,s3
7713,s3
7714,s2
7715,s1
7716,s1
7717,s5
7718,s1
7719,s2
7720,s1
7721,s1
7722,s1
7723,s2
7724,s6
7725,s4
7726,s1
7727,s4
7728,s1
7729,s3
7730,s4
7731,s2
7732,s6
7733,s2
7734,s4
7735,s1
7736,s2
7737,s2
7738,s2
7739,s2
7740,s1
7741,s4
7742,s5
7743,s8
7744,s7
7745,s6
7746,s2
7747,s4
7748,s4
7749,s3
7750,s7
7751,s1
7752,s6
7753,s6
7754,s1
7755,s4
7756,s6
7757,s6
7758,s6
7759,s3
7760,s4
7761,s1
7762,s6
7763,s1
7764,s1
7765,s1
7766,s1
7767,s4
7768,s1
7769,s1
7770,s3
7771,s1
7772,s6
7773,s5
7774,s3
7775,s3
7776,s1
7777,s4
7778,s1
7779,s5
7780,s1
7781,s5
7782,s1
7783,s1
7784,s4
7785,s4
7786,s1
7787,s4
7788,s8
7789,s5
7790,s4
7791,s2
7792,s1
7793,s1
7794,s1
7795,s1
7796,s2
7797,s4
7798,s4
7799,s1
7800,s1
7801,s1
7802,s1
7803,s1
7804,s1
7805,s2
7806,s4
7807,s8
7808,s4
7809,s1
7810,s1
7811,s1
7812,s1
7813,s1
7814,s7
7815,s4
7816,s2
7817,s4
7818,s1
7819,s1
7820,s3
7821,s2
7822,s1
7823,s2
7824,s1
7825,s2
7826,s3
7827,s6
7828,s6
7829,s2
7830,s1
7831,s3
7832,s6
7833,s6
7834,s6
7835,s1
7836,s4
7837,s4
7838,s4
7839,s4
7840,s4
7841,s1
7842,s6
7843,s4
7844,s1
7845,s7
7846,s5
7847,s1
7848,s3
7849,s4
7850,s4
7851,s5
7852,s5
7853,s1
7854,s6
7855,s6
7856,s3
7857,s5
7858,s6
7859,s6
7860,s5
7861,s1
7862,s4
7863,s1
7864,s8
7865,s3
7866,s4
7867,s1
7868,s1
7869,s6
7870,s6
7871,s1
7872,s1
7873,s4
7874,s6
7875,s6
7876,s1
7877,s4
7878,s1
7879,s4
7880,s2
7881,s1
7882,s1
7883,s4
7884,s3
7885,s3
7886,s3
7887,s4
7888,s3
7889,s6
7890,s3
7891,s5
7892,s2
7893,s4
7894,s1
7895,s4
7896,s3
7897,s1
7898,s1
7899,s6
7900,s3
7901,s7
7902,s7
7903,s2
7904,s6
7905,s2
7906,s4
7907,s2
7908,s5
7909,s1
7910,s6
7911,s1
7912,s3
7913,s2
7914,s5
7915,s3
7916,s6
7917,s6
7918,s6
7919,s4
7920,s4
7921,s3
7922,s1
7923,s6
7924,s1
7925,s6
7926,s4
7927,s6
7928,s1
7929,s1
7930,s1
7931,s6
7932,s6
7933,s6
7934,s1
7935,s6
7936,s6
7937,s3
7938,s4
7939,s4
7940,s4
7941,s6
7942,s2
7943,s5
7944,s1
7945,s1
7946,s1
7947,s1
7948,s6
7949,s4
7950,s4
7951,s2
7952,s2
7953,s2
7954,s4
7955,s4
7956,s1
7957,s7
7958,s3
7959,s4
7960,s2
7961,s1
7962,s3
7963,s2
7964,s1
7965,s4
7966,s4
7967,s2
7968,s4
7969,s3
7970,s4
7971,s3
7972,s4
7973,s2
7974,s1
7975,s4
7976,s4
7977,s3
7978,s1
7979,s4
7980,s3
7981,s1
7982,s1
7983,s1
7984,s1
7985,s1
7986,s7
7987,s7
7988,s6
7989,s2
7990,s3
7991,s6
7992,s6
7993,s6
7994,s4
7995,s4
7996,s2
7997,s4
7998,s3
7999,s3
8000,s1
8001,s4
8002,s3
8003,s7
8004,s7
8005,s1
8006,s4
8007,s2
8008,s4
8009,s6
8010,s7
8011,s1
8012,s1
8013,s6
8014,s6
8015,s2
8016,s2
8017,s2
8018,s1
8019,s3
8020,s1
8021,s1
8022,s1
8023,s1
8024,s7
8025,s3
8026,s2
8027,s1
8028,s1
8029,s3
8030,s4
8031,s1
8032,s4
8033,s5
8034,s5
8035,s1
8036,s2
8037,s1
8038,s1
8039,s3
8040,s3
8041,s6
8042,s2
8043,s1
8044,s2
8045,s1
8046,s2
8047,s2
8048,s1
8049,s2
8050,s1
8051,s3
8052,s4
8053,s3
8054,s2
8055,s6
8056,s6
8057,s4
8058,s4
8059,s6
8060,s4
8061,s6
8062,s6
8063,s6
8064,s4
8065,s6
8066,s6
8067,s13
8068,s1
8069,s2
8070,s3
8071,s2
8072,s1
8073,s1
8074,s1
8075,s4
8076,s4
8077,s3
8078,s3
8079,s7
8080,s4
8081,s4
8082,s4
8083,s3
8084,s1
8085,s3
8086,s2
8087,s1
8088,s1
8089,s3
8090,s2
8091,s7
8092,s7
8093,s4
8094,s2
8095,s5
8096,s3
8097,s1
8098,s1
8099,s3
8100,s6
8101,s4
8102,s3
8103,s1
8104,s4
8105,s1
8106,s2
8107,s1
8108,s1
8109,s6
8110,s6
8111,s6
8112,s6
8113,s1
8114,s1
8115,s4
8116,s4
8117,s1
8118,s5
8119,s4
8120,s1
8121,s6
8122,s2
8123,s1
8124,s6
8125,s6
8126,s1
8127,s4
8128,s1
8129,s1
8130,s1
8131,s2
8132,s2
8133,s3
8134,s3
8135,s2
8136,s2
8137,s1
8138,s4
8139,s1
8140,s4
8141,s2
8142,s2
8143,s4
8144,s6
8145,s6
8146,s1
8147,s2
8148,s2
8149,s1
8150,s3
8151,s1
8152,s4
8153,s4
8154,s1
8155,s3
8156,s4
8157,s4
8158,s2
8159,s1
8160,s2
8161,s8
8162,s7
8163,s3
8164,s1
8165,s2
8166,s7
8167,s3
8168,s2
8169,s1
8170,s6
8171,s2
8172,s2
8173,s5
8174,s4
8175,s3
8176,s3
8177,s6
8178,s8
8179,s1
8180,s4
8181,s5
8182,s1
8183,s2
8184,s1
8185,s3
8186,s5
8187,s4
8188,s4
8189,s3
8190,s3
8191,s2
8192,s1
8193,s1
8194,s4
8195,s3
8196,s1
8197,s1
8198,s4
8199,s2
8200,s4
8201,s5
8202,s1
8203,s3
8204,s8
8205,s1
8206,s4
8207,s4
8208,s4
8209,s4
8210,s1
8211,s1
8212,s1
8213,s3
8214,s3
8215,s2
8216,s6
8217,s10
8218,s2
8219,s2
8220,s6
8221,s1
8222,s1
8223,s1
8224,s4
8225,s6
8226,s3
8227,s3
8228,s5
8229,s5
8230,s5
8231,s1
8232,s2
8233,s3
8234,s6
8235,s6
8236,s5
8237,s1
8238,s4
8239,s4
8240,s2
8241,s2
8242,s2
8243,s1
8244,s3
8245,s2
8246,s2
8247,s1
8248,s4
8249,s4
8250,s1
8251,s2
8252,s1
8253,s4
8254,s1
8255,s1
8256,s2
8257,s6
8258,s1
8259,s7
8260,s8
8261,s8
8262,s4
8263,s4
8264,s6
8265,s1
8266,s4
8267,s4
8268,s1
8269,s3
8270,s2
8271,s1
8272,s6
8273,s6
8274,s1
8275,s4
8276,s3
8277,s1
8278,s1
8279,s1
8280,s2
8281,s1
8282,s3
8283,s7
8284,s1
8285,s1
8286,s1
8287,s1
8288,s6
8289,s6
8290,s1
8291,s4
8292,s1
8293,s1
8294,s1
8295,s1
8296,s2
8297,s1
8298,s1
8299,s2
8300,s2
8301,s6
8302,s4
8303,s1
8304,s1
8305,s1
8306,s4
8307,s3
8308,s2
8309,s1
8310,s4
8311,s1
8312,s4
8313,s6
8314,s1
8315,s1
8316,s1
8317,s1
8318,s5
8319,s3
8320,s4
8321,s4
8322,s6
8323,s2
8324,s3
8325,s1
8326,s2
8327,s1
8328,s1
8329,s1
8330,s5
8331,s5
8332,s2
8333,s1
8334,s2
8335,s7
8336,s3
8337,s6
8338,s5
8339,s6
8340,s1
8341,s1
8342,s4
8343,s3
8344,s1
8345,s1
8346,s4
8347,s3
8348,s2
8349,s2
8350,s3
8351,s1
8352,s6
8353,s1
8354,s4
8355,s4
8356,s5
8357,s4
8358,s6
8359,s6
8360,s6
8361,s3
8362,s1
8363,s3
8364,s6
8365,s1
8366,s3
8367,s3
8368,s5
8369,s1
8370,s1
8371,s5
8372,s3
8373,s4
8374,s5
8375,s6
8376,s1
8377,s2
8378,s7
8379,s2
8380,s4
8381,s1
8382,s7
8383,s6
8384,s3
8385,s6
8386,s6
8387,s1
8388,s2
8389,s2
8390,s6
8391,s2
8392,s1
8393,s3
8394,s3
8395,s1
8396,s5
8397,s4
8398,s6
8399,s4
8400,s1
8401,s3
8402,s4
8403,s1
8404,s1
8405,s1
8406,s4
8407,s4
8408,s6
8409,s6
8410,s1
8411,s6
8412,s6
8413,s5
8414,s1
8415,s1
8416,s4
8417,s2
8418,s4
8419,s1
8420,s6
8421,s4
8422,s3
8423,s1
8424,s1
8425,s3
8426,s1
8427,s1
8428,s1
8429,s2
8430,s4
8431,s4
8432,s2
8433,s2
8434,s6
8435,s1
8436,s2
8437,s1
8438,s2
8439,s7
8440,s1
8441,s1
8442,s1
8443,s2
8444,s1
8445,s1
8446,s6
8447,s6
8448,s1
8449,s8
8450,s3
8451,s8
8452,s8
8453,s4
8454,s1
8455,s1
8456,s8
8457,s1
8458,s2
8459,s3
8460,s1
8461,s1
8462,s2
8463,s3
8464,s1
8465,s3
8466,s4
8467,s1
8468,s4
8469,s5
8470,s2
8471,s4
8472,s2
8473,s2
8474,s1
8475,s1
8476,s3
8477,s2
8478,s5
8479,s3
8480,s6
8481,s4
8482,s5
8483,s1
8484,s5
8485,s2
8486,s1
8487,s8
8488,s8
8489,s4
8490,s5
8491,s3
8492,s1
8493,s2
8494,s6
8495,s6
8496,s1
8497,s1
8498,s1
8499,s5
8500,s3
8501,s1
8502,s2
8503,s4
8504,s4
8505,s1
8506,s1
8507,s1
8508,s1
8509,s3
8510,s1
8511,s1
8512,s4
8513,s1
8514,s1
8515,s1
8516,s5
8517,s6
8518,s1
8519,s4
8520,s8
8521,s2
8522,s4
8523,s3
8524,s10
8525,s1
8526,s6
8527,s1
8528,s4
8529,s4
8530,s4
8531,s6
8532,s6
8533,s2
8534,s1
8535,s1
8536,s7
8537,s1
8538,s2
8539,s6
8540,s10
8541,s6
8542,s2
8543,s6
8544,s6
8545,s6
8546,s1
8547,s6
8548,s6
8549,s6
8550,s1
8551,s4
8552,s4
8553,s6
8554,s1
8555,s5
8556,s2
8557,s1
8558,s1
8559,s1
8560,s5
8561,s2
8562,s4
8563,s1
8564,s2
8565,s6
8566,s6
8567,s5
8568,s1
8569,s2
8570,s3
8571,s2
8572,s6
8573,s10
8574,s1
8575,s6
8576,s3
8577,s3
8578,s3
8579,s2
8580,s3
8581,s1
8582,s1
8583,s1
8584,s4
8585,s4
8586,s1
8587,s1
8588,s4
8589,s6
8590,s8
8591,s3
8592,s6
8593,s2
8594,s4
8595,s3
8596,s1
8597,s4
8598,s1
8599,s6
8600,s6
8601,s2
8602,s10
8603,s2
8604,s1
8605,s7
8606,s3
8607,s2
8608,s3
8609,s4
8610,s6
8611,s3
8612,s2
8613,s2
8614,s2
8615,s2
8616,s5
8617,s6
8618,s10
8619,s10
8620,s3
8621,s4
8622,s5
8623,s6
8624,s2
8625,s2
8626,s4
8627,s6
8628,s1
8629,s4
8630,s1
8631,s6
8632,s6
8633,s2
8634,s2
8635,s1
8636,s1
8637,s8
8638,s4
8639,s6
8640,s1
8641,s1
8642,s1
8643,s1
8644,s2
8645,s3
8646,s4
8647,s3
8648,s1
8649,s5
8650,s1
8651,s1
8652,s3
8653,s3
8654,s2
8655,s6
8656,s6
8657,s8
8658,s6
8659,s6
8660,s2
8661,s6
8662,s9
8663,s6
8664,s7
8665,s1
8666,s1
8667,s2
8668,s3
8669,s4
8670,s4
8671,s4
8672,s6
8673,s6
8674,s6
8675,s6
8676,s6
8677,s6
8678,s2
8679,s6
8680,s6
8681,s10
8682,s3
8683,s1
8684,s1
8685,s2
8686,s6
8687,s6
8688,s6
8689,s6
8690,s3
8691,s2
8692,s3
8693,s1
8694,s6
8695,s4
8696,s3
8697,s4
8698,s5
8699,s2
8700,s2
8701,s3
8702,s6
8703,s1
8704,s1
8705,s2
8706,s3
8707,s4
8708,s6
8709,s7
8710,s5
8711,s6
8712,s6
8713,s6
8714,s1
8715,s5
8716,s1
8717,s2
8718,s2
8719,s1
8720,s2
8721,s6
8722,s1
8723,s1
8724,s1
8725,s4
8726,s5
8727,s5
8728,s4
8729,s1
8730,s3
8731,s3
8732,s5
8733,s6
8734,s4
8735,s4
8736,s2
8737,s1
8738,s1
8739,s4
8740,s3
8741,s2
8742,s2
8743,s1
8744,s6
8745,s1
8746,s1
8747,s1
8748,s3
8749,s7
8750,s4
8751,s1
8752,s1
8753,s2
8754,s6
8755,s4
8756,s2
8757,s8
8758,s7
8759,s2
8760,s5
8761,s5
8762,s4
8763,s2
8764,s8
8765,s1
8766,s1
8767,s1
8768,s6
8769,s2
8770,s8
8771,s5
8772,s4
8773,s4
8774,s1
8775,s7
8776,s4
8777,s5
8778,s6
8779,s1
8780,s1
8781,s8
8782,s2
8783,s2
8784,s3
8785,s1
8786,s4
8787,s2
8788,s5
8789,s1
8790,s6
8791,s2
8792,s4
8793,s4
8794,s1
8795,s1
8796,s1
8797,s4
8798,s1
8799,s4
8800,s2
8801,s1
8802,s4
8803,s5
8804,s1
8805,s1
8806,s10
8807,s1
8808,s6
8809,s6
8810,s3
8811,s1
8812,s2
8813,s6
8814,s4
8815,s1
8816,s2
8817,s1
8818,s3
8819,s1
8820,s6
8821,s1
8822,s5
8823,s1
8824,s4
8825,s8
8826,s8
8827,s8
8828,s8
8829,s3
8830,s4
8831,s1
8832,s2
8833,s6
8834,s4
8835,s6
8836,s1
8837,s6
8838,s6
8839,s2
8840,s2
8841,s4
8842,s4
8843,s6
8844,s2
8845,s6
8846,s3
8847,s2
8848,s6
8849,s6
8850,s2
8851,s5
8852,s1
8853,s8
8854,s6
8855,s6
8856,s2
8857,s2
8858,s3
8859,s4
8860,s3
8861,s1
8862,s1
8863,s2
8864,s6
8865,s3
8866,s1
8867,s10
8868,s3
8869,s1
8870,s1
8871,s6
8872,s1
8873,s3
8874,s2
8875,s7
8876,s8
8877,s6
8878,s6
8879,s2
8880,s8
8881,s1
8882,s5
8883,s3
8884,s6
8885,s3
8886,s6
8887,s3
8888,s1
8889,s1
8890,s1
8891,s7
8892,s2
8893,s3
8894,s3
8895,s4
8896,s1
8897,s3
8898,s1
8899,s1
8900,s6
8901,s1
8902,s3
8903,s6
8904,s6
8905,s2
8906,s6
8907,s1
8908,s8
8909,s1
8910,s3
8911,s8
8912,s5
8913,s3
8914,s6
8915,s4
8916,s1
8917,s1
8918,s4
8919,s1
8920,s5
8921,s1
8922,s1
8923,s4
8924,s4
8925,s4
8926,s4
8927,s4
8928,s1
8929,s1
8930,s2
8931,s2
8932,s3
8933,s1
8934,s8
8935,s6
8936,s1
8937,s2
8938,s2
8939,s6
8940,s3
8941,s3
8942,s1
8943,s4
8944,s5
8945,s1
8946,s3
8947,s6
8948,s2
8949,s3
8950,s1
8951,s1
8952,s3
8953,s1
8954,s1
8955,s2
8956,s3
8957,s1
8958,s1
8959,s1
8960,s3
8961,s3
8962,s5
8963,s4
8964,s4
8965,s3
8966,s4
8967,s4
8968,s1
8969,s1
8970,s1
8971,s1
8972,s2
8973,s2
8974,s6
8975,s4
8976,s5
8977,s3
8978,s1
8979,s6
8980,s8
8981,s2
8982,s3
8983,s6
8984,s2
8985,s2
8986,s4
8987,s1
8988,s2
8989,s6
8990,s1
8991,s2
8992,s8
8993,s3
8994,s3
8995,s6
8996,s5
8997,s2
8998,s3
8999,s6
9000,s6
9001,s6
9002,s6
9003,s1
9004,s3
9005,s3
9006,s1
9007,s1
9008,s8
9009,s5
9010,s3
9011,s2
9012,s2
9013,s3
9014,s3
9015,s2
9016,s7
9017,s6
9018,s6
9019,s5
9020,s3
9021,s1
9022,s6
9023,s3
9024,s1
9025,s2
9026,s1
9027,s5
9028,s2
9029,s4
9030,s1
9031,s1
9032,s1
9033,s4
9034,s1
9035,s1
9036,s3
9037,s2
9038,s4
9039,s1
9040,s1
9041,s6
9042,s6
9043,s6
9044,s2
9045,s1
9046,s4
9047,s4
9048,s3
9049,s1
9050,s6
9051,s6
9052,s6
9053,s6
9054,s6
9055,s3
9056,s3
9057,s1
9058,s2
9059,s1
9060,s2
9061,s4
9062,s1
9063,s4
9064,s1
9065,s3
9066,s2
9067,s1
9068,s1
9069,s4
9070,s8
9071,s2
9072,s3
9073,s1
9074,s1
9075,s6
9076,s2
9077,s2
9078,s6
9079,s6
9080,s7
9081,s6
9082,s6
9083,s4
9084,s3
9085,s7
9086,s1
9087,s1
9088,s6
9089,s1
9090,s6
9091,s4
9092,s4
9093,s6
9094,s1
9095,s4
9096,s1
9097,s6
9098,s4
9099,s2
9100,s2
9101,s1
9102,s6
9103,s2
9104,s6
9105,s2
9106,s1
9107,s10
9108,s8
9109,s3
9110,s2
9111,s6
9112,s1
9113,s6
9114,s3
9115,s3
9116,s6
9117,s6
9118,s4
9119,s4
9120,s2
9121,s4
9122,s5
9123,s6
9124,s1
9125,s6
9126,s3
9127,s6
9128,s6
9129,s1
9130,s8
9131,s8
9132,s8
9133,s1
9134,s4
9135,s1
9136,s1
9137,s1
9138,s1
9139,s1
9140,s3
9141,s1
9142,s2
9143,s2
9144,s6
9145,s4
9146,s4
9147,s8
9148,s3
9149,s6
9150,s2
9151,s3
9152,s2
9153,s10
9154,s1
9155,s2
9156,s4
9157,s6
9158,s6
9159,s1
9160,s3
9161,s1
9162,s6
9163,s6
9164,s3
9165,s5
9166,s3
9167,s3
9168,s3
9169,s1
9170,s2
9171,s3
9172,s2
9173,s3
9174,s1
9175,s6
9176,s2
9177,s2
9178,s1
9179,s4
9180,s4
9181,s3
9182,s4
9183,s4
9184,s1
9185,s4
9186,s1
9187,s7
9188,s4
9189,s3
9190,s2
9191,s6
9192,s5
9193,s6
9194,s6
9195,s4
9196,s4
9197,s4
9198,s6
9199,s4
9200,s1
9201,s1
9202,s3
9203,s3
9204,s1
9205,s6
9206,s6
9207,s3
9208,s6
9209,s1
9210,s6
9211,s6
9212,s1
9213,s6
9214,s4
9215,s4
9216,s2
9217,s6
9218,s3
9219,s6
9220,s3
9221,s5
9222,s6
9223,s6
9224,s6
9225,s10
9226,s7
9227,s1
9228,s4
9229,s1
9230,s3
9231,s1
9232,s2
9233,s2
9234,s2
9235,s2
9236,s4
9237,s3
9238,s6
9239,s6
9240,s1
9241,s2
9242,s2
9243,s1
9244,s8
9245,s1
9246,s2
9247,s4
9248,s2
9249,s1
9250,s6
9251,s6
9252,s1
9253,s6
9254,s4
9255,s3
9256,s1
9257,s1
9258,s1
9259,s2
9260,s6
9261,s6
9262,s1
9263,s6
9264,s2
9265,s6
9266,s10
9267,s4
9268,s1
9269,s4
9270,s4
9271,s6
9272,s6
9273,s4
9274,s6
9275,s1
9276,s2
9277,s1
9278,s1
9279,s8
9280,s4
9281,s1
9282,s1
9283,s1
9284,s2
9285,s1
9286,s6
9287,s3
9288,s1
9289,s2
9290,s2
9291,s5
9292,s2
9293,s1
9294,s2
9295,s6
9296,s6
9297,s6
9298,s4
9299,s1
9300,s1
9301,s1
9302,s2
9303,s2
9304,s6
9305,s6
9306,s1
9307,s4
9308,s4
9309,s1
9310,s3
9311,s4
9312,s2
9313,s1
9314,s6
9315,s2
9316,s4
9317,s2
9318,s4
9319,s6
9320,s1
9321,s3
9322,s1
9323,s1
9324,s5
9325,s4
9326,s2
9327,s3
9328,s6
9329,s6
9330,s6
9331,s8
9332,s1
9333,s6
9334,s4
9335,s3
9336,s1
9337,s4
9338,s7
9339,s1
9340,s1
9341,s5
9342,s5
9343,s5
9344,s5
9345,s2
9346,s1
9347,s1
9348,s1
9349,s1
9350,s1
9351,s2
9352,s2
9353,s1
9354,s4
9355,s3
9356,s3
9357,s1
9358,s6
9359,s8
9360,s8
9361,s2
9362,s16
9363,s4
9364,s1
9365,s6
9366,s3
9367,s4
9368,s4
9369,s4
9370,s1
9371,s1
9372,s4
9373,s4
9374,s1
9375,s1
9376,s1
9377,s1
9378,s4
9379,s6
9380,s6
9381,s6
9382,s1
9383,s1
9384,s6
9385,s1
9386,s4
9387,s4
9388,s3
9389,s8
9390,s3
9391,s6
9392,s1
9393,s2
9394,s2
9395,s6
9396,s1
9397,s4
9398,s1
9399,s1
9400,s1
9401,s1
9402,s1
9403,s4
9404,s4
9405,s4
9406,s1
9407,s5
9408,s4
9409,s1
9410,s2
9411,s1
9412,s2
9413,s6
9414,s1
9415,s2
9416,s6
9417,s1
9418,s2
9419,s3
9420,s5
9421,s1
9422,s4
9423,s4
9424,s4
9425,s4
9426,s6
9427,s6
9428,s1
9429,s1
9430,s1
9431,s3
9432,s1
9433,s1
9434,s1
9435,s1
9436,s5
9437,s1
9438,s2
9439,s1
9440,s3
9441,s7
9442,s5
9443,s6
9444,s6
9445,s1
9446,s2
9447,s3
9448,s3
9449,s2
9450,s2
9451,s3
9452,s2
9453,s2
9454,s2
9455,s1
9456,s6
9457,s6
9458,s1
9459,s1
9460,s4
9461,s4
9462,s3
9463,s5
9464,s4
9465,s6
9466,s2
9467,s1
9468,s1
9469,s1
9470,s6
9471,s6
9472,s4
9473,s4
9474,s1
9475,s1
9476,s5
9477,s6
9478,s8
9479,s2
9480,s1
9481,s2
9482,s4
9483,s4
9484,s5
9485,s4
9486,s3
9487,s4
9488,s4
9489,s4
9490,s2
9491,s1
9492,s1
9493,s3
9494,s1
9495,s2
9496,s4
9497,s2
9498,s4
9499,s1
9500,s1
9501,s1
9502,s6
9503,s2
9504,s2
9505,s5
9506,s2
9507,s2
9508,s2
9509,s1
9510,s1
9511,s1
9512,s6
9513,s6
9514,s2
9515,s1
9516,s1
9517,s4
9518,s4
9519,s1
9520,s9
9521,s6
9522,s4
9523,s2
9524,s6
9525,s6
9526,s3
9527,s2
9528,s5
9529,s1
9530,s1
9531,s1
9532,s2
9533,s1
9534,s1
9535,s8
9536,s1
9537,s5
9538,s4
9539,s6
9540,s4
9541,s2
9542,s1
9543,s2
9544,s3
9545,s3
9546,s1
9547,s3
9548,s4
9549,s4
9550,s2
9551,s8
9552,s4
9553,s1
9554,s3
9555,s5
9556,s2
9557,s2
9558,s1
9559,s8
9560,s3
9561,s2
9562,s1
9563,s1
9564,s4
9565,s1
9566,s3
9567,s1
9568,s6
9569,s1
9570,s4
9571,s2
9572,s1
9573,s1
9574,s4
9575,s1
9576,s1
9577,s1
9578,s3
9579,s1
9580,s5
9581,s4
9582,s2
9583,s4
9584,s6
9585,s4
9586,s3
9587,s4
9588,s8
9589,s8
9590,s8
9591,s6
9592,s6
9593,s4
9594,s6
9595,s2
9596,s3
9597,s4
9598,s1
9599,s3
9600,s2
9601,s1
9602,s6
9603,s1
9604,s2
9605,s5
9606,s5
9607,s5
9608,s5
9609,s5
9610,s4
9611,s1
9612,s1
9613,s4
9614,s2
9615,s2
9616,s1
9617,s3
9618,s4
9619,s3
9620,s3
9621,s1
9622,s4
9623,s4
9624,s2
9625,s8
9626,s1
9627,s6
9628,s3
9629,s3
9630,s8
9631,s1
9632,s2
9633,s2
9634,s6
9635,s6
9636,s6
9637,s2
9638,s2
9639,s2
9640,s2
9641,s1
9642,s2
9643,s4
9644,s1
9645,s3
9646,s2
9647,s1
9648,s2
9649,s6
9650,s2
9651,s1
9652,s5
9653,s3
9654,s5
9655,s4
9656,s4
9657,s3
9658,s1
9659,s4
9660,s3
9661,s1
9662,s2
9663,s6
9664,s6
9665,s5
9666,s1
9667,s2
9668,s8
9669,s2
9670,s2
9671,s5
9672,s6
9673,s3
9674,s3
9675,s5
9676,s4
9677,s4
9678,s1
9679,s6
9680,s6
9681,s1
9682,s6
9683,s4
9684,s1
9685,s2
9686,s2
9687,s4
9688,s4
9689,s6
9690,s5
9691,s6
9692,s1
9693,s1
9694,s1
9695,s4
9696,s5
9697,s6
9698,s2
9699,s2
9700,s2
9701,s3
9702,s6
9703,s1
9704,s1
9705,s1
9706,s5
9707,s1
9708,s2
9709,s2
9710,s3
9711,s1
9712,s4
9713,s3
9714,s1
9715,s5
9716,s5
9717,s1
9718,s1
9719,s1
9720,s3
9721,s1
9722,s6
9723,s4
9724,s3
9725,s2
9726,s1
9727,s1
9728,s1
9729,s4
9730,s6
9731,s3
9732,s1
9733,s1
9734,s4
9735,s1
9736,s1
9737,s3
9738,s1
9739,s2
9740,s1
9741,s2
9742,s5
9743,s7
9744,s1
9745,s1
9746,s2
9747,s6
9748,s6
9749,s1
9750,s2
9751,s1
9752,s4
9753,s1
9754,s3
9755,s4
9756,s1
9757,s3
9758,s4
9759,s4
9760,s4
9761,s2
9762,s3
9763,s6
9764,s3
9765,s4
9766,s2
9767,s3
9768,s1
9769,s1
9770,s1
9771,s4
9772,s6
9773,s6
9774,s4
9775,s1
9776,s6
9777,s3
9778,s6
9779,s3
9780,s10
9781,s10
9782,s3
9783,s1
9784,s2
9785,s8
9786,s1
9787,s1
9788,s4
9789,s4
9790,s1
9791,s1
9792,s6
9793,s6
9794,s2
9795,s2
9796,s1
9797,s1
9798,s5
9799,s1
9800,s1
9801,s1
9802,s4
9803,s1
9804,s6
9805,s4
9806,s5
9807,s5
9808,s1
9809,s4
9810,s3
9811,s3
9812,s3
9813,s6
9814,s6
9815,s2
9816,s4
9817,s6
9818,s6
9819,s3
9820,s4
9821,s2
9822,s2
9823,s1
9824,s8
9825,s3
9826,s4
9827,s1
9828,s4
9829,s3
9830,s6
9831,s3
9832,s6
9833,s2
9834,s6
9835,s6
9836,s6
9837,s1
9838,s1
9839,s8
9840,s8
9841,s4
9842,s4
9843,s1
9844,s1
9845,s4
9846,s2
9847,s2
9848,s1
9849,s2
9850,s2
9851,s4
9852,s6
9853,s5
9854,s1
9855,s6
9856,s2
9857,s6
9858,s1
9859,s1
9860,s1
9861,s1
9862,s1
9863,s1
9864,s3
9865,s2
9866,s3
9867,s2
9868,s1
9869,s6
9870,s1
9871,s1
9872,s1
9873,s3
9874,s3
9875,s4
9876,s4
9877,s2
9878,s4
9879,s2
9880,s2
9881,s1
9882,s1
9883,s1
9884,s8
9885,s1
9886,s1
9887,s1
9888,s4
9889,s7
9890,s8
9891,s1
9892,s1
9893,s2
9894,s4
9895,s4
9896,s4
9897,s1
9898,s5
9899,s3
9900,s3
9901,s1
9902,s6
9903,s2
9904,s4
9905,s4
9906,s6
9907,s1
9908,s6
9909,s3
9910,s4
9911,s8
9912,s6
9913,s1
9914,s5
9915,s1
9916,s2
9917,s6
9918,s1
9919,s1
9920,s1
9921,s1
9922,s1
9923,s1
9924,s1
9925,s1
9926,s6
9927,s3
9928,s4
9929,s5
9930,s8
9931,s8
9932,s4
9933,s2
9934,s5
9935,s1
9936,s3
9937,s3
9938,s1
9939,s1
9940,s1
9941,s5
9942,s2
9943,s2
9944,s4
9945,s4
9946,s4
9947,s3
9948,s2
9949,s6
9950,s8
9951,s6
9952,s6
9953,s2
9954,s1
9955,s1
9956,s1
9957,s4
9958,s4
9959,s1
9960,s3
9961,s4
9962,s4
9963,s2
9964,s4
9965,s3
9966,s4
9967,s4
9968,s4
9969,s3
9970,s2
9971,s1
9972,s1
9973,s1
9974,s4
9975,s1
9976,s2
9977,s4
9978,s1
9979,s4
9980,s7
9981,s1
9982,s6
9983,s1
9984,s6
9985,s1
9986,s2
9987,s1
9988,s4
9989,s1
9990,s10
9991,s5
9992,s7
9993,s4
9994,s2
9995,s1
9996,s1
9997,s4
9998,s2
9999,s2
10000,s6
10001,s6
10002,s2
10003,s1
10004,s1
10005,s2
10006,s1
10007,s1
10008,s2
10009,s2
10010,s6
10011,s6
10012,s4
10013,s2
10014,s4
10015,s7
10016,s6
10017,s6
10018,s2
10019,s8
10020,s2
10021,s4
10022,s1
10023,s1
10024,s1
10025,s1
10026,s1
10027,s5
10028,s2
10029,s3
10030,s3
10031,s4
10032,s4
10033,s4
10034,s2
10035,s4
10036,s1
10037,s12
10038,s5
10039,s1
10040,s6
10041,s3
10042,s3
10043,s6
10044,s1
10045,s5
10046,s5
10047,s3
10048,s4
10049,s4
10050,s4
10051,s3
10052,s7
10053,s5
10054,s6
10055,s1
10056,s2
10057,s7
10058,s6
10059,s6
10060,s6
10061,s1
10062,s1
10063,s3
10064,s1
10065,s4
10066,s4
10067,s3
10068,s1
10069,s5
10070,s6
10071,s6
10072,s2
10073,s1
10074,s2
10075,s2
10076,s3
10077,s1
10078,s1
10079,s1
10080,s1
10081,s2
10082,s1
10083,s6
10084,s2
10085,s6
10086,s5
10087,s5
10088,s3
10089,s6
10090,s6
10091,s6
10092,s1
10093,s4
10094,s1
10095,s1
10096,s2
10097,s2
10098,s1
10099,s7
10100,s3
10101,s3
10102,s4
10103,s3
10104,s1
10105,s1
10106,s4
10107,s4
10108,s4
10109,s7
10110,s2
10111,s1
10112,s4
10113,s4
10114,s3
10115,s4
10116,s2
10117,s2
10118,s6
10119,s5
10120,s5
10121,s1
10122,s4
10123,s1
10124,s1
10125,s1
10126,s8
10127,s2
10128,s1
10129,s1
10130,s2
10131,s1
10132,s4
10133,s6
10134,s6
10135,s1
10136,s1
10137,s3
10138,s6
10139,s6
10140,s2
10141,s3
10142,s7
10143,s1
10144,s1
10145,s1
10146,s1
10147,s3
10148,s4
10149,s1
10150,s5
10151,s2
10152,s1
10153,s6
10154,s6
10155,s1
10156,s5
10157,s1
10158,s7
10159,s5
10160,s1
10161,s4
10162,s4
10163,s2
10164,s2
10165,s4
10166,s6
10167,s6
10168,s6
10169,s6
10170,s4
10171,s6
10172,s6
10173,s6
10174,s3
10175,s1
10176,s3
10177,s6
10178,s6
10179,s1
10180,s6
10181,s4
10182,s3
10183,s1
10184,s1
10185,s1
10186,s1
10187,s1
10188,s1
10189,s3
10190,s1
10191,s1
10192,s1
10193,s2
10194,s3
10195,s3
10196,s8
10197,s6
10198,s3
10199,s3
10200,s6
10201,s6
10202,s1
10203,s2
10204,s6
10205,s6
10206,s6
10207,s6
10208,s6
10209,s4
10210,s1
10211,s4
10212,s6
10213,s6
10214,s6
10215,s1
10216,s6
10217,s3
10218,s6
10219,s4
10220,s3
10221,s1
10222,s6
10223,s3
10224,s4
10225,s1
10226,s6
10227,s6
10228,s1
10229,s2
10230,s6
10231,s3
10232,s5
10233,s6
10234,s4
10235,s2
10236,s6
10237,s1
10238,s2
10239,s6
10240,s3
10241,s4
10242,s4
10243,s3
10244,s2
10245,s6
10246,s8
10247,s4
10248,s6
10249,s1
10250,s4
10251,s1
10252,s4
10253,s2
10254,s5
10255,s6
10256,s6
10257,s4
10258,s6
10259,s4
10260,s6
10261,s5
10262,s6
10263,s6
10264,s6
10265,s3
10266,s1
10267,s3
10268,s4
10269,s3
10270,s1
10271,s12
10272,s4
10273,s6
10274,s6
10275,s5
10276,s4
10277,s6
10278,s1
10279,s8
10280,s6
10281,s6
10282,s6
10283,s6
10284,s4
10285,s1
10286,s6
10287,s6
10288,s4
10289,s6
10290,s1
10291,s1
10292,s4
10293,s1
10294,s1
10295,s1
10296,s1
10297,s6
10298,s5
10299,s6
10300,s1
10301,s2
10302,s2
10303,s3
10304,s5
10305,s4
10306,s4
10307,s6
10308,s1
10309,s4
10310,s7
10311,s4
10312,s1
10313,s6
10314,s4
10315,s4
10316,s2
10317,s5
10318,s6
10319,s6
10320,s6
10321,s6
10322,s3
10323,s6
10324,s1
10325,s8
10326,s4
10327,s4
10328,s6
10329,s1
10330,s5
10331,s6
10332,s8
10333,s4
10334,s5
10335,s2
10336,s6
10337,s4
10338,s6
10339,s2
10340,s6
10341,s6
10342,s6
10343,s6
10344,s5
10345,s1
10346,s1
10347,s5
10348,s8
10349,s3
10350,s6
10351,s8
10352,s5
10353,s1
10354,s6
10355,s4
10356,s3
10357,s4
10358,s6
10359,s6
10360,s2
10361,s4
10362,s6
10363,s1
10364,s6
10365,s6
10366,s4
10367,s4
10368,s6
10369,s4
10370,s1
10371,s1
10372,s6
10373,s3
10374,s5
10375,s6
10376,s4
10377,s3
10378,s1
10379,s6
10380,s6
10381,s6
10382,s3
10383,s4
10384,s4
10385,s4
10386,s5
10387,s4
10388,s1
10389,s1
10390,s6
10391,s1
10392,s8
10393,s4
10394,s1
10395,s5
10396,s3
10397,s3
10398,s6
10399,s4
10400,s1
10401,s7
10402,s2
10403,s4
10404,s1
10405,s1
10406,s3
10407,s6
10408,s3
10409,s4
10410,s1
10411,s1
10412,s1
10413,s4
10414,s4
10415,s2
10416,s6
10417,s1
10418,s3
10419,s6
10420,s6
10421,s6
10422,s6
10423,s6
10424,s6
10425,s4
10426,s2
10427,s4
10428,s2
10429,s1
10430,s2
10431,s1
10432,s6
10433,s6
10434,s4
10435,s6
10436,s6
10437,s3
10438,s4
10439,s1
10440,s8
10441,s1
10442,s1
10443,s4
10444,s1
10445,s6
10446,s5
10447,s6
10448,s4
10449,s6
10450,s4
10451,s6
10452,s6
10453,s3
10454,s8
10455,s1
10456,s6
10457,s1
10458,s6
10459,s6
10460,s8
10461,s8
10462,s2
10463,s4
10464,s6
10465,s8
10466,s5
10467,s6
10468,s6
10469,s5
10470,s6
10471,s2
10472,s6
10473,s6
10474,s6
10475,s6
10476,s1
10477,s4
10478,s2
10479,s3
10480,s2
10481,s4
10482,s6
10483,s1
10484,s5
10485,s1
10486,s6
10487,s2
10488,s3
10489,s6
10490,s1
